Timestamp,Status,Recipient,Subject,Note
2026-08-21T03:58:55.370420,SKIPPED,PipHousellc@gmail.com,Daily Lead Pack - 2026-08-21 (256 properties),No GMAIL_APP_PASSWORD set
2026-08-21T03:58:55.430139,SKIPPED,investments@swifthomesolutions.com,Daily Lead Pack - 2026-08-21 (256 properties),No GMAIL_APP_PASSWORD set
2026-08-21T03:58:55.445764,SKIPPED,diamondacquisitions@outlook.com,Daily Lead Pack - 2026-08-21 (256 properties),No GMAIL_APP_PASSWORD set
2026-08-21T03:58:55.635412,SKIPPED,PipHousellc@gmail.com,"Distressed Property Opportunity - 8201 FAIR OAKS XING, DALLAS, T",No GMAIL_APP_PASSWORD set
2026-08-21T03:58:55.725768,SKIPPED,investments@swifthomesolutions.com,"Distressed Property Opportunity - 8201 FAIR OAKS XING, DALLAS, T",No GMAIL_APP_PASSWORD set
2026-08-21T03:58:55.730114,SKIPPED,diamondacquisitions@outlook.com,"Distressed Property Opportunity - 8201 FAIR OAKS XING, DALLAS, T",No GMAIL_APP_PASSWORD set
2026-08-21T03:58:55.747330,SKIPPED,PipHousellc@gmail.com,"Distressed Property Opportunity - 11600 AUDELIA RD, DALLAS, TX, ",No GMAIL_APP_PASSWORD set
2026-08-21T03:58:55.797664,SKIPPED,investments@swifthomesolutions.com,"Distressed Property Opportunity - 11600 AUDELIA RD, DALLAS, TX, ",No GMAIL_APP_PASSWORD set
2026-08-21T03:58:55.801175,SKIPPED,diamondacquisitions@outlook.com,"Distressed Property Opportunity - 11600 AUDELIA RD, DALLAS, TX, ",No GMAIL_APP_PASSWORD set
2026-08-21T03:58:55.865441,SKIPPED,PipHousellc@gmail.com,"Distressed Property Opportunity - 8795 WALNUT HILL LN, DALLAS, T",No GMAIL_APP_PASSWORD set
2026-08-21T03:58:55.868155,SKIPPED,investments@swifthomesolutions.com,"Distressed Property Opportunity - 8795 WALNUT HILL LN, DALLAS, T",No GMAIL_APP_PASSWORD set
2026-08-21T03:58:55.868697,SKIPPED,diamondacquisitions@outlook.com,"Distressed Property Opportunity - 8795 WALNUT HILL LN, DALLAS, T",No GMAIL_APP_PASSWORD set
2026-08-21T03:58:55.880727,SKIPPED,PipHousellc@gmail.com,"Distressed Property Opportunity - 10939 FERNDALE RD, DALLAS, TX,",No GMAIL_APP_PASSWORD set
2026-08-21T03:58:55.946199,SKIPPED,investments@swifthomesolutions.com,"Distressed Property Opportunity - 10939 FERNDALE RD, DALLAS, TX,",No GMAIL_APP_PASSWORD set
2026-08-21T03:58:56.512287,SKIPPED,diamondacquisitions@outlook.com,"Distressed Property Opportunity - 10939 FERNDALE RD, DALLAS, TX,",No GMAIL_APP_PASSWORD set
2026-08-21T03:58:56.530533,SKIPPED,PipHousellc@gmail.com,"Distressed Property Opportunity - 10416 CHURCH RD, DALLAS, TX, 7",No GMAIL_APP_PASSWORD set
2026-08-21T03:58:56.598780,SKIPPED,investments@swifthomesolutions.com,"Distressed Property Opportunity - 10416 CHURCH RD, DALLAS, TX, 7",No GMAIL_APP_PASSWORD set
2026-08-21T03:58:56.611601,SKIPPED,diamondacquisitions@outlook.com,"Distressed Property Opportunity - 10416 CHURCH RD, DALLAS, TX, 7",No GMAIL_APP_PASSWORD set
2026-08-21T03:58:56.613706,SKIPPED,PipHousellc@gmail.com,"Distressed Property Opportunity - 9506 OVERWOOD RD, DALLAS, TX, ",No GMAIL_APP_PASSWORD set
2026-08-21T03:58:56.631877,SKIPPED,investments@swifthomesolutions.com,"Distressed Property Opportunity - 9506 OVERWOOD RD, DALLAS, TX, ",No GMAIL_APP_PASSWORD set
2026-08-21T03:58:56.644397,SKIPPED,diamondacquisitions@outlook.com,"Distressed Property Opportunity - 9506 OVERWOOD RD, DALLAS, TX, ",No GMAIL_APP_PASSWORD set
2026-08-21T03:58:57.252032,SKIPPED,PipHousellc@gmail.com,"Distressed Property Opportunity - 10531 LAS BRISAS DR, DALLAS, T",No GMAIL_APP_PASSWORD set
2026-08-21T03:58:57.435272,SKIPPED,investments@swifthomesolutions.com,"Distressed Property Opportunity - 10531 LAS BRISAS DR, DALLAS, T",No GMAIL_APP_PASSWORD set
2026-08-21T03:58:57.546710,SKIPPED,diamondacquisitions@outlook.com,"Distressed Property Opportunity - 10531 LAS BRISAS DR, DALLAS, T",No GMAIL_APP_PASSWORD set
2026-08-21T03:58:57.692648,SKIPPED,PipHousellc@gmail.com,"Distressed Property Opportunity - PLANO RD & L B J FWY WB, DALLA",No GMAIL_APP_PASSWORD set
2026-08-21T03:58:57.716999,SKIPPED,investments@swifthomesolutions.com,"Distressed Property Opportunity - PLANO RD & L B J FWY WB, DALLA",No GMAIL_APP_PASSWORD set
2026-08-21T03:58:57.726461,SKIPPED,diamondacquisitions@outlook.com,"Distressed Property Opportunity - PLANO RD & L B J FWY WB, DALLA",No GMAIL_APP_PASSWORD set
2026-08-21T03:58:57.744064,SKIPPED,PipHousellc@gmail.com,"Distressed Property Opportunity - 10132 RIDGEHAVEN DR, DALLAS, T",No GMAIL_APP_PASSWORD set
2026-08-21T03:58:57.760548,SKIPPED,investments@swifthomesolutions.com,"Distressed Property Opportunity - 10132 RIDGEHAVEN DR, DALLAS, T",No GMAIL_APP_PASSWORD set
2026-08-21T03:58:57.765546,SKIPPED,diamondacquisitions@outlook.com,"Distressed Property Opportunity - 10132 RIDGEHAVEN DR, DALLAS, T",No GMAIL_APP_PASSWORD set
2026-08-21T03:58:58.012728,SKIPPED,PipHousellc@gmail.com,"Distressed Property Opportunity - 8231 FOREST LN, DALLAS, TX, 75",No GMAIL_APP_PASSWORD set
2026-08-21T03:58:59.058153,SKIPPED,investments@swifthomesolutions.com,"Distressed Property Opportunity - 8231 FOREST LN, DALLAS, TX, 75",No GMAIL_APP_PASSWORD set
2026-08-21T03:58:59.091119,SKIPPED,diamondacquisitions@outlook.com,"Distressed Property Opportunity - 8231 FOREST LN, DALLAS, TX, 75",No GMAIL_APP_PASSWORD set
2026-08-21T03:58:59.097971,SKIPPED,PipHousellc@gmail.com,"Distressed Property Opportunity - 10609 GREYFRIARS LN, DALLAS, T",No GMAIL_APP_PASSWORD set
2026-08-21T03:59:00.647733,SKIPPED,investments@swifthomesolutions.com,"Distressed Property Opportunity - 10609 GREYFRIARS LN, DALLAS, T",No GMAIL_APP_PASSWORD set
2026-08-21T03:59:00.777419,SKIPPED,diamondacquisitions@outlook.com,"Distressed Property Opportunity - 10609 GREYFRIARS LN, DALLAS, T",No GMAIL_APP_PASSWORD set
2026-08-21T03:59:00.911526,SKIPPED,PipHousellc@gmail.com,"Distressed Property Opportunity - 9200 MARKANNE DR, DALLAS, TX, ",No GMAIL_APP_PASSWORD set
2026-08-21T03:59:01.020450,SKIPPED,investments@swifthomesolutions.com,"Distressed Property Opportunity - 9200 MARKANNE DR, DALLAS, TX, ",No GMAIL_APP_PASSWORD set
2026-08-21T03:59:01.025751,SKIPPED,diamondacquisitions@outlook.com,"Distressed Property Opportunity - 9200 MARKANNE DR, DALLAS, TX, ",No GMAIL_APP_PASSWORD set
2026-08-21T03:59:01.056992,SKIPPED,PipHousellc@gmail.com,"Distressed Property Opportunity - 8446 BIRCHCROFT DR, DALLAS, TX",No GMAIL_APP_PASSWORD set
2026-08-21T03:59:01.465123,SKIPPED,investments@swifthomesolutions.com,"Distressed Property Opportunity - 8446 BIRCHCROFT DR, DALLAS, TX",No GMAIL_APP_PASSWORD set
2026-08-21T03:59:01.606486,SKIPPED,diamondacquisitions@outlook.com,"Distressed Property Opportunity - 8446 BIRCHCROFT DR, DALLAS, TX",No GMAIL_APP_PASSWORD set
2026-08-21T03:59:01.679757,SKIPPED,PipHousellc@gmail.com,"Distressed Property Opportunity - 12160 WILLOWDELL DR, DALLAS, T",No GMAIL_APP_PASSWORD set
2026-08-21T03:59:01.826947,SKIPPED,investments@swifthomesolutions.com,"Distressed Property Opportunity - 12160 WILLOWDELL DR, DALLAS, T",No GMAIL_APP_PASSWORD set
2026-08-21T03:59:01.836823,SKIPPED,diamondacquisitions@outlook.com,"Distressed Property Opportunity - 12160 WILLOWDELL DR, DALLAS, T",No GMAIL_APP_PASSWORD set
2026-08-21T03:59:01.842034,SKIPPED,PipHousellc@gmail.com,"Distressed Property Opportunity - 12220 WILLOWDELL DR, DALLAS, T",No GMAIL_APP_PASSWORD set
2026-08-21T03:59:01.847033,SKIPPED,investments@swifthomesolutions.com,"Distressed Property Opportunity - 12220 WILLOWDELL DR, DALLAS, T",No GMAIL_APP_PASSWORD set
2026-08-21T03:59:01.855004,SKIPPED,diamondacquisitions@outlook.com,"Distressed Property Opportunity - 12220 WILLOWDELL DR, DALLAS, T",No GMAIL_APP_PASSWORD set
2026-08-21T07:01:37.336467,SKIPPED,PipHousellc@gmail.com,Daily Lead Pack - 2026-08-21 (256 properties),No GMAIL_APP_PASSWORD set
2026-08-21T07:01:37.426184,SKIPPED,investments@swifthomesolutions.com,Daily Lead Pack - 2026-08-21 (256 properties),No GMAIL_APP_PASSWORD set
2026-08-21T07:01:37.440903,SKIPPED,diamondacquisitions@outlook.com,Daily Lead Pack - 2026-08-21 (256 properties),No GMAIL_APP_PASSWORD set
2026-08-21T07:01:37.446870,SKIPPED,PipHousellc@gmail.com,"Distressed Property Opportunity - 8201 FAIR OAKS XING, DALLAS, T",No GMAIL_APP_PASSWORD set
2026-08-21T07:01:37.449216,SKIPPED,investments@swifthomesolutions.com,"Distressed Property Opportunity - 8201 FAIR OAKS XING, DALLAS, T",No GMAIL_APP_PASSWORD set
2026-08-21T07:01:37.450648,SKIPPED,diamondacquisitions@outlook.com,"Distressed Property Opportunity - 8201 FAIR OAKS XING, DALLAS, T",No GMAIL_APP_PASSWORD set
2026-08-21T07:01:37.452482,SKIPPED,PipHousellc@gmail.com,"Distressed Property Opportunity - 11600 AUDELIA RD, DALLAS, TX, ",No GMAIL_APP_PASSWORD set
2026-08-21T07:01:37.453783,SKIPPED,investments@swifthomesolutions.com,"Distressed Property Opportunity - 11600 AUDELIA RD, DALLAS, TX, ",No GMAIL_APP_PASSWORD set
2026-08-21T07:01:37.457305,SKIPPED,diamondacquisitions@outlook.com,"Distressed Property Opportunity - 11600 AUDELIA RD, DALLAS, TX, ",No GMAIL_APP_PASSWORD set
2026-08-21T07:01:37.459331,SKIPPED,PipHousellc@gmail.com,"Distressed Property Opportunity - 8795 WALNUT HILL LN, DALLAS, T",No GMAIL_APP_PASSWORD set
2026-08-21T07:01:37.460551,SKIPPED,investments@swifthomesolutions.com,"Distressed Property Opportunity - 8795 WALNUT HILL LN, DALLAS, T",No GMAIL_APP_PASSWORD set
2026-08-21T07:01:37.462634,SKIPPED,diamondacquisitions@outlook.com,"Distressed Property Opportunity - 8795 WALNUT HILL LN, DALLAS, T",No GMAIL_APP_PASSWORD set
2026-08-21T07:01:37.463633,SKIPPED,PipHousellc@gmail.com,"Distressed Property Opportunity - 10939 FERNDALE RD, DALLAS, TX,",No GMAIL_APP_PASSWORD set
2026-08-21T07:01:37.464816,SKIPPED,investments@swifthomesolutions.com,"Distressed Property Opportunity - 10939 FERNDALE RD, DALLAS, TX,",No GMAIL_APP_PASSWORD set
2026-08-21T07:01:37.466817,SKIPPED,diamondacquisitions@outlook.com,"Distressed Property Opportunity - 10939 FERNDALE RD, DALLAS, TX,",No GMAIL_APP_PASSWORD set
2026-08-21T07:01:37.467816,SKIPPED,PipHousellc@gmail.com,"Distressed Property Opportunity - 10416 CHURCH RD, DALLAS, TX, 7",No GMAIL_APP_PASSWORD set
2026-08-21T07:01:37.469064,SKIPPED,investments@swifthomesolutions.com,"Distressed Property Opportunity - 10416 CHURCH RD, DALLAS, TX, 7",No GMAIL_APP_PASSWORD set
2026-08-21T07:01:37.470154,SKIPPED,diamondacquisitions@outlook.com,"Distressed Property Opportunity - 10416 CHURCH RD, DALLAS, TX, 7",No GMAIL_APP_PASSWORD set
2026-08-21T07:01:37.471494,SKIPPED,PipHousellc@gmail.com,"Distressed Property Opportunity - 9506 OVERWOOD RD, DALLAS, TX, ",No GMAIL_APP_PASSWORD set
2026-08-21T07:01:37.472872,SKIPPED,investments@swifthomesolutions.com,"Distressed Property Opportunity - 9506 OVERWOOD RD, DALLAS, TX, ",No GMAIL_APP_PASSWORD set
2026-08-21T07:01:37.473861,SKIPPED,diamondacquisitions@outlook.com,"Distressed Property Opportunity - 9506 OVERWOOD RD, DALLAS, TX, ",No GMAIL_APP_PASSWORD set
2026-08-21T07:01:37.500708,SKIPPED,PipHousellc@gmail.com,"Distressed Property Opportunity - 10531 LAS BRISAS DR, DALLAS, T",No GMAIL_APP_PASSWORD set
2026-08-21T07:01:37.504138,SKIPPED,investments@swifthomesolutions.com,"Distressed Property Opportunity - 10531 LAS BRISAS DR, DALLAS, T",No GMAIL_APP_PASSWORD set
2026-08-21T07:01:37.507302,SKIPPED,diamondacquisitions@outlook.com,"Distressed Property Opportunity - 10531 LAS BRISAS DR, DALLAS, T",No GMAIL_APP_PASSWORD set
2026-08-21T07:01:37.511618,SKIPPED,PipHousellc@gmail.com,"Distressed Property Opportunity - PLANO RD & L B J FWY WB, DALLA",No GMAIL_APP_PASSWORD set
2026-08-21T07:01:37.513618,SKIPPED,investments@swifthomesolutions.com,"Distressed Property Opportunity - PLANO RD & L B J FWY WB, DALLA",No GMAIL_APP_PASSWORD set
2026-08-21T07:01:37.516619,SKIPPED,diamondacquisitions@outlook.com,"Distressed Property Opportunity - PLANO RD & L B J FWY WB, DALLA",No GMAIL_APP_PASSWORD set
2026-08-21T07:01:37.517618,SKIPPED,PipHousellc@gmail.com,"Distressed Property Opportunity - 10132 RIDGEHAVEN DR, DALLAS, T",No GMAIL_APP_PASSWORD set
2026-08-21T07:01:37.519619,SKIPPED,investments@swifthomesolutions.com,"Distressed Property Opportunity - 10132 RIDGEHAVEN DR, DALLAS, T",No GMAIL_APP_PASSWORD set
2026-08-21T07:01:37.520621,SKIPPED,diamondacquisitions@outlook.com,"Distressed Property Opportunity - 10132 RIDGEHAVEN DR, DALLAS, T",No GMAIL_APP_PASSWORD set
2026-08-21T07:01:37.522631,SKIPPED,PipHousellc@gmail.com,"Distressed Property Opportunity - 8231 FOREST LN, DALLAS, TX, 75",No GMAIL_APP_PASSWORD set
2026-08-21T07:01:37.523630,SKIPPED,investments@swifthomesolutions.com,"Distressed Property Opportunity - 8231 FOREST LN, DALLAS, TX, 75",No GMAIL_APP_PASSWORD set
2026-08-21T07:01:37.526633,SKIPPED,diamondacquisitions@outlook.com,"Distressed Property Opportunity - 8231 FOREST LN, DALLAS, TX, 75",No GMAIL_APP_PASSWORD set
2026-08-21T07:01:37.528631,SKIPPED,PipHousellc@gmail.com,"Distressed Property Opportunity - 10609 GREYFRIARS LN, DALLAS, T",No GMAIL_APP_PASSWORD set
2026-08-21T07:01:37.530807,SKIPPED,investments@swifthomesolutions.com,"Distressed Property Opportunity - 10609 GREYFRIARS LN, DALLAS, T",No GMAIL_APP_PASSWORD set
2026-08-21T07:01:37.531806,SKIPPED,diamondacquisitions@outlook.com,"Distressed Property Opportunity - 10609 GREYFRIARS LN, DALLAS, T",No GMAIL_APP_PASSWORD set
2026-08-21T07:01:37.533141,SKIPPED,PipHousellc@gmail.com,"Distressed Property Opportunity - 9200 MARKANNE DR, DALLAS, TX, ",No GMAIL_APP_PASSWORD set
2026-08-21T07:01:37.534142,SKIPPED,investments@swifthomesolutions.com,"Distressed Property Opportunity - 9200 MARKANNE DR, DALLAS, TX, ",No GMAIL_APP_PASSWORD set
2026-08-21T07:01:37.536044,SKIPPED,diamondacquisitions@outlook.com,"Distressed Property Opportunity - 9200 MARKANNE DR, DALLAS, TX, ",No GMAIL_APP_PASSWORD set
2026-08-21T07:01:37.537915,SKIPPED,PipHousellc@gmail.com,"Distressed Property Opportunity - 8446 BIRCHCROFT DR, DALLAS, TX",No GMAIL_APP_PASSWORD set
2026-08-21T07:01:37.540331,SKIPPED,investments@swifthomesolutions.com,"Distressed Property Opportunity - 8446 BIRCHCROFT DR, DALLAS, TX",No GMAIL_APP_PASSWORD set
2026-08-21T07:01:37.542331,SKIPPED,diamondacquisitions@outlook.com,"Distressed Property Opportunity - 8446 BIRCHCROFT DR, DALLAS, TX",No GMAIL_APP_PASSWORD set
2026-08-21T07:01:37.544721,SKIPPED,PipHousellc@gmail.com,"Distressed Property Opportunity - 12160 WILLOWDELL DR, DALLAS, T",No GMAIL_APP_PASSWORD set
2026-08-21T07:01:37.546404,SKIPPED,investments@swifthomesolutions.com,"Distressed Property Opportunity - 12160 WILLOWDELL DR, DALLAS, T",No GMAIL_APP_PASSWORD set
2026-08-21T07:01:37.547418,SKIPPED,diamondacquisitions@outlook.com,"Distressed Property Opportunity - 12160 WILLOWDELL DR, DALLAS, T",No GMAIL_APP_PASSWORD set
2026-08-21T07:01:37.549121,SKIPPED,PipHousellc@gmail.com,"Distressed Property Opportunity - 12220 WILLOWDELL DR, DALLAS, T",No GMAIL_APP_PASSWORD set
2026-08-21T07:01:37.551120,SKIPPED,investments@swifthomesolutions.com,"Distressed Property Opportunity - 12220 WILLOWDELL DR, DALLAS, T",No GMAIL_APP_PASSWORD set
2026-08-21T07:01:37.552342,SKIPPED,diamondacquisitions@outlook.com,"Distressed Property Opportunity - 12220 WILLOWDELL DR, DALLAS, T",No GMAIL_APP_PASSWORD set
2026-08-22T17:55:32.662727,SKIPPED,PipHousellc@gmail.com,Daily Lead Pack - 2026-08-22 (256 properties),No GMAIL_APP_PASSWORD set
2026-08-22T17:55:32.678810,SKIPPED,investments@swifthomesolutions.com,Daily Lead Pack - 2026-08-22 (256 properties),No GMAIL_APP_PASSWORD set
2026-08-22T17:55:32.680321,SKIPPED,diamondacquisitions@outlook.com,Daily Lead Pack - 2026-08-22 (256 properties),No GMAIL_APP_PASSWORD set
2026-08-22T17:55:32.684530,SKIPPED,PipHousellc@gmail.com,"Distressed Property Opportunity - 8201 FAIR OAKS XING, DALLAS, T",No GMAIL_APP_PASSWORD set
2026-08-22T17:55:32.691088,SKIPPED,investments@swifthomesolutions.com,"Distressed Property Opportunity - 8201 FAIR OAKS XING, DALLAS, T",No GMAIL_APP_PASSWORD set
2026-08-22T17:55:32.692594,SKIPPED,diamondacquisitions@outlook.com,"Distressed Property Opportunity - 8201 FAIR OAKS XING, DALLAS, T",No GMAIL_APP_PASSWORD set
2026-08-22T17:55:32.695203,SKIPPED,PipHousellc@gmail.com,"Distressed Property Opportunity - 11600 AUDELIA RD, DALLAS, TX, ",No GMAIL_APP_PASSWORD set
2026-08-22T17:55:32.700712,SKIPPED,investments@swifthomesolutions.com,"Distressed Property Opportunity - 11600 AUDELIA RD, DALLAS, TX, ",No GMAIL_APP_PASSWORD set
2026-08-22T17:55:32.708961,SKIPPED,diamondacquisitions@outlook.com,"Distressed Property Opportunity - 11600 AUDELIA RD, DALLAS, TX, ",No GMAIL_APP_PASSWORD set
2026-08-22T17:55:32.710989,SKIPPED,PipHousellc@gmail.com,"Distressed Property Opportunity - 8795 WALNUT HILL LN, DALLAS, T",No GMAIL_APP_PASSWORD set
2026-08-22T17:55:32.712509,SKIPPED,investments@swifthomesolutions.com,"Distressed Property Opportunity - 8795 WALNUT HILL LN, DALLAS, T",No GMAIL_APP_PASSWORD set
2026-08-22T17:55:32.714018,SKIPPED,diamondacquisitions@outlook.com,"Distressed Property Opportunity - 8795 WALNUT HILL LN, DALLAS, T",No GMAIL_APP_PASSWORD set
2026-08-22T17:55:32.716032,SKIPPED,PipHousellc@gmail.com,"Distressed Property Opportunity - 10939 FERNDALE RD, DALLAS, TX,",No GMAIL_APP_PASSWORD set
2026-08-22T17:55:32.720045,SKIPPED,investments@swifthomesolutions.com,"Distressed Property Opportunity - 10939 FERNDALE RD, DALLAS, TX,",No GMAIL_APP_PASSWORD set
2026-08-22T17:55:32.721566,SKIPPED,diamondacquisitions@outlook.com,"Distressed Property Opportunity - 10939 FERNDALE RD, DALLAS, TX,",No GMAIL_APP_PASSWORD set
2026-08-22T17:55:32.724211,SKIPPED,PipHousellc@gmail.com,"Distressed Property Opportunity - 10416 CHURCH RD, DALLAS, TX, 7",No GMAIL_APP_PASSWORD set
2026-08-22T17:55:32.726380,SKIPPED,investments@swifthomesolutions.com,"Distressed Property Opportunity - 10416 CHURCH RD, DALLAS, TX, 7",No GMAIL_APP_PASSWORD set
2026-08-22T17:55:32.728382,SKIPPED,diamondacquisitions@outlook.com,"Distressed Property Opportunity - 10416 CHURCH RD, DALLAS, TX, 7",No GMAIL_APP_PASSWORD set
2026-08-22T17:55:32.731922,SKIPPED,PipHousellc@gmail.com,"Distressed Property Opportunity - 9506 OVERWOOD RD, DALLAS, TX, ",No GMAIL_APP_PASSWORD set
2026-08-22T17:55:32.733905,SKIPPED,investments@swifthomesolutions.com,"Distressed Property Opportunity - 9506 OVERWOOD RD, DALLAS, TX, ",No GMAIL_APP_PASSWORD set
2026-08-22T17:55:32.737940,SKIPPED,diamondacquisitions@outlook.com,"Distressed Property Opportunity - 9506 OVERWOOD RD, DALLAS, TX, ",No GMAIL_APP_PASSWORD set
2026-08-22T17:55:32.741479,SKIPPED,PipHousellc@gmail.com,"Distressed Property Opportunity - 10531 LAS BRISAS DR, DALLAS, T",No GMAIL_APP_PASSWORD set
2026-08-22T17:55:32.742477,SKIPPED,investments@swifthomesolutions.com,"Distressed Property Opportunity - 10531 LAS BRISAS DR, DALLAS, T",No GMAIL_APP_PASSWORD set
2026-08-22T17:55:32.744369,SKIPPED,diamondacquisitions@outlook.com,"Distressed Property Opportunity - 10531 LAS BRISAS DR, DALLAS, T",No GMAIL_APP_PASSWORD set
2026-08-22T17:55:32.745927,SKIPPED,PipHousellc@gmail.com,"Distressed Property Opportunity - PLANO RD & L B J FWY WB, DALLA",No GMAIL_APP_PASSWORD set
2026-08-22T17:55:32.747946,SKIPPED,investments@swifthomesolutions.com,"Distressed Property Opportunity - PLANO RD & L B J FWY WB, DALLA",No GMAIL_APP_PASSWORD set
2026-08-22T17:55:32.748943,SKIPPED,diamondacquisitions@outlook.com,"Distressed Property Opportunity - PLANO RD & L B J FWY WB, DALLA",No GMAIL_APP_PASSWORD set
2026-08-22T17:55:32.752031,SKIPPED,PipHousellc@gmail.com,"Distressed Property Opportunity - 10132 RIDGEHAVEN DR, DALLAS, T",No GMAIL_APP_PASSWORD set
2026-08-22T17:55:32.757596,SKIPPED,investments@swifthomesolutions.com,"Distressed Property Opportunity - 10132 RIDGEHAVEN DR, DALLAS, T",No GMAIL_APP_PASSWORD set
2026-08-22T17:55:32.761120,SKIPPED,diamondacquisitions@outlook.com,"Distressed Property Opportunity - 10132 RIDGEHAVEN DR, DALLAS, T",No GMAIL_APP_PASSWORD set
2026-08-22T17:55:32.763144,SKIPPED,PipHousellc@gmail.com,"Distressed Property Opportunity - 8231 FOREST LN, DALLAS, TX, 75",No GMAIL_APP_PASSWORD set
2026-08-22T17:55:32.765628,SKIPPED,investments@swifthomesolutions.com,"Distressed Property Opportunity - 8231 FOREST LN, DALLAS, TX, 75",No GMAIL_APP_PASSWORD set
2026-08-22T17:55:32.766815,SKIPPED,diamondacquisitions@outlook.com,"Distressed Property Opportunity - 8231 FOREST LN, DALLAS, TX, 75",No GMAIL_APP_PASSWORD set
2026-08-22T17:55:32.771453,SKIPPED,PipHousellc@gmail.com,"Distressed Property Opportunity - 10609 GREYFRIARS LN, DALLAS, T",No GMAIL_APP_PASSWORD set
2026-08-22T17:55:32.774078,SKIPPED,investments@swifthomesolutions.com,"Distressed Property Opportunity - 10609 GREYFRIARS LN, DALLAS, T",No GMAIL_APP_PASSWORD set
2026-08-22T17:55:32.776586,SKIPPED,diamondacquisitions@outlook.com,"Distressed Property Opportunity - 10609 GREYFRIARS LN, DALLAS, T",No GMAIL_APP_PASSWORD set
2026-08-22T17:55:32.783206,SKIPPED,PipHousellc@gmail.com,"Distressed Property Opportunity - 9200 MARKANNE DR, DALLAS, TX, ",No GMAIL_APP_PASSWORD set
2026-08-22T17:55:32.792899,SKIPPED,investments@swifthomesolutions.com,"Distressed Property Opportunity - 9200 MARKANNE DR, DALLAS, TX, ",No GMAIL_APP_PASSWORD set
2026-08-22T17:55:32.795443,SKIPPED,diamondacquisitions@outlook.com,"Distressed Property Opportunity - 9200 MARKANNE DR, DALLAS, TX, ",No GMAIL_APP_PASSWORD set
2026-08-22T17:55:32.797438,SKIPPED,PipHousellc@gmail.com,"Distressed Property Opportunity - 8446 BIRCHCROFT DR, DALLAS, TX",No GMAIL_APP_PASSWORD set
2026-08-22T17:55:32.798950,SKIPPED,investments@swifthomesolutions.com,"Distressed Property Opportunity - 8446 BIRCHCROFT DR, DALLAS, TX",No GMAIL_APP_PASSWORD set
2026-08-22T17:55:32.800976,SKIPPED,diamondacquisitions@outlook.com,"Distressed Property Opportunity - 8446 BIRCHCROFT DR, DALLAS, TX",No GMAIL_APP_PASSWORD set
2026-08-22T17:55:32.807322,SKIPPED,PipHousellc@gmail.com,"Distressed Property Opportunity - 12160 WILLOWDELL DR, DALLAS, T",No GMAIL_APP_PASSWORD set
2026-08-22T17:55:32.809320,SKIPPED,investments@swifthomesolutions.com,"Distressed Property Opportunity - 12160 WILLOWDELL DR, DALLAS, T",No GMAIL_APP_PASSWORD set
2026-08-22T17:55:32.811841,SKIPPED,diamondacquisitions@outlook.com,"Distressed Property Opportunity - 12160 WILLOWDELL DR, DALLAS, T",No GMAIL_APP_PASSWORD set
2026-08-22T17:55:32.813865,SKIPPED,PipHousellc@gmail.com,"Distressed Property Opportunity - 12220 WILLOWDELL DR, DALLAS, T",No GMAIL_APP_PASSWORD set
2026-08-22T17:55:32.815880,SKIPPED,investments@swifthomesolutions.com,"Distressed Property Opportunity - 12220 WILLOWDELL DR, DALLAS, T",No GMAIL_APP_PASSWORD set
2026-08-22T17:55:32.817886,SKIPPED,diamondacquisitions@outlook.com,"Distressed Property Opportunity - 12220 WILLOWDELL DR, DALLAS, T",No GMAIL_APP_PASSWORD set
2026-08-23T13:02:02.888366,SKIPPED,PipHousellc@gmail.com,Daily Lead Pack - 2026-08-23 (256 properties),No GMAIL_APP_PASSWORD set
2026-08-23T13:02:02.893044,SKIPPED,investments@swifthomesolutions.com,Daily Lead Pack - 2026-08-23 (256 properties),No GMAIL_APP_PASSWORD set
2026-08-23T13:02:02.897672,SKIPPED,diamondacquisitions@outlook.com,Daily Lead Pack - 2026-08-23 (256 properties),No GMAIL_APP_PASSWORD set
2026-08-23T13:02:02.919036,SKIPPED,PipHousellc@gmail.com,"Distressed Property Opportunity - 8201 FAIR OAKS XING, DALLAS, T",No GMAIL_APP_PASSWORD set
2026-08-23T13:02:02.923134,SKIPPED,investments@swifthomesolutions.com,"Distressed Property Opportunity - 8201 FAIR OAKS XING, DALLAS, T",No GMAIL_APP_PASSWORD set
2026-08-23T13:02:02.931948,SKIPPED,diamondacquisitions@outlook.com,"Distressed Property Opportunity - 8201 FAIR OAKS XING, DALLAS, T",No GMAIL_APP_PASSWORD set
2026-08-23T13:02:02.942337,SKIPPED,PipHousellc@gmail.com,"Distressed Property Opportunity - 11600 AUDELIA RD, DALLAS, TX, ",No GMAIL_APP_PASSWORD set
2026-08-23T13:02:02.953073,SKIPPED,investments@swifthomesolutions.com,"Distressed Property Opportunity - 11600 AUDELIA RD, DALLAS, TX, ",No GMAIL_APP_PASSWORD set
2026-08-23T13:02:02.955291,SKIPPED,diamondacquisitions@outlook.com,"Distressed Property Opportunity - 11600 AUDELIA RD, DALLAS, TX, ",No GMAIL_APP_PASSWORD set
2026-08-23T13:02:02.959347,SKIPPED,PipHousellc@gmail.com,"Distressed Property Opportunity - 8795 WALNUT HILL LN, DALLAS, T",No GMAIL_APP_PASSWORD set
2026-08-23T13:02:02.962404,SKIPPED,investments@swifthomesolutions.com,"Distressed Property Opportunity - 8795 WALNUT HILL LN, DALLAS, T",No GMAIL_APP_PASSWORD set
2026-08-23T13:02:02.974914,SKIPPED,diamondacquisitions@outlook.com,"Distressed Property Opportunity - 8795 WALNUT HILL LN, DALLAS, T",No GMAIL_APP_PASSWORD set
2026-08-23T13:02:03.010007,SKIPPED,PipHousellc@gmail.com,"Distressed Property Opportunity - 10939 FERNDALE RD, DALLAS, TX,",No GMAIL_APP_PASSWORD set
2026-08-23T13:02:03.031140,SKIPPED,investments@swifthomesolutions.com,"Distressed Property Opportunity - 10939 FERNDALE RD, DALLAS, TX,",No GMAIL_APP_PASSWORD set
2026-08-23T13:02:03.042801,SKIPPED,diamondacquisitions@outlook.com,"Distressed Property Opportunity - 10939 FERNDALE RD, DALLAS, TX,",No GMAIL_APP_PASSWORD set
2026-08-23T13:02:03.058474,SKIPPED,PipHousellc@gmail.com,"Distressed Property Opportunity - 10416 CHURCH RD, DALLAS, TX, 7",No GMAIL_APP_PASSWORD set
2026-08-23T13:02:03.072709,SKIPPED,investments@swifthomesolutions.com,"Distressed Property Opportunity - 10416 CHURCH RD, DALLAS, TX, 7",No GMAIL_APP_PASSWORD set
2026-08-23T13:02:03.074727,SKIPPED,diamondacquisitions@outlook.com,"Distressed Property Opportunity - 10416 CHURCH RD, DALLAS, TX, 7",No GMAIL_APP_PASSWORD set
2026-08-23T13:02:03.076752,SKIPPED,PipHousellc@gmail.com,"Distressed Property Opportunity - 9506 OVERWOOD RD, DALLAS, TX, ",No GMAIL_APP_PASSWORD set
2026-08-23T13:02:03.081231,SKIPPED,investments@swifthomesolutions.com,"Distressed Property Opportunity - 9506 OVERWOOD RD, DALLAS, TX, ",No GMAIL_APP_PASSWORD set
2026-08-23T13:02:03.085287,SKIPPED,diamondacquisitions@outlook.com,"Distressed Property Opportunity - 9506 OVERWOOD RD, DALLAS, TX, ",No GMAIL_APP_PASSWORD set
2026-08-23T13:02:03.087662,SKIPPED,PipHousellc@gmail.com,"Distressed Property Opportunity - 10531 LAS BRISAS DR, DALLAS, T",No GMAIL_APP_PASSWORD set
2026-08-23T13:02:03.090746,SKIPPED,investments@swifthomesolutions.com,"Distressed Property Opportunity - 10531 LAS BRISAS DR, DALLAS, T",No GMAIL_APP_PASSWORD set
2026-08-23T13:02:03.092770,SKIPPED,diamondacquisitions@outlook.com,"Distressed Property Opportunity - 10531 LAS BRISAS DR, DALLAS, T",No GMAIL_APP_PASSWORD set
2026-08-23T13:02:03.097085,SKIPPED,PipHousellc@gmail.com,"Distressed Property Opportunity - PLANO RD & L B J FWY WB, DALLA",No GMAIL_APP_PASSWORD set
2026-08-23T13:02:03.099522,SKIPPED,investments@swifthomesolutions.com,"Distressed Property Opportunity - PLANO RD & L B J FWY WB, DALLA",No GMAIL_APP_PASSWORD set
2026-08-23T13:02:03.101727,SKIPPED,diamondacquisitions@outlook.com,"Distressed Property Opportunity - PLANO RD & L B J FWY WB, DALLA",No GMAIL_APP_PASSWORD set
2026-08-23T13:02:03.103750,SKIPPED,PipHousellc@gmail.com,"Distressed Property Opportunity - 10132 RIDGEHAVEN DR, DALLAS, T",No GMAIL_APP_PASSWORD set
2026-08-23T13:02:03.105515,SKIPPED,investments@swifthomesolutions.com,"Distressed Property Opportunity - 10132 RIDGEHAVEN DR, DALLAS, T",No GMAIL_APP_PASSWORD set
2026-08-23T13:02:03.114621,SKIPPED,diamondacquisitions@outlook.com,"Distressed Property Opportunity - 10132 RIDGEHAVEN DR, DALLAS, T",No GMAIL_APP_PASSWORD set
2026-08-23T13:02:03.125836,SKIPPED,PipHousellc@gmail.com,"Distressed Property Opportunity - 8231 FOREST LN, DALLAS, TX, 75",No GMAIL_APP_PASSWORD set
2026-08-23T13:02:03.127860,SKIPPED,investments@swifthomesolutions.com,"Distressed Property Opportunity - 8231 FOREST LN, DALLAS, TX, 75",No GMAIL_APP_PASSWORD set
2026-08-23T13:02:03.133550,SKIPPED,diamondacquisitions@outlook.com,"Distressed Property Opportunity - 8231 FOREST LN, DALLAS, TX, 75",No GMAIL_APP_PASSWORD set
2026-08-23T13:02:03.136074,SKIPPED,PipHousellc@gmail.com,"Distressed Property Opportunity - 10609 GREYFRIARS LN, DALLAS, T",No GMAIL_APP_PASSWORD set
2026-08-23T13:02:03.138091,SKIPPED,investments@swifthomesolutions.com,"Distressed Property Opportunity - 10609 GREYFRIARS LN, DALLAS, T",No GMAIL_APP_PASSWORD set
2026-08-23T13:02:03.142129,SKIPPED,diamondacquisitions@outlook.com,"Distressed Property Opportunity - 10609 GREYFRIARS LN, DALLAS, T",No GMAIL_APP_PASSWORD set
2026-08-23T13:02:03.146476,SKIPPED,PipHousellc@gmail.com,"Distressed Property Opportunity - 9200 MARKANNE DR, DALLAS, TX, ",No GMAIL_APP_PASSWORD set
2026-08-23T13:02:03.150527,SKIPPED,investments@swifthomesolutions.com,"Distressed Property Opportunity - 9200 MARKANNE DR, DALLAS, TX, ",No GMAIL_APP_PASSWORD set
2026-08-23T13:02:03.152551,SKIPPED,diamondacquisitions@outlook.com,"Distressed Property Opportunity - 9200 MARKANNE DR, DALLAS, TX, ",No GMAIL_APP_PASSWORD set
2026-08-23T13:02:03.155307,SKIPPED,PipHousellc@gmail.com,"Distressed Property Opportunity - 8446 BIRCHCROFT DR, DALLAS, TX",No GMAIL_APP_PASSWORD set
2026-08-23T13:02:03.155307,SKIPPED,investments@swifthomesolutions.com,"Distressed Property Opportunity - 8446 BIRCHCROFT DR, DALLAS, TX",No GMAIL_APP_PASSWORD set
2026-08-23T13:02:03.158881,SKIPPED,diamondacquisitions@outlook.com,"Distressed Property Opportunity - 8446 BIRCHCROFT DR, DALLAS, TX",No GMAIL_APP_PASSWORD set
2026-08-23T13:02:03.158881,SKIPPED,PipHousellc@gmail.com,"Distressed Property Opportunity - 12160 WILLOWDELL DR, DALLAS, T",No GMAIL_APP_PASSWORD set
2026-08-23T13:02:03.162713,SKIPPED,investments@swifthomesolutions.com,"Distressed Property Opportunity - 12160 WILLOWDELL DR, DALLAS, T",No GMAIL_APP_PASSWORD set
2026-08-23T13:02:03.186479,SKIPPED,diamondacquisitions@outlook.com,"Distressed Property Opportunity - 12160 WILLOWDELL DR, DALLAS, T",No GMAIL_APP_PASSWORD set
2026-08-23T13:02:03.188502,SKIPPED,PipHousellc@gmail.com,"Distressed Property Opportunity - 12220 WILLOWDELL DR, DALLAS, T",No GMAIL_APP_PASSWORD set
2026-08-23T13:02:03.192548,SKIPPED,investments@swifthomesolutions.com,"Distressed Property Opportunity - 12220 WILLOWDELL DR, DALLAS, T",No GMAIL_APP_PASSWORD set
2026-08-23T13:02:03.196179,SKIPPED,diamondacquisitions@outlook.com,"Distressed Property Opportunity - 12220 WILLOWDELL DR, DALLAS, T",No GMAIL_APP_PASSWORD set
2026-08-23T13:35:36.244420,SKIPPED,PipHousellc@gmail.com,Daily Lead Pack - 2026-08-23 (256 properties),No GMAIL_APP_PASSWORD set
2026-08-23T13:35:36.246420,SKIPPED,investments@swifthomesolutions.com,Daily Lead Pack - 2026-08-23 (256 properties),No GMAIL_APP_PASSWORD set
2026-08-23T13:35:36.248417,SKIPPED,diamondacquisitions@outlook.com,Daily Lead Pack - 2026-08-23 (256 properties),No GMAIL_APP_PASSWORD set
2026-08-23T13:35:36.287817,SKIPPED,PipHousellc@gmail.com,"Distressed Property Opportunity - 8201 FAIR OAKS XING, DALLAS, T",No GMAIL_APP_PASSWORD set
2026-08-23T13:35:36.293336,SKIPPED,investments@swifthomesolutions.com,"Distressed Property Opportunity - 8201 FAIR OAKS XING, DALLAS, T",No GMAIL_APP_PASSWORD set
2026-08-23T13:35:36.298337,SKIPPED,diamondacquisitions@outlook.com,"Distressed Property Opportunity - 8201 FAIR OAKS XING, DALLAS, T",No GMAIL_APP_PASSWORD set
2026-08-23T13:35:36.307104,SKIPPED,PipHousellc@gmail.com,"Distressed Property Opportunity - 11600 AUDELIA RD, DALLAS, TX, ",No GMAIL_APP_PASSWORD set
2026-08-23T13:35:36.312133,SKIPPED,investments@swifthomesolutions.com,"Distressed Property Opportunity - 11600 AUDELIA RD, DALLAS, TX, ",No GMAIL_APP_PASSWORD set
2026-08-23T13:35:36.322102,SKIPPED,diamondacquisitions@outlook.com,"Distressed Property Opportunity - 11600 AUDELIA RD, DALLAS, TX, ",No GMAIL_APP_PASSWORD set
2026-08-23T13:35:36.329100,SKIPPED,PipHousellc@gmail.com,"Distressed Property Opportunity - 8795 WALNUT HILL LN, DALLAS, T",No GMAIL_APP_PASSWORD set
2026-08-23T13:35:36.347586,SKIPPED,investments@swifthomesolutions.com,"Distressed Property Opportunity - 8795 WALNUT HILL LN, DALLAS, T",No GMAIL_APP_PASSWORD set
2026-08-23T13:35:36.356119,SKIPPED,diamondacquisitions@outlook.com,"Distressed Property Opportunity - 8795 WALNUT HILL LN, DALLAS, T",No GMAIL_APP_PASSWORD set
2026-08-23T13:35:36.364159,SKIPPED,PipHousellc@gmail.com,"Distressed Property Opportunity - 10939 FERNDALE RD, DALLAS, TX,",No GMAIL_APP_PASSWORD set
2026-08-23T13:35:36.380271,SKIPPED,investments@swifthomesolutions.com,"Distressed Property Opportunity - 10939 FERNDALE RD, DALLAS, TX,",No GMAIL_APP_PASSWORD set
2026-08-23T13:35:36.382271,SKIPPED,diamondacquisitions@outlook.com,"Distressed Property Opportunity - 10939 FERNDALE RD, DALLAS, TX,",No GMAIL_APP_PASSWORD set
2026-08-23T13:35:36.395342,SKIPPED,PipHousellc@gmail.com,"Distressed Property Opportunity - 10416 CHURCH RD, DALLAS, TX, 7",No GMAIL_APP_PASSWORD set
2026-08-23T13:35:36.398348,SKIPPED,investments@swifthomesolutions.com,"Distressed Property Opportunity - 10416 CHURCH RD, DALLAS, TX, 7",No GMAIL_APP_PASSWORD set
2026-08-23T13:35:36.408168,SKIPPED,diamondacquisitions@outlook.com,"Distressed Property Opportunity - 10416 CHURCH RD, DALLAS, TX, 7",No GMAIL_APP_PASSWORD set
2026-08-23T13:35:36.410690,SKIPPED,PipHousellc@gmail.com,"Distressed Property Opportunity - 9506 OVERWOOD RD, DALLAS, TX, ",No GMAIL_APP_PASSWORD set
2026-08-23T13:35:36.412963,SKIPPED,investments@swifthomesolutions.com,"Distressed Property Opportunity - 9506 OVERWOOD RD, DALLAS, TX, ",No GMAIL_APP_PASSWORD set
2026-08-23T13:35:36.414962,SKIPPED,diamondacquisitions@outlook.com,"Distressed Property Opportunity - 9506 OVERWOOD RD, DALLAS, TX, ",No GMAIL_APP_PASSWORD set
2026-08-23T13:35:36.416381,SKIPPED,PipHousellc@gmail.com,"Distressed Property Opportunity - 10531 LAS BRISAS DR, DALLAS, T",No GMAIL_APP_PASSWORD set
2026-08-23T13:35:36.421229,SKIPPED,investments@swifthomesolutions.com,"Distressed Property Opportunity - 10531 LAS BRISAS DR, DALLAS, T",No GMAIL_APP_PASSWORD set
2026-08-23T13:35:36.425347,SKIPPED,diamondacquisitions@outlook.com,"Distressed Property Opportunity - 10531 LAS BRISAS DR, DALLAS, T",No GMAIL_APP_PASSWORD set
2026-08-23T13:35:36.429347,SKIPPED,PipHousellc@gmail.com,"Distressed Property Opportunity - PLANO RD & L B J FWY WB, DALLA",No GMAIL_APP_PASSWORD set
2026-08-23T13:35:36.440395,SKIPPED,investments@swifthomesolutions.com,"Distressed Property Opportunity - PLANO RD & L B J FWY WB, DALLA",No GMAIL_APP_PASSWORD set
2026-08-23T13:35:36.447924,SKIPPED,diamondacquisitions@outlook.com,"Distressed Property Opportunity - PLANO RD & L B J FWY WB, DALLA",No GMAIL_APP_PASSWORD set
2026-08-23T13:35:36.455643,SKIPPED,PipHousellc@gmail.com,"Distressed Property Opportunity - 10132 RIDGEHAVEN DR, DALLAS, T",No GMAIL_APP_PASSWORD set
2026-08-23T13:35:36.459643,SKIPPED,investments@swifthomesolutions.com,"Distressed Property Opportunity - 10132 RIDGEHAVEN DR, DALLAS, T",No GMAIL_APP_PASSWORD set
2026-08-23T13:35:36.462150,SKIPPED,diamondacquisitions@outlook.com,"Distressed Property Opportunity - 10132 RIDGEHAVEN DR, DALLAS, T",No GMAIL_APP_PASSWORD set
2026-08-23T13:35:36.471407,SKIPPED,PipHousellc@gmail.com,"Distressed Property Opportunity - 8231 FOREST LN, DALLAS, TX, 75",No GMAIL_APP_PASSWORD set
2026-08-23T13:35:36.478415,SKIPPED,investments@swifthomesolutions.com,"Distressed Property Opportunity - 8231 FOREST LN, DALLAS, TX, 75",No GMAIL_APP_PASSWORD set
2026-08-23T13:35:36.482414,SKIPPED,diamondacquisitions@outlook.com,"Distressed Property Opportunity - 8231 FOREST LN, DALLAS, TX, 75",No GMAIL_APP_PASSWORD set
2026-08-23T13:35:36.489629,SKIPPED,PipHousellc@gmail.com,"Distressed Property Opportunity - 10609 GREYFRIARS LN, DALLAS, T",No GMAIL_APP_PASSWORD set
2026-08-23T13:35:36.493488,SKIPPED,investments@swifthomesolutions.com,"Distressed Property Opportunity - 10609 GREYFRIARS LN, DALLAS, T",No GMAIL_APP_PASSWORD set
2026-08-23T13:35:36.498682,SKIPPED,diamondacquisitions@outlook.com,"Distressed Property Opportunity - 10609 GREYFRIARS LN, DALLAS, T",No GMAIL_APP_PASSWORD set
2026-08-23T13:35:36.503537,SKIPPED,PipHousellc@gmail.com,"Distressed Property Opportunity - 9200 MARKANNE DR, DALLAS, TX, ",No GMAIL_APP_PASSWORD set
2026-08-23T13:35:36.508552,SKIPPED,investments@swifthomesolutions.com,"Distressed Property Opportunity - 9200 MARKANNE DR, DALLAS, TX, ",No GMAIL_APP_PASSWORD set
2026-08-23T13:35:36.511078,SKIPPED,diamondacquisitions@outlook.com,"Distressed Property Opportunity - 9200 MARKANNE DR, DALLAS, TX, ",No GMAIL_APP_PASSWORD set
2026-08-23T13:35:36.514076,SKIPPED,PipHousellc@gmail.com,"Distressed Property Opportunity - 8446 BIRCHCROFT DR, DALLAS, TX",No GMAIL_APP_PASSWORD set
2026-08-23T13:35:36.524909,SKIPPED,investments@swifthomesolutions.com,"Distressed Property Opportunity - 8446 BIRCHCROFT DR, DALLAS, TX",No GMAIL_APP_PASSWORD set
2026-08-23T13:35:36.532948,SKIPPED,diamondacquisitions@outlook.com,"Distressed Property Opportunity - 8446 BIRCHCROFT DR, DALLAS, TX",No GMAIL_APP_PASSWORD set
2026-08-23T13:35:36.541455,SKIPPED,PipHousellc@gmail.com,"Distressed Property Opportunity - 12160 WILLOWDELL DR, DALLAS, T",No GMAIL_APP_PASSWORD set
2026-08-23T13:35:36.546991,SKIPPED,investments@swifthomesolutions.com,"Distressed Property Opportunity - 12160 WILLOWDELL DR, DALLAS, T",No GMAIL_APP_PASSWORD set
2026-08-23T13:35:36.550989,SKIPPED,diamondacquisitions@outlook.com,"Distressed Property Opportunity - 12160 WILLOWDELL DR, DALLAS, T",No GMAIL_APP_PASSWORD set
2026-08-23T13:35:36.556186,SKIPPED,PipHousellc@gmail.com,"Distressed Property Opportunity - 12220 WILLOWDELL DR, DALLAS, T",No GMAIL_APP_PASSWORD set
2026-08-23T13:35:36.560179,SKIPPED,investments@swifthomesolutions.com,"Distressed Property Opportunity - 12220 WILLOWDELL DR, DALLAS, T",No GMAIL_APP_PASSWORD set
2026-08-23T13:35:36.566706,SKIPPED,diamondacquisitions@outlook.com,"Distressed Property Opportunity - 12220 WILLOWDELL DR, DALLAS, T",No GMAIL_APP_PASSWORD set
2026-08-23T18:23:34.272865,SKIPPED,PipHousellc@gmail.com,Daily Lead Pack - 2026-08-23 (256 properties),No GMAIL_APP_PASSWORD set
2026-08-23T18:23:34.275514,SKIPPED,investments@swifthomesolutions.com,Daily Lead Pack - 2026-08-23 (256 properties),No GMAIL_APP_PASSWORD set
2026-08-23T18:23:34.277530,SKIPPED,diamondacquisitions@outlook.com,Daily Lead Pack - 2026-08-23 (256 properties),No GMAIL_APP_PASSWORD set
2026-08-23T18:23:34.281956,SKIPPED,PipHousellc@gmail.com,"Distressed Property Opportunity - 8201 FAIR OAKS XING, DALLAS, T",No GMAIL_APP_PASSWORD set
2026-08-23T18:23:34.283002,SKIPPED,investments@swifthomesolutions.com,"Distressed Property Opportunity - 8201 FAIR OAKS XING, DALLAS, T",No GMAIL_APP_PASSWORD set
2026-08-23T18:23:34.284999,SKIPPED,diamondacquisitions@outlook.com,"Distressed Property Opportunity - 8201 FAIR OAKS XING, DALLAS, T",No GMAIL_APP_PASSWORD set
2026-08-23T18:23:34.286010,SKIPPED,PipHousellc@gmail.com,"Distressed Property Opportunity - 11600 AUDELIA RD, DALLAS, TX, ",No GMAIL_APP_PASSWORD set
2026-08-23T18:23:34.287010,SKIPPED,investments@swifthomesolutions.com,"Distressed Property Opportunity - 11600 AUDELIA RD, DALLAS, TX, ",No GMAIL_APP_PASSWORD set
2026-08-23T18:23:34.288011,SKIPPED,diamondacquisitions@outlook.com,"Distressed Property Opportunity - 11600 AUDELIA RD, DALLAS, TX, ",No GMAIL_APP_PASSWORD set
2026-08-23T18:23:34.291388,SKIPPED,PipHousellc@gmail.com,"Distressed Property Opportunity - 8795 WALNUT HILL LN, DALLAS, T",No GMAIL_APP_PASSWORD set
2026-08-23T18:23:34.292897,SKIPPED,investments@swifthomesolutions.com,"Distressed Property Opportunity - 8795 WALNUT HILL LN, DALLAS, T",No GMAIL_APP_PASSWORD set
2026-08-23T18:23:34.293911,SKIPPED,diamondacquisitions@outlook.com,"Distressed Property Opportunity - 8795 WALNUT HILL LN, DALLAS, T",No GMAIL_APP_PASSWORD set
2026-08-23T18:23:34.294910,SKIPPED,PipHousellc@gmail.com,"Distressed Property Opportunity - 10939 FERNDALE RD, DALLAS, TX,",No GMAIL_APP_PASSWORD set
2026-08-23T18:23:34.296907,SKIPPED,investments@swifthomesolutions.com,"Distressed Property Opportunity - 10939 FERNDALE RD, DALLAS, TX,",No GMAIL_APP_PASSWORD set
2026-08-23T18:23:34.297909,SKIPPED,diamondacquisitions@outlook.com,"Distressed Property Opportunity - 10939 FERNDALE RD, DALLAS, TX,",No GMAIL_APP_PASSWORD set
2026-08-23T18:23:34.299425,SKIPPED,PipHousellc@gmail.com,"Distressed Property Opportunity - 10416 CHURCH RD, DALLAS, TX, 7",No GMAIL_APP_PASSWORD set
2026-08-23T18:23:34.300426,SKIPPED,investments@swifthomesolutions.com,"Distressed Property Opportunity - 10416 CHURCH RD, DALLAS, TX, 7",No GMAIL_APP_PASSWORD set
2026-08-23T18:23:34.302944,SKIPPED,diamondacquisitions@outlook.com,"Distressed Property Opportunity - 10416 CHURCH RD, DALLAS, TX, 7",No GMAIL_APP_PASSWORD set
2026-08-23T18:23:34.303952,SKIPPED,PipHousellc@gmail.com,"Distressed Property Opportunity - 9506 OVERWOOD RD, DALLAS, TX, ",No GMAIL_APP_PASSWORD set
2026-08-23T18:23:34.304955,SKIPPED,investments@swifthomesolutions.com,"Distressed Property Opportunity - 9506 OVERWOOD RD, DALLAS, TX, ",No GMAIL_APP_PASSWORD set
2026-08-23T18:23:34.309033,SKIPPED,diamondacquisitions@outlook.com,"Distressed Property Opportunity - 9506 OVERWOOD RD, DALLAS, TX, ",No GMAIL_APP_PASSWORD set
2026-08-23T18:23:34.310226,SKIPPED,PipHousellc@gmail.com,"Distressed Property Opportunity - 10531 LAS BRISAS DR, DALLAS, T",No GMAIL_APP_PASSWORD set
2026-08-23T18:23:34.312742,SKIPPED,investments@swifthomesolutions.com,"Distressed Property Opportunity - 10531 LAS BRISAS DR, DALLAS, T",No GMAIL_APP_PASSWORD set
2026-08-23T18:23:34.313803,SKIPPED,diamondacquisitions@outlook.com,"Distressed Property Opportunity - 10531 LAS BRISAS DR, DALLAS, T",No GMAIL_APP_PASSWORD set
2026-08-23T18:23:34.315454,SKIPPED,PipHousellc@gmail.com,"Distressed Property Opportunity - PLANO RD & L B J FWY WB, DALLA",No GMAIL_APP_PASSWORD set
2026-08-23T18:23:34.316550,SKIPPED,investments@swifthomesolutions.com,"Distressed Property Opportunity - PLANO RD & L B J FWY WB, DALLA",No GMAIL_APP_PASSWORD set
2026-08-23T18:23:34.318155,SKIPPED,diamondacquisitions@outlook.com,"Distressed Property Opportunity - PLANO RD & L B J FWY WB, DALLA",No GMAIL_APP_PASSWORD set
2026-08-23T18:23:34.319789,SKIPPED,PipHousellc@gmail.com,"Distressed Property Opportunity - 10132 RIDGEHAVEN DR, DALLAS, T",No GMAIL_APP_PASSWORD set
2026-08-23T18:23:34.320324,SKIPPED,investments@swifthomesolutions.com,"Distressed Property Opportunity - 10132 RIDGEHAVEN DR, DALLAS, T",No GMAIL_APP_PASSWORD set
2026-08-23T18:23:34.321392,SKIPPED,diamondacquisitions@outlook.com,"Distressed Property Opportunity - 10132 RIDGEHAVEN DR, DALLAS, T",No GMAIL_APP_PASSWORD set
2026-08-23T18:23:34.323030,SKIPPED,PipHousellc@gmail.com,"Distressed Property Opportunity - 8231 FOREST LN, DALLAS, TX, 75",No GMAIL_APP_PASSWORD set
2026-08-23T18:23:34.324732,SKIPPED,investments@swifthomesolutions.com,"Distressed Property Opportunity - 8231 FOREST LN, DALLAS, TX, 75",No GMAIL_APP_PASSWORD set
2026-08-23T18:23:34.325821,SKIPPED,diamondacquisitions@outlook.com,"Distressed Property Opportunity - 8231 FOREST LN, DALLAS, TX, 75",No GMAIL_APP_PASSWORD set
2026-08-23T18:23:34.327833,SKIPPED,PipHousellc@gmail.com,"Distressed Property Opportunity - 10609 GREYFRIARS LN, DALLAS, T",No GMAIL_APP_PASSWORD set
2026-08-23T18:23:34.331119,SKIPPED,investments@swifthomesolutions.com,"Distressed Property Opportunity - 10609 GREYFRIARS LN, DALLAS, T",No GMAIL_APP_PASSWORD set
2026-08-23T18:23:34.333160,SKIPPED,diamondacquisitions@outlook.com,"Distressed Property Opportunity - 10609 GREYFRIARS LN, DALLAS, T",No GMAIL_APP_PASSWORD set
2026-08-23T18:23:34.334758,SKIPPED,PipHousellc@gmail.com,"Distressed Property Opportunity - 9200 MARKANNE DR, DALLAS, TX, ",No GMAIL_APP_PASSWORD set
2026-08-23T18:23:34.335768,SKIPPED,investments@swifthomesolutions.com,"Distressed Property Opportunity - 9200 MARKANNE DR, DALLAS, TX, ",No GMAIL_APP_PASSWORD set
2026-08-23T18:23:34.337785,SKIPPED,diamondacquisitions@outlook.com,"Distressed Property Opportunity - 9200 MARKANNE DR, DALLAS, TX, ",No GMAIL_APP_PASSWORD set
2026-08-23T18:23:34.338780,SKIPPED,PipHousellc@gmail.com,"Distressed Property Opportunity - 8446 BIRCHCROFT DR, DALLAS, TX",No GMAIL_APP_PASSWORD set
2026-08-23T18:23:34.341439,SKIPPED,investments@swifthomesolutions.com,"Distressed Property Opportunity - 8446 BIRCHCROFT DR, DALLAS, TX",No GMAIL_APP_PASSWORD set
2026-08-23T18:23:34.343040,SKIPPED,diamondacquisitions@outlook.com,"Distressed Property Opportunity - 8446 BIRCHCROFT DR, DALLAS, TX",No GMAIL_APP_PASSWORD set
2026-08-23T18:23:34.345140,SKIPPED,PipHousellc@gmail.com,"Distressed Property Opportunity - 12160 WILLOWDELL DR, DALLAS, T",No GMAIL_APP_PASSWORD set
2026-08-23T18:23:34.347140,SKIPPED,investments@swifthomesolutions.com,"Distressed Property Opportunity - 12160 WILLOWDELL DR, DALLAS, T",No GMAIL_APP_PASSWORD set
2026-08-23T18:23:34.348140,SKIPPED,diamondacquisitions@outlook.com,"Distressed Property Opportunity - 12160 WILLOWDELL DR, DALLAS, T",No GMAIL_APP_PASSWORD set
2026-08-23T18:23:34.349144,SKIPPED,PipHousellc@gmail.com,"Distressed Property Opportunity - 12220 WILLOWDELL DR, DALLAS, T",No GMAIL_APP_PASSWORD set
2026-08-23T18:23:34.350649,SKIPPED,investments@swifthomesolutions.com,"Distressed Property Opportunity - 12220 WILLOWDELL DR, DALLAS, T",No GMAIL_APP_PASSWORD set
2026-08-23T18:23:34.351660,SKIPPED,diamondacquisitions@outlook.com,"Distressed Property Opportunity - 12220 WILLOWDELL DR, DALLAS, T",No GMAIL_APP_PASSWORD set
2026-08-24T13:06:56.677688,SKIPPED,PipHousellc@gmail.com,Daily Lead Pack - 2026-08-24 (256 properties),No GMAIL_APP_PASSWORD set
2026-08-24T13:06:56.745269,SKIPPED,investments@swifthomesolutions.com,Daily Lead Pack - 2026-08-24 (256 properties),No GMAIL_APP_PASSWORD set
2026-08-24T13:06:56.777635,SKIPPED,diamondacquisitions@outlook.com,Daily Lead Pack - 2026-08-24 (256 properties),No GMAIL_APP_PASSWORD set
2026-08-24T13:06:56.818153,SKIPPED,PipHousellc@gmail.com,"Distressed Property Opportunity - 8201 FAIR OAKS XING, DALLAS, T",No GMAIL_APP_PASSWORD set
2026-08-24T13:06:56.836178,SKIPPED,investments@swifthomesolutions.com,"Distressed Property Opportunity - 8201 FAIR OAKS XING, DALLAS, T",No GMAIL_APP_PASSWORD set
2026-08-24T13:06:56.921167,SKIPPED,diamondacquisitions@outlook.com,"Distressed Property Opportunity - 8201 FAIR OAKS XING, DALLAS, T",No GMAIL_APP_PASSWORD set
2026-08-24T13:06:56.970519,SKIPPED,PipHousellc@gmail.com,"Distressed Property Opportunity - 11600 AUDELIA RD, DALLAS, TX, ",No GMAIL_APP_PASSWORD set
2026-08-24T13:06:57.020884,SKIPPED,investments@swifthomesolutions.com,"Distressed Property Opportunity - 11600 AUDELIA RD, DALLAS, TX, ",No GMAIL_APP_PASSWORD set
2026-08-24T13:06:57.079739,SKIPPED,diamondacquisitions@outlook.com,"Distressed Property Opportunity - 11600 AUDELIA RD, DALLAS, TX, ",No GMAIL_APP_PASSWORD set
2026-08-24T13:06:57.218546,SKIPPED,PipHousellc@gmail.com,"Distressed Property Opportunity - 8795 WALNUT HILL LN, DALLAS, T",No GMAIL_APP_PASSWORD set
2026-08-24T13:06:57.333755,SKIPPED,investments@swifthomesolutions.com,"Distressed Property Opportunity - 8795 WALNUT HILL LN, DALLAS, T",No GMAIL_APP_PASSWORD set
2026-08-24T13:06:57.417051,SKIPPED,diamondacquisitions@outlook.com,"Distressed Property Opportunity - 8795 WALNUT HILL LN, DALLAS, T",No GMAIL_APP_PASSWORD set
2026-08-24T13:06:57.459283,SKIPPED,PipHousellc@gmail.com,"Distressed Property Opportunity - 10939 FERNDALE RD, DALLAS, TX,",No GMAIL_APP_PASSWORD set
2026-08-24T13:06:57.503187,SKIPPED,investments@swifthomesolutions.com,"Distressed Property Opportunity - 10939 FERNDALE RD, DALLAS, TX,",No GMAIL_APP_PASSWORD set
2026-08-24T13:06:57.524383,SKIPPED,diamondacquisitions@outlook.com,"Distressed Property Opportunity - 10939 FERNDALE RD, DALLAS, TX,",No GMAIL_APP_PASSWORD set
2026-08-24T13:06:57.541425,SKIPPED,PipHousellc@gmail.com,"Distressed Property Opportunity - 10416 CHURCH RD, DALLAS, TX, 7",No GMAIL_APP_PASSWORD set
2026-08-24T13:06:57.563097,SKIPPED,investments@swifthomesolutions.com,"Distressed Property Opportunity - 10416 CHURCH RD, DALLAS, TX, 7",No GMAIL_APP_PASSWORD set
2026-08-24T13:06:57.583085,SKIPPED,diamondacquisitions@outlook.com,"Distressed Property Opportunity - 10416 CHURCH RD, DALLAS, TX, 7",No GMAIL_APP_PASSWORD set
2026-08-24T13:06:57.592443,SKIPPED,PipHousellc@gmail.com,"Distressed Property Opportunity - 9506 OVERWOOD RD, DALLAS, TX, ",No GMAIL_APP_PASSWORD set
2026-08-24T13:06:57.625342,SKIPPED,investments@swifthomesolutions.com,"Distressed Property Opportunity - 9506 OVERWOOD RD, DALLAS, TX, ",No GMAIL_APP_PASSWORD set
2026-08-24T13:06:57.630265,SKIPPED,diamondacquisitions@outlook.com,"Distressed Property Opportunity - 9506 OVERWOOD RD, DALLAS, TX, ",No GMAIL_APP_PASSWORD set
2026-08-24T13:06:57.638306,SKIPPED,PipHousellc@gmail.com,"Distressed Property Opportunity - 10531 LAS BRISAS DR, DALLAS, T",No GMAIL_APP_PASSWORD set
2026-08-24T13:06:57.651533,SKIPPED,investments@swifthomesolutions.com,"Distressed Property Opportunity - 10531 LAS BRISAS DR, DALLAS, T",No GMAIL_APP_PASSWORD set
2026-08-24T13:06:57.662044,SKIPPED,diamondacquisitions@outlook.com,"Distressed Property Opportunity - 10531 LAS BRISAS DR, DALLAS, T",No GMAIL_APP_PASSWORD set
2026-08-24T13:06:57.682654,SKIPPED,PipHousellc@gmail.com,"Distressed Property Opportunity - PLANO RD & L B J FWY WB, DALLA",No GMAIL_APP_PASSWORD set
2026-08-24T13:06:57.685655,SKIPPED,investments@swifthomesolutions.com,"Distressed Property Opportunity - PLANO RD & L B J FWY WB, DALLA",No GMAIL_APP_PASSWORD set
2026-08-24T13:06:57.687655,SKIPPED,diamondacquisitions@outlook.com,"Distressed Property Opportunity - PLANO RD & L B J FWY WB, DALLA",No GMAIL_APP_PASSWORD set
2026-08-24T13:06:57.704416,SKIPPED,PipHousellc@gmail.com,"Distressed Property Opportunity - 10132 RIDGEHAVEN DR, DALLAS, T",No GMAIL_APP_PASSWORD set
2026-08-24T13:06:57.709586,SKIPPED,investments@swifthomesolutions.com,"Distressed Property Opportunity - 10132 RIDGEHAVEN DR, DALLAS, T",No GMAIL_APP_PASSWORD set
2026-08-24T13:06:57.711815,SKIPPED,diamondacquisitions@outlook.com,"Distressed Property Opportunity - 10132 RIDGEHAVEN DR, DALLAS, T",No GMAIL_APP_PASSWORD set
2026-08-24T13:06:57.714346,SKIPPED,PipHousellc@gmail.com,"Distressed Property Opportunity - 8231 FOREST LN, DALLAS, TX, 75",No GMAIL_APP_PASSWORD set
2026-08-24T13:06:57.716458,SKIPPED,investments@swifthomesolutions.com,"Distressed Property Opportunity - 8231 FOREST LN, DALLAS, TX, 75",No GMAIL_APP_PASSWORD set
2026-08-24T13:06:57.718458,SKIPPED,diamondacquisitions@outlook.com,"Distressed Property Opportunity - 8231 FOREST LN, DALLAS, TX, 75",No GMAIL_APP_PASSWORD set
2026-08-24T13:06:57.720457,SKIPPED,PipHousellc@gmail.com,"Distressed Property Opportunity - 10609 GREYFRIARS LN, DALLAS, T",No GMAIL_APP_PASSWORD set
2026-08-24T13:06:57.742438,SKIPPED,investments@swifthomesolutions.com,"Distressed Property Opportunity - 10609 GREYFRIARS LN, DALLAS, T",No GMAIL_APP_PASSWORD set
2026-08-24T13:06:57.749240,SKIPPED,diamondacquisitions@outlook.com,"Distressed Property Opportunity - 10609 GREYFRIARS LN, DALLAS, T",No GMAIL_APP_PASSWORD set
2026-08-24T13:06:57.758644,SKIPPED,PipHousellc@gmail.com,"Distressed Property Opportunity - 9200 MARKANNE DR, DALLAS, TX, ",No GMAIL_APP_PASSWORD set
2026-08-24T13:06:57.766182,SKIPPED,investments@swifthomesolutions.com,"Distressed Property Opportunity - 9200 MARKANNE DR, DALLAS, TX, ",No GMAIL_APP_PASSWORD set
2026-08-24T13:06:57.773180,SKIPPED,diamondacquisitions@outlook.com,"Distressed Property Opportunity - 9200 MARKANNE DR, DALLAS, TX, ",No GMAIL_APP_PASSWORD set
2026-08-24T13:06:57.775493,SKIPPED,PipHousellc@gmail.com,"Distressed Property Opportunity - 8446 BIRCHCROFT DR, DALLAS, TX",No GMAIL_APP_PASSWORD set
2026-08-24T13:06:57.787863,SKIPPED,investments@swifthomesolutions.com,"Distressed Property Opportunity - 8446 BIRCHCROFT DR, DALLAS, TX",No GMAIL_APP_PASSWORD set
2026-08-24T13:06:57.811127,SKIPPED,diamondacquisitions@outlook.com,"Distressed Property Opportunity - 8446 BIRCHCROFT DR, DALLAS, TX",No GMAIL_APP_PASSWORD set
2026-08-24T13:06:57.822173,SKIPPED,PipHousellc@gmail.com,"Distressed Property Opportunity - 12160 WILLOWDELL DR, DALLAS, T",No GMAIL_APP_PASSWORD set
2026-08-24T13:06:57.836996,SKIPPED,investments@swifthomesolutions.com,"Distressed Property Opportunity - 12160 WILLOWDELL DR, DALLAS, T",No GMAIL_APP_PASSWORD set
2026-08-24T13:06:57.854459,SKIPPED,diamondacquisitions@outlook.com,"Distressed Property Opportunity - 12160 WILLOWDELL DR, DALLAS, T",No GMAIL_APP_PASSWORD set
2026-08-24T13:06:57.863270,SKIPPED,PipHousellc@gmail.com,"Distressed Property Opportunity - 12220 WILLOWDELL DR, DALLAS, T",No GMAIL_APP_PASSWORD set
2026-08-24T13:06:57.883189,SKIPPED,investments@swifthomesolutions.com,"Distressed Property Opportunity - 12220 WILLOWDELL DR, DALLAS, T",No GMAIL_APP_PASSWORD set
2026-08-24T13:06:57.893135,SKIPPED,diamondacquisitions@outlook.com,"Distressed Property Opportunity - 12220 WILLOWDELL DR, DALLAS, T",No GMAIL_APP_PASSWORD set
2026-08-24T18:41:30.910621,SKIPPED,PipHousellc@gmail.com,Daily Lead Pack - 2026-08-24 (256 properties),No GMAIL_APP_PASSWORD set
2026-08-24T18:41:30.915290,SKIPPED,investments@swifthomesolutions.com,Daily Lead Pack - 2026-08-24 (256 properties),No GMAIL_APP_PASSWORD set
2026-08-24T18:41:30.917289,SKIPPED,diamondacquisitions@outlook.com,Daily Lead Pack - 2026-08-24 (256 properties),No GMAIL_APP_PASSWORD set
2026-08-24T18:41:30.921292,SKIPPED,PipHousellc@gmail.com,"Distressed Property Opportunity - 8201 FAIR OAKS XING, DALLAS, T",No GMAIL_APP_PASSWORD set
2026-08-24T18:41:30.924701,SKIPPED,investments@swifthomesolutions.com,"Distressed Property Opportunity - 8201 FAIR OAKS XING, DALLAS, T",No GMAIL_APP_PASSWORD set
2026-08-24T18:41:30.926686,SKIPPED,diamondacquisitions@outlook.com,"Distressed Property Opportunity - 8201 FAIR OAKS XING, DALLAS, T",No GMAIL_APP_PASSWORD set
2026-08-24T18:41:30.932134,SKIPPED,PipHousellc@gmail.com,"Distressed Property Opportunity - 11600 AUDELIA RD, DALLAS, TX, ",No GMAIL_APP_PASSWORD set
2026-08-24T18:41:30.934658,SKIPPED,investments@swifthomesolutions.com,"Distressed Property Opportunity - 11600 AUDELIA RD, DALLAS, TX, ",No GMAIL_APP_PASSWORD set
2026-08-24T18:41:30.936658,SKIPPED,diamondacquisitions@outlook.com,"Distressed Property Opportunity - 11600 AUDELIA RD, DALLAS, TX, ",No GMAIL_APP_PASSWORD set
2026-08-24T18:41:30.950714,SKIPPED,PipHousellc@gmail.com,"Distressed Property Opportunity - 8795 WALNUT HILL LN, DALLAS, T",No GMAIL_APP_PASSWORD set
2026-08-24T18:41:30.952894,SKIPPED,investments@swifthomesolutions.com,"Distressed Property Opportunity - 8795 WALNUT HILL LN, DALLAS, T",No GMAIL_APP_PASSWORD set
2026-08-24T18:41:30.954893,SKIPPED,diamondacquisitions@outlook.com,"Distressed Property Opportunity - 8795 WALNUT HILL LN, DALLAS, T",No GMAIL_APP_PASSWORD set
2026-08-24T18:41:30.955893,SKIPPED,PipHousellc@gmail.com,"Distressed Property Opportunity - 10939 FERNDALE RD, DALLAS, TX,",No GMAIL_APP_PASSWORD set
2026-08-24T18:41:30.957890,SKIPPED,investments@swifthomesolutions.com,"Distressed Property Opportunity - 10939 FERNDALE RD, DALLAS, TX,",No GMAIL_APP_PASSWORD set
2026-08-24T18:41:30.958893,SKIPPED,diamondacquisitions@outlook.com,"Distressed Property Opportunity - 10939 FERNDALE RD, DALLAS, TX,",No GMAIL_APP_PASSWORD set
2026-08-24T18:41:30.960890,SKIPPED,PipHousellc@gmail.com,"Distressed Property Opportunity - 10416 CHURCH RD, DALLAS, TX, 7",No GMAIL_APP_PASSWORD set
2026-08-24T18:41:30.963422,SKIPPED,investments@swifthomesolutions.com,"Distressed Property Opportunity - 10416 CHURCH RD, DALLAS, TX, 7",No GMAIL_APP_PASSWORD set
2026-08-24T18:41:30.965420,SKIPPED,diamondacquisitions@outlook.com,"Distressed Property Opportunity - 10416 CHURCH RD, DALLAS, TX, 7",No GMAIL_APP_PASSWORD set
2026-08-24T18:41:30.967417,SKIPPED,PipHousellc@gmail.com,"Distressed Property Opportunity - 9506 OVERWOOD RD, DALLAS, TX, ",No GMAIL_APP_PASSWORD set
2026-08-24T18:41:30.968765,SKIPPED,investments@swifthomesolutions.com,"Distressed Property Opportunity - 9506 OVERWOOD RD, DALLAS, TX, ",No GMAIL_APP_PASSWORD set
2026-08-24T18:41:30.970675,SKIPPED,diamondacquisitions@outlook.com,"Distressed Property Opportunity - 9506 OVERWOOD RD, DALLAS, TX, ",No GMAIL_APP_PASSWORD set
2026-08-24T18:41:30.971668,SKIPPED,PipHousellc@gmail.com,"Distressed Property Opportunity - 10531 LAS BRISAS DR, DALLAS, T",No GMAIL_APP_PASSWORD set
2026-08-24T18:41:30.973090,SKIPPED,investments@swifthomesolutions.com,"Distressed Property Opportunity - 10531 LAS BRISAS DR, DALLAS, T",No GMAIL_APP_PASSWORD set
2026-08-24T18:41:30.975125,SKIPPED,diamondacquisitions@outlook.com,"Distressed Property Opportunity - 10531 LAS BRISAS DR, DALLAS, T",No GMAIL_APP_PASSWORD set
2026-08-24T18:41:30.976118,SKIPPED,PipHousellc@gmail.com,"Distressed Property Opportunity - PLANO RD & L B J FWY WB, DALLA",No GMAIL_APP_PASSWORD set
2026-08-24T18:41:30.977146,SKIPPED,investments@swifthomesolutions.com,"Distressed Property Opportunity - PLANO RD & L B J FWY WB, DALLA",No GMAIL_APP_PASSWORD set
2026-08-24T18:41:30.979934,SKIPPED,diamondacquisitions@outlook.com,"Distressed Property Opportunity - PLANO RD & L B J FWY WB, DALLA",No GMAIL_APP_PASSWORD set
2026-08-24T18:41:30.980932,SKIPPED,PipHousellc@gmail.com,"Distressed Property Opportunity - 10132 RIDGEHAVEN DR, DALLAS, T",No GMAIL_APP_PASSWORD set
2026-08-24T18:41:30.983370,SKIPPED,investments@swifthomesolutions.com,"Distressed Property Opportunity - 10132 RIDGEHAVEN DR, DALLAS, T",No GMAIL_APP_PASSWORD set
2026-08-24T18:41:30.985967,SKIPPED,diamondacquisitions@outlook.com,"Distressed Property Opportunity - 10132 RIDGEHAVEN DR, DALLAS, T",No GMAIL_APP_PASSWORD set
2026-08-24T18:41:30.989544,SKIPPED,PipHousellc@gmail.com,"Distressed Property Opportunity - 8231 FOREST LN, DALLAS, TX, 75",No GMAIL_APP_PASSWORD set
2026-08-24T18:41:30.993542,SKIPPED,investments@swifthomesolutions.com,"Distressed Property Opportunity - 8231 FOREST LN, DALLAS, TX, 75",No GMAIL_APP_PASSWORD set
2026-08-24T18:41:30.995542,SKIPPED,diamondacquisitions@outlook.com,"Distressed Property Opportunity - 8231 FOREST LN, DALLAS, TX, 75",No GMAIL_APP_PASSWORD set
2026-08-24T18:41:30.997576,SKIPPED,PipHousellc@gmail.com,"Distressed Property Opportunity - 10609 GREYFRIARS LN, DALLAS, T",No GMAIL_APP_PASSWORD set
2026-08-24T18:41:30.999576,SKIPPED,investments@swifthomesolutions.com,"Distressed Property Opportunity - 10609 GREYFRIARS LN, DALLAS, T",No GMAIL_APP_PASSWORD set
2026-08-24T18:41:31.009788,SKIPPED,diamondacquisitions@outlook.com,"Distressed Property Opportunity - 10609 GREYFRIARS LN, DALLAS, T",No GMAIL_APP_PASSWORD set
2026-08-24T18:41:31.012299,SKIPPED,PipHousellc@gmail.com,"Distressed Property Opportunity - 9200 MARKANNE DR, DALLAS, TX, ",No GMAIL_APP_PASSWORD set
2026-08-24T18:41:31.014315,SKIPPED,investments@swifthomesolutions.com,"Distressed Property Opportunity - 9200 MARKANNE DR, DALLAS, TX, ",No GMAIL_APP_PASSWORD set
2026-08-24T18:41:31.016311,SKIPPED,diamondacquisitions@outlook.com,"Distressed Property Opportunity - 9200 MARKANNE DR, DALLAS, TX, ",No GMAIL_APP_PASSWORD set
2026-08-24T18:41:31.018618,SKIPPED,PipHousellc@gmail.com,"Distressed Property Opportunity - 8446 BIRCHCROFT DR, DALLAS, TX",No GMAIL_APP_PASSWORD set
2026-08-24T18:41:31.020631,SKIPPED,investments@swifthomesolutions.com,"Distressed Property Opportunity - 8446 BIRCHCROFT DR, DALLAS, TX",No GMAIL_APP_PASSWORD set
2026-08-24T18:41:31.021633,SKIPPED,diamondacquisitions@outlook.com,"Distressed Property Opportunity - 8446 BIRCHCROFT DR, DALLAS, TX",No GMAIL_APP_PASSWORD set
2026-08-24T18:41:31.024089,SKIPPED,PipHousellc@gmail.com,"Distressed Property Opportunity - 12160 WILLOWDELL DR, DALLAS, T",No GMAIL_APP_PASSWORD set
2026-08-24T18:41:31.025087,SKIPPED,investments@swifthomesolutions.com,"Distressed Property Opportunity - 12160 WILLOWDELL DR, DALLAS, T",No GMAIL_APP_PASSWORD set
2026-08-24T18:41:31.026598,SKIPPED,diamondacquisitions@outlook.com,"Distressed Property Opportunity - 12160 WILLOWDELL DR, DALLAS, T",No GMAIL_APP_PASSWORD set
2026-08-24T18:41:31.028608,SKIPPED,PipHousellc@gmail.com,"Distressed Property Opportunity - 12220 WILLOWDELL DR, DALLAS, T",No GMAIL_APP_PASSWORD set
2026-08-24T18:41:31.031941,SKIPPED,investments@swifthomesolutions.com,"Distressed Property Opportunity - 12220 WILLOWDELL DR, DALLAS, T",No GMAIL_APP_PASSWORD set
2026-08-24T18:41:31.032939,SKIPPED,diamondacquisitions@outlook.com,"Distressed Property Opportunity - 12220 WILLOWDELL DR, DALLAS, T",No GMAIL_APP_PASSWORD set
2026-08-24T20:43:17.890679,SKIPPED,PipHousellc@gmail.com,Daily Lead Pack - 2026-08-24 (256 properties),No GMAIL_APP_PASSWORD set
2026-08-24T20:43:17.922667,SKIPPED,investments@swifthomesolutions.com,Daily Lead Pack - 2026-08-24 (256 properties),No GMAIL_APP_PASSWORD set
2026-08-24T20:43:17.931489,SKIPPED,diamondacquisitions@outlook.com,Daily Lead Pack - 2026-08-24 (256 properties),No GMAIL_APP_PASSWORD set
2026-08-24T20:43:17.951469,SKIPPED,PipHousellc@gmail.com,"Distressed Property Opportunity - 8201 FAIR OAKS XING, DALLAS, T",No GMAIL_APP_PASSWORD set
2026-08-24T20:43:17.963504,SKIPPED,investments@swifthomesolutions.com,"Distressed Property Opportunity - 8201 FAIR OAKS XING, DALLAS, T",No GMAIL_APP_PASSWORD set
2026-08-24T20:43:17.976401,SKIPPED,diamondacquisitions@outlook.com,"Distressed Property Opportunity - 8201 FAIR OAKS XING, DALLAS, T",No GMAIL_APP_PASSWORD set
2026-08-24T20:43:17.982019,SKIPPED,PipHousellc@gmail.com,"Distressed Property Opportunity - 11600 AUDELIA RD, DALLAS, TX, ",No GMAIL_APP_PASSWORD set
2026-08-24T20:43:17.986562,SKIPPED,investments@swifthomesolutions.com,"Distressed Property Opportunity - 11600 AUDELIA RD, DALLAS, TX, ",No GMAIL_APP_PASSWORD set
2026-08-24T20:43:18.056159,SKIPPED,diamondacquisitions@outlook.com,"Distressed Property Opportunity - 11600 AUDELIA RD, DALLAS, TX, ",No GMAIL_APP_PASSWORD set
2026-08-24T20:43:18.087115,SKIPPED,PipHousellc@gmail.com,"Distressed Property Opportunity - 8795 WALNUT HILL LN, DALLAS, T",No GMAIL_APP_PASSWORD set
2026-08-24T20:43:18.105201,SKIPPED,investments@swifthomesolutions.com,"Distressed Property Opportunity - 8795 WALNUT HILL LN, DALLAS, T",No GMAIL_APP_PASSWORD set
2026-08-24T20:43:18.135606,SKIPPED,diamondacquisitions@outlook.com,"Distressed Property Opportunity - 8795 WALNUT HILL LN, DALLAS, T",No GMAIL_APP_PASSWORD set
2026-08-24T20:43:18.185570,SKIPPED,PipHousellc@gmail.com,"Distressed Property Opportunity - 10939 FERNDALE RD, DALLAS, TX,",No GMAIL_APP_PASSWORD set
2026-08-24T20:43:18.217224,SKIPPED,investments@swifthomesolutions.com,"Distressed Property Opportunity - 10939 FERNDALE RD, DALLAS, TX,",No GMAIL_APP_PASSWORD set
2026-08-24T20:43:18.223897,SKIPPED,diamondacquisitions@outlook.com,"Distressed Property Opportunity - 10939 FERNDALE RD, DALLAS, TX,",No GMAIL_APP_PASSWORD set
2026-08-24T20:43:18.229282,SKIPPED,PipHousellc@gmail.com,"Distressed Property Opportunity - 10416 CHURCH RD, DALLAS, TX, 7",No GMAIL_APP_PASSWORD set
2026-08-24T20:43:18.247728,SKIPPED,investments@swifthomesolutions.com,"Distressed Property Opportunity - 10416 CHURCH RD, DALLAS, TX, 7",No GMAIL_APP_PASSWORD set
2026-08-24T20:43:18.257181,SKIPPED,diamondacquisitions@outlook.com,"Distressed Property Opportunity - 10416 CHURCH RD, DALLAS, TX, 7",No GMAIL_APP_PASSWORD set
2026-08-24T20:43:18.265627,SKIPPED,PipHousellc@gmail.com,"Distressed Property Opportunity - 9506 OVERWOOD RD, DALLAS, TX, ",No GMAIL_APP_PASSWORD set
2026-08-24T20:43:18.272776,SKIPPED,investments@swifthomesolutions.com,"Distressed Property Opportunity - 9506 OVERWOOD RD, DALLAS, TX, ",No GMAIL_APP_PASSWORD set
2026-08-24T20:43:18.278251,SKIPPED,diamondacquisitions@outlook.com,"Distressed Property Opportunity - 9506 OVERWOOD RD, DALLAS, TX, ",No GMAIL_APP_PASSWORD set
2026-08-24T20:43:18.282323,SKIPPED,PipHousellc@gmail.com,"Distressed Property Opportunity - 10531 LAS BRISAS DR, DALLAS, T",No GMAIL_APP_PASSWORD set
2026-08-24T20:43:18.284324,SKIPPED,investments@swifthomesolutions.com,"Distressed Property Opportunity - 10531 LAS BRISAS DR, DALLAS, T",No GMAIL_APP_PASSWORD set
2026-08-24T20:43:18.287322,SKIPPED,diamondacquisitions@outlook.com,"Distressed Property Opportunity - 10531 LAS BRISAS DR, DALLAS, T",No GMAIL_APP_PASSWORD set
2026-08-24T20:43:18.295858,SKIPPED,PipHousellc@gmail.com,"Distressed Property Opportunity - PLANO RD & L B J FWY WB, DALLA",No GMAIL_APP_PASSWORD set
2026-08-24T20:43:18.302852,SKIPPED,investments@swifthomesolutions.com,"Distressed Property Opportunity - PLANO RD & L B J FWY WB, DALLA",No GMAIL_APP_PASSWORD set
2026-08-24T20:43:18.317532,SKIPPED,diamondacquisitions@outlook.com,"Distressed Property Opportunity - PLANO RD & L B J FWY WB, DALLA",No GMAIL_APP_PASSWORD set
2026-08-24T20:43:18.321075,SKIPPED,PipHousellc@gmail.com,"Distressed Property Opportunity - 10132 RIDGEHAVEN DR, DALLAS, T",No GMAIL_APP_PASSWORD set
2026-08-24T20:43:18.325075,SKIPPED,investments@swifthomesolutions.com,"Distressed Property Opportunity - 10132 RIDGEHAVEN DR, DALLAS, T",No GMAIL_APP_PASSWORD set
2026-08-24T20:43:18.348816,SKIPPED,diamondacquisitions@outlook.com,"Distressed Property Opportunity - 10132 RIDGEHAVEN DR, DALLAS, T",No GMAIL_APP_PASSWORD set
2026-08-24T20:43:18.423127,SKIPPED,PipHousellc@gmail.com,"Distressed Property Opportunity - 8231 FOREST LN, DALLAS, TX, 75",No GMAIL_APP_PASSWORD set
2026-08-24T20:43:18.482121,SKIPPED,investments@swifthomesolutions.com,"Distressed Property Opportunity - 8231 FOREST LN, DALLAS, TX, 75",No GMAIL_APP_PASSWORD set
2026-08-24T20:43:18.490870,SKIPPED,diamondacquisitions@outlook.com,"Distressed Property Opportunity - 8231 FOREST LN, DALLAS, TX, 75",No GMAIL_APP_PASSWORD set
2026-08-24T20:43:18.502431,SKIPPED,PipHousellc@gmail.com,"Distressed Property Opportunity - 10609 GREYFRIARS LN, DALLAS, T",No GMAIL_APP_PASSWORD set
2026-08-24T20:43:18.506961,SKIPPED,investments@swifthomesolutions.com,"Distressed Property Opportunity - 10609 GREYFRIARS LN, DALLAS, T",No GMAIL_APP_PASSWORD set
2026-08-24T20:43:18.509587,SKIPPED,diamondacquisitions@outlook.com,"Distressed Property Opportunity - 10609 GREYFRIARS LN, DALLAS, T",No GMAIL_APP_PASSWORD set
2026-08-24T20:43:18.513603,SKIPPED,PipHousellc@gmail.com,"Distressed Property Opportunity - 9200 MARKANNE DR, DALLAS, TX, ",No GMAIL_APP_PASSWORD set
2026-08-24T20:43:18.516604,SKIPPED,investments@swifthomesolutions.com,"Distressed Property Opportunity - 9200 MARKANNE DR, DALLAS, TX, ",No GMAIL_APP_PASSWORD set
2026-08-24T20:43:18.520605,SKIPPED,diamondacquisitions@outlook.com,"Distressed Property Opportunity - 9200 MARKANNE DR, DALLAS, TX, ",No GMAIL_APP_PASSWORD set
2026-08-24T20:43:18.529794,SKIPPED,PipHousellc@gmail.com,"Distressed Property Opportunity - 8446 BIRCHCROFT DR, DALLAS, TX",No GMAIL_APP_PASSWORD set
2026-08-24T20:43:18.532793,SKIPPED,investments@swifthomesolutions.com,"Distressed Property Opportunity - 8446 BIRCHCROFT DR, DALLAS, TX",No GMAIL_APP_PASSWORD set
2026-08-24T20:43:18.536077,SKIPPED,diamondacquisitions@outlook.com,"Distressed Property Opportunity - 8446 BIRCHCROFT DR, DALLAS, TX",No GMAIL_APP_PASSWORD set
2026-08-24T20:43:18.539622,SKIPPED,PipHousellc@gmail.com,"Distressed Property Opportunity - 12160 WILLOWDELL DR, DALLAS, T",No GMAIL_APP_PASSWORD set
2026-08-24T20:43:18.544492,SKIPPED,investments@swifthomesolutions.com,"Distressed Property Opportunity - 12160 WILLOWDELL DR, DALLAS, T",No GMAIL_APP_PASSWORD set
2026-08-24T20:43:18.555534,SKIPPED,diamondacquisitions@outlook.com,"Distressed Property Opportunity - 12160 WILLOWDELL DR, DALLAS, T",No GMAIL_APP_PASSWORD set
2026-08-24T20:43:18.571688,SKIPPED,PipHousellc@gmail.com,"Distressed Property Opportunity - 12220 WILLOWDELL DR, DALLAS, T",No GMAIL_APP_PASSWORD set
2026-08-24T20:43:18.574685,SKIPPED,investments@swifthomesolutions.com,"Distressed Property Opportunity - 12220 WILLOWDELL DR, DALLAS, T",No GMAIL_APP_PASSWORD set
2026-08-24T20:43:18.576841,SKIPPED,diamondacquisitions@outlook.com,"Distressed Property Opportunity - 12220 WILLOWDELL DR, DALLAS, T",No GMAIL_APP_PASSWORD set
2026-08-24T22:11:16.355587,SKIPPED,PipHousellc@gmail.com,Daily Lead Pack - 2026-08-24 (256 properties),No GMAIL_APP_PASSWORD set
2026-08-24T22:11:16.364948,SKIPPED,investments@swifthomesolutions.com,Daily Lead Pack - 2026-08-24 (256 properties),No GMAIL_APP_PASSWORD set
2026-08-24T22:11:16.367109,SKIPPED,diamondacquisitions@outlook.com,Daily Lead Pack - 2026-08-24 (256 properties),No GMAIL_APP_PASSWORD set
2026-08-24T22:11:16.394893,SKIPPED,PipHousellc@gmail.com,"Distressed Property Opportunity - 8201 FAIR OAKS XING, DALLAS, T",No GMAIL_APP_PASSWORD set
2026-08-24T22:11:16.451441,SKIPPED,investments@swifthomesolutions.com,"Distressed Property Opportunity - 8201 FAIR OAKS XING, DALLAS, T",No GMAIL_APP_PASSWORD set
2026-08-24T22:11:16.487291,SKIPPED,diamondacquisitions@outlook.com,"Distressed Property Opportunity - 8201 FAIR OAKS XING, DALLAS, T",No GMAIL_APP_PASSWORD set
2026-08-24T22:11:16.501447,SKIPPED,PipHousellc@gmail.com,"Distressed Property Opportunity - 11600 AUDELIA RD, DALLAS, TX, ",No GMAIL_APP_PASSWORD set
2026-08-24T22:11:16.504678,SKIPPED,investments@swifthomesolutions.com,"Distressed Property Opportunity - 11600 AUDELIA RD, DALLAS, TX, ",No GMAIL_APP_PASSWORD set
2026-08-24T22:11:16.506698,SKIPPED,diamondacquisitions@outlook.com,"Distressed Property Opportunity - 11600 AUDELIA RD, DALLAS, TX, ",No GMAIL_APP_PASSWORD set
2026-08-24T22:11:16.526468,SKIPPED,PipHousellc@gmail.com,"Distressed Property Opportunity - 8795 WALNUT HILL LN, DALLAS, T",No GMAIL_APP_PASSWORD set
2026-08-24T22:11:16.529387,SKIPPED,investments@swifthomesolutions.com,"Distressed Property Opportunity - 8795 WALNUT HILL LN, DALLAS, T",No GMAIL_APP_PASSWORD set
2026-08-24T22:11:16.651319,SKIPPED,diamondacquisitions@outlook.com,"Distressed Property Opportunity - 8795 WALNUT HILL LN, DALLAS, T",No GMAIL_APP_PASSWORD set
2026-08-24T22:11:16.667934,SKIPPED,PipHousellc@gmail.com,"Distressed Property Opportunity - 10939 FERNDALE RD, DALLAS, TX,",No GMAIL_APP_PASSWORD set
2026-08-24T22:11:16.726969,SKIPPED,investments@swifthomesolutions.com,"Distressed Property Opportunity - 10939 FERNDALE RD, DALLAS, TX,",No GMAIL_APP_PASSWORD set
2026-08-24T22:11:16.737379,SKIPPED,diamondacquisitions@outlook.com,"Distressed Property Opportunity - 10939 FERNDALE RD, DALLAS, TX,",No GMAIL_APP_PASSWORD set
2026-08-24T22:11:16.801927,SKIPPED,PipHousellc@gmail.com,"Distressed Property Opportunity - 10416 CHURCH RD, DALLAS, TX, 7",No GMAIL_APP_PASSWORD set
2026-08-24T22:11:16.807038,SKIPPED,investments@swifthomesolutions.com,"Distressed Property Opportunity - 10416 CHURCH RD, DALLAS, TX, 7",No GMAIL_APP_PASSWORD set
2026-08-24T22:11:16.815721,SKIPPED,diamondacquisitions@outlook.com,"Distressed Property Opportunity - 10416 CHURCH RD, DALLAS, TX, 7",No GMAIL_APP_PASSWORD set
2026-08-24T22:11:16.824894,SKIPPED,PipHousellc@gmail.com,"Distressed Property Opportunity - 9506 OVERWOOD RD, DALLAS, TX, ",No GMAIL_APP_PASSWORD set
2026-08-24T22:11:16.866459,SKIPPED,investments@swifthomesolutions.com,"Distressed Property Opportunity - 9506 OVERWOOD RD, DALLAS, TX, ",No GMAIL_APP_PASSWORD set
2026-08-24T22:11:16.876610,SKIPPED,diamondacquisitions@outlook.com,"Distressed Property Opportunity - 9506 OVERWOOD RD, DALLAS, TX, ",No GMAIL_APP_PASSWORD set
2026-08-24T22:11:16.900995,SKIPPED,PipHousellc@gmail.com,"Distressed Property Opportunity - 10531 LAS BRISAS DR, DALLAS, T",No GMAIL_APP_PASSWORD set
2026-08-24T22:11:17.278678,SKIPPED,investments@swifthomesolutions.com,"Distressed Property Opportunity - 10531 LAS BRISAS DR, DALLAS, T",No GMAIL_APP_PASSWORD set
2026-08-24T22:11:17.334109,SKIPPED,diamondacquisitions@outlook.com,"Distressed Property Opportunity - 10531 LAS BRISAS DR, DALLAS, T",No GMAIL_APP_PASSWORD set
2026-08-24T22:11:17.547699,SKIPPED,PipHousellc@gmail.com,"Distressed Property Opportunity - PLANO RD & L B J FWY WB, DALLA",No GMAIL_APP_PASSWORD set
2026-08-24T22:11:17.551725,SKIPPED,investments@swifthomesolutions.com,"Distressed Property Opportunity - PLANO RD & L B J FWY WB, DALLA",No GMAIL_APP_PASSWORD set
2026-08-24T22:11:17.570463,SKIPPED,diamondacquisitions@outlook.com,"Distressed Property Opportunity - PLANO RD & L B J FWY WB, DALLA",No GMAIL_APP_PASSWORD set
2026-08-24T22:11:17.574407,SKIPPED,PipHousellc@gmail.com,"Distressed Property Opportunity - 10132 RIDGEHAVEN DR, DALLAS, T",No GMAIL_APP_PASSWORD set
2026-08-24T22:11:17.588066,SKIPPED,investments@swifthomesolutions.com,"Distressed Property Opportunity - 10132 RIDGEHAVEN DR, DALLAS, T",No GMAIL_APP_PASSWORD set
2026-08-24T22:11:17.590096,SKIPPED,diamondacquisitions@outlook.com,"Distressed Property Opportunity - 10132 RIDGEHAVEN DR, DALLAS, T",No GMAIL_APP_PASSWORD set
2026-08-24T22:11:17.621856,SKIPPED,PipHousellc@gmail.com,"Distressed Property Opportunity - 8231 FOREST LN, DALLAS, TX, 75",No GMAIL_APP_PASSWORD set
2026-08-24T22:11:17.676557,SKIPPED,investments@swifthomesolutions.com,"Distressed Property Opportunity - 8231 FOREST LN, DALLAS, TX, 75",No GMAIL_APP_PASSWORD set
2026-08-24T22:11:17.722947,SKIPPED,diamondacquisitions@outlook.com,"Distressed Property Opportunity - 8231 FOREST LN, DALLAS, TX, 75",No GMAIL_APP_PASSWORD set
2026-08-24T22:11:17.728293,SKIPPED,PipHousellc@gmail.com,"Distressed Property Opportunity - 10609 GREYFRIARS LN, DALLAS, T",No GMAIL_APP_PASSWORD set
2026-08-24T22:11:17.759256,SKIPPED,investments@swifthomesolutions.com,"Distressed Property Opportunity - 10609 GREYFRIARS LN, DALLAS, T",No GMAIL_APP_PASSWORD set
2026-08-24T22:11:17.765991,SKIPPED,diamondacquisitions@outlook.com,"Distressed Property Opportunity - 10609 GREYFRIARS LN, DALLAS, T",No GMAIL_APP_PASSWORD set
2026-08-24T22:11:17.768004,SKIPPED,PipHousellc@gmail.com,"Distressed Property Opportunity - 9200 MARKANNE DR, DALLAS, TX, ",No GMAIL_APP_PASSWORD set
2026-08-24T22:11:17.771026,SKIPPED,investments@swifthomesolutions.com,"Distressed Property Opportunity - 9200 MARKANNE DR, DALLAS, TX, ",No GMAIL_APP_PASSWORD set
2026-08-24T22:11:17.773042,SKIPPED,diamondacquisitions@outlook.com,"Distressed Property Opportunity - 9200 MARKANNE DR, DALLAS, TX, ",No GMAIL_APP_PASSWORD set
2026-08-24T22:11:17.775053,SKIPPED,PipHousellc@gmail.com,"Distressed Property Opportunity - 8446 BIRCHCROFT DR, DALLAS, TX",No GMAIL_APP_PASSWORD set
2026-08-24T22:11:17.778312,SKIPPED,investments@swifthomesolutions.com,"Distressed Property Opportunity - 8446 BIRCHCROFT DR, DALLAS, TX",No GMAIL_APP_PASSWORD set
2026-08-24T22:11:17.785852,SKIPPED,diamondacquisitions@outlook.com,"Distressed Property Opportunity - 8446 BIRCHCROFT DR, DALLAS, TX",No GMAIL_APP_PASSWORD set
2026-08-24T22:11:17.807756,SKIPPED,PipHousellc@gmail.com,"Distressed Property Opportunity - 12160 WILLOWDELL DR, DALLAS, T",No GMAIL_APP_PASSWORD set
2026-08-24T22:11:17.819878,SKIPPED,investments@swifthomesolutions.com,"Distressed Property Opportunity - 12160 WILLOWDELL DR, DALLAS, T",No GMAIL_APP_PASSWORD set
2026-08-24T22:11:17.858328,SKIPPED,diamondacquisitions@outlook.com,"Distressed Property Opportunity - 12160 WILLOWDELL DR, DALLAS, T",No GMAIL_APP_PASSWORD set
2026-08-24T22:11:17.861405,SKIPPED,PipHousellc@gmail.com,"Distressed Property Opportunity - 12220 WILLOWDELL DR, DALLAS, T",No GMAIL_APP_PASSWORD set
2026-08-24T22:11:17.868486,SKIPPED,investments@swifthomesolutions.com,"Distressed Property Opportunity - 12220 WILLOWDELL DR, DALLAS, T",No GMAIL_APP_PASSWORD set
2026-08-24T22:11:17.873117,SKIPPED,diamondacquisitions@outlook.com,"Distressed Property Opportunity - 12220 WILLOWDELL DR, DALLAS, T",No GMAIL_APP_PASSWORD set
2026-08-25T02:00:47.299699,SKIPPED,PipHousellc@gmail.com,Daily Lead Pack - 2026-08-25 (256 properties),No GMAIL_APP_PASSWORD set
2026-08-25T02:00:47.314748,SKIPPED,investments@swifthomesolutions.com,Daily Lead Pack - 2026-08-25 (256 properties),No GMAIL_APP_PASSWORD set
2026-08-25T02:00:47.317146,SKIPPED,diamondacquisitions@outlook.com,Daily Lead Pack - 2026-08-25 (256 properties),No GMAIL_APP_PASSWORD set
2026-08-25T02:00:47.320613,SKIPPED,PipHousellc@gmail.com,"Distressed Property Opportunity - 8201 FAIR OAKS XING, DALLAS, T",No GMAIL_APP_PASSWORD set
2026-08-25T02:00:47.321612,SKIPPED,investments@swifthomesolutions.com,"Distressed Property Opportunity - 8201 FAIR OAKS XING, DALLAS, T",No GMAIL_APP_PASSWORD set
2026-08-25T02:00:47.322628,SKIPPED,diamondacquisitions@outlook.com,"Distressed Property Opportunity - 8201 FAIR OAKS XING, DALLAS, T",No GMAIL_APP_PASSWORD set
2026-08-25T02:00:47.323631,SKIPPED,PipHousellc@gmail.com,"Distressed Property Opportunity - 11600 AUDELIA RD, DALLAS, TX, ",No GMAIL_APP_PASSWORD set
2026-08-25T02:00:47.327126,SKIPPED,investments@swifthomesolutions.com,"Distressed Property Opportunity - 11600 AUDELIA RD, DALLAS, TX, ",No GMAIL_APP_PASSWORD set
2026-08-25T02:00:47.329125,SKIPPED,diamondacquisitions@outlook.com,"Distressed Property Opportunity - 11600 AUDELIA RD, DALLAS, TX, ",No GMAIL_APP_PASSWORD set
2026-08-25T02:00:47.331186,SKIPPED,PipHousellc@gmail.com,"Distressed Property Opportunity - 8795 WALNUT HILL LN, DALLAS, T",No GMAIL_APP_PASSWORD set
2026-08-25T02:00:47.333254,SKIPPED,investments@swifthomesolutions.com,"Distressed Property Opportunity - 8795 WALNUT HILL LN, DALLAS, T",No GMAIL_APP_PASSWORD set
2026-08-25T02:00:47.334252,SKIPPED,diamondacquisitions@outlook.com,"Distressed Property Opportunity - 8795 WALNUT HILL LN, DALLAS, T",No GMAIL_APP_PASSWORD set
2026-08-25T02:00:47.336758,SKIPPED,PipHousellc@gmail.com,"Distressed Property Opportunity - 10939 FERNDALE RD, DALLAS, TX,",No GMAIL_APP_PASSWORD set
2026-08-25T02:00:47.337768,SKIPPED,investments@swifthomesolutions.com,"Distressed Property Opportunity - 10939 FERNDALE RD, DALLAS, TX,",No GMAIL_APP_PASSWORD set
2026-08-25T02:00:47.339905,SKIPPED,diamondacquisitions@outlook.com,"Distressed Property Opportunity - 10939 FERNDALE RD, DALLAS, TX,",No GMAIL_APP_PASSWORD set
2026-08-25T02:00:47.343527,SKIPPED,PipHousellc@gmail.com,"Distressed Property Opportunity - 10416 CHURCH RD, DALLAS, TX, 7",No GMAIL_APP_PASSWORD set
2026-08-25T02:00:47.345539,SKIPPED,investments@swifthomesolutions.com,"Distressed Property Opportunity - 10416 CHURCH RD, DALLAS, TX, 7",No GMAIL_APP_PASSWORD set
2026-08-25T02:00:47.350718,SKIPPED,diamondacquisitions@outlook.com,"Distressed Property Opportunity - 10416 CHURCH RD, DALLAS, TX, 7",No GMAIL_APP_PASSWORD set
2026-08-25T02:00:47.352716,SKIPPED,PipHousellc@gmail.com,"Distressed Property Opportunity - 9506 OVERWOOD RD, DALLAS, TX, ",No GMAIL_APP_PASSWORD set
2026-08-25T02:00:47.354716,SKIPPED,investments@swifthomesolutions.com,"Distressed Property Opportunity - 9506 OVERWOOD RD, DALLAS, TX, ",No GMAIL_APP_PASSWORD set
2026-08-25T02:00:47.356877,SKIPPED,diamondacquisitions@outlook.com,"Distressed Property Opportunity - 9506 OVERWOOD RD, DALLAS, TX, ",No GMAIL_APP_PASSWORD set
2026-08-25T02:00:47.360376,SKIPPED,PipHousellc@gmail.com,"Distressed Property Opportunity - 10531 LAS BRISAS DR, DALLAS, T",No GMAIL_APP_PASSWORD set
2026-08-25T02:00:47.361754,SKIPPED,investments@swifthomesolutions.com,"Distressed Property Opportunity - 10531 LAS BRISAS DR, DALLAS, T",No GMAIL_APP_PASSWORD set
2026-08-25T02:00:47.366627,SKIPPED,diamondacquisitions@outlook.com,"Distressed Property Opportunity - 10531 LAS BRISAS DR, DALLAS, T",No GMAIL_APP_PASSWORD set
2026-08-25T02:00:47.368151,SKIPPED,PipHousellc@gmail.com,"Distressed Property Opportunity - PLANO RD & L B J FWY WB, DALLA",No GMAIL_APP_PASSWORD set
2026-08-25T02:00:47.372481,SKIPPED,investments@swifthomesolutions.com,"Distressed Property Opportunity - PLANO RD & L B J FWY WB, DALLA",No GMAIL_APP_PASSWORD set
2026-08-25T02:00:47.373678,SKIPPED,diamondacquisitions@outlook.com,"Distressed Property Opportunity - PLANO RD & L B J FWY WB, DALLA",No GMAIL_APP_PASSWORD set
2026-08-25T02:00:47.375276,SKIPPED,PipHousellc@gmail.com,"Distressed Property Opportunity - 10132 RIDGEHAVEN DR, DALLAS, T",No GMAIL_APP_PASSWORD set
2026-08-25T02:00:47.376280,SKIPPED,investments@swifthomesolutions.com,"Distressed Property Opportunity - 10132 RIDGEHAVEN DR, DALLAS, T",No GMAIL_APP_PASSWORD set
2026-08-25T02:00:47.377279,SKIPPED,diamondacquisitions@outlook.com,"Distressed Property Opportunity - 10132 RIDGEHAVEN DR, DALLAS, T",No GMAIL_APP_PASSWORD set
2026-08-25T02:00:47.378781,SKIPPED,PipHousellc@gmail.com,"Distressed Property Opportunity - 8231 FOREST LN, DALLAS, TX, 75",No GMAIL_APP_PASSWORD set
2026-08-25T02:00:47.382758,SKIPPED,investments@swifthomesolutions.com,"Distressed Property Opportunity - 8231 FOREST LN, DALLAS, TX, 75",No GMAIL_APP_PASSWORD set
2026-08-25T02:00:47.384765,SKIPPED,diamondacquisitions@outlook.com,"Distressed Property Opportunity - 8231 FOREST LN, DALLAS, TX, 75",No GMAIL_APP_PASSWORD set
2026-08-25T02:00:47.386966,SKIPPED,PipHousellc@gmail.com,"Distressed Property Opportunity - 10609 GREYFRIARS LN, DALLAS, T",No GMAIL_APP_PASSWORD set
2026-08-25T02:00:47.387963,SKIPPED,investments@swifthomesolutions.com,"Distressed Property Opportunity - 10609 GREYFRIARS LN, DALLAS, T",No GMAIL_APP_PASSWORD set
2026-08-25T02:00:47.389032,SKIPPED,diamondacquisitions@outlook.com,"Distressed Property Opportunity - 10609 GREYFRIARS LN, DALLAS, T",No GMAIL_APP_PASSWORD set
2026-08-25T02:00:47.389032,SKIPPED,PipHousellc@gmail.com,"Distressed Property Opportunity - 9200 MARKANNE DR, DALLAS, TX, ",No GMAIL_APP_PASSWORD set
2026-08-25T02:00:47.392156,SKIPPED,investments@swifthomesolutions.com,"Distressed Property Opportunity - 9200 MARKANNE DR, DALLAS, TX, ",No GMAIL_APP_PASSWORD set
2026-08-25T02:00:47.392156,SKIPPED,diamondacquisitions@outlook.com,"Distressed Property Opportunity - 9200 MARKANNE DR, DALLAS, TX, ",No GMAIL_APP_PASSWORD set
2026-08-25T02:00:47.395328,SKIPPED,PipHousellc@gmail.com,"Distressed Property Opportunity - 8446 BIRCHCROFT DR, DALLAS, TX",No GMAIL_APP_PASSWORD set
2026-08-25T02:00:47.401879,SKIPPED,investments@swifthomesolutions.com,"Distressed Property Opportunity - 8446 BIRCHCROFT DR, DALLAS, TX",No GMAIL_APP_PASSWORD set
2026-08-25T02:00:47.402879,SKIPPED,diamondacquisitions@outlook.com,"Distressed Property Opportunity - 8446 BIRCHCROFT DR, DALLAS, TX",No GMAIL_APP_PASSWORD set
2026-08-25T02:00:47.403880,SKIPPED,PipHousellc@gmail.com,"Distressed Property Opportunity - 12160 WILLOWDELL DR, DALLAS, T",No GMAIL_APP_PASSWORD set
2026-08-25T02:00:47.405879,SKIPPED,investments@swifthomesolutions.com,"Distressed Property Opportunity - 12160 WILLOWDELL DR, DALLAS, T",No GMAIL_APP_PASSWORD set
2026-08-25T02:00:47.407880,SKIPPED,diamondacquisitions@outlook.com,"Distressed Property Opportunity - 12160 WILLOWDELL DR, DALLAS, T",No GMAIL_APP_PASSWORD set
2026-08-25T02:00:47.408878,SKIPPED,PipHousellc@gmail.com,"Distressed Property Opportunity - 12220 WILLOWDELL DR, DALLAS, T",No GMAIL_APP_PASSWORD set
2026-08-25T02:00:47.410879,SKIPPED,investments@swifthomesolutions.com,"Distressed Property Opportunity - 12220 WILLOWDELL DR, DALLAS, T",No GMAIL_APP_PASSWORD set
2026-08-25T02:00:47.412391,SKIPPED,diamondacquisitions@outlook.com,"Distressed Property Opportunity - 12220 WILLOWDELL DR, DALLAS, T",No GMAIL_APP_PASSWORD set
2026-08-25T06:32:24.174964,SKIPPED,PipHousellc@gmail.com,Daily Lead Pack - 2026-08-25 (256 properties),No GMAIL_APP_PASSWORD set
2026-08-25T06:32:24.176839,SKIPPED,investments@swifthomesolutions.com,Daily Lead Pack - 2026-08-25 (256 properties),No GMAIL_APP_PASSWORD set
2026-08-25T06:32:24.176839,SKIPPED,diamondacquisitions@outlook.com,Daily Lead Pack - 2026-08-25 (256 properties),No GMAIL_APP_PASSWORD set
2026-08-25T06:32:24.188347,SKIPPED,PipHousellc@gmail.com,"Distressed Property Opportunity - 8201 FAIR OAKS XING, DALLAS, T",No GMAIL_APP_PASSWORD set
2026-08-25T06:32:24.189859,SKIPPED,investments@swifthomesolutions.com,"Distressed Property Opportunity - 8201 FAIR OAKS XING, DALLAS, T",No GMAIL_APP_PASSWORD set
2026-08-25T06:32:24.190873,SKIPPED,diamondacquisitions@outlook.com,"Distressed Property Opportunity - 8201 FAIR OAKS XING, DALLAS, T",No GMAIL_APP_PASSWORD set
2026-08-25T06:32:24.192873,SKIPPED,PipHousellc@gmail.com,"Distressed Property Opportunity - 11600 AUDELIA RD, DALLAS, TX, ",No GMAIL_APP_PASSWORD set
2026-08-25T06:32:24.193873,SKIPPED,investments@swifthomesolutions.com,"Distressed Property Opportunity - 11600 AUDELIA RD, DALLAS, TX, ",No GMAIL_APP_PASSWORD set
2026-08-25T06:32:24.195871,SKIPPED,diamondacquisitions@outlook.com,"Distressed Property Opportunity - 11600 AUDELIA RD, DALLAS, TX, ",No GMAIL_APP_PASSWORD set
2026-08-25T06:32:24.201059,SKIPPED,PipHousellc@gmail.com,"Distressed Property Opportunity - 8795 WALNUT HILL LN, DALLAS, T",No GMAIL_APP_PASSWORD set
2026-08-25T06:32:24.202056,SKIPPED,investments@swifthomesolutions.com,"Distressed Property Opportunity - 8795 WALNUT HILL LN, DALLAS, T",No GMAIL_APP_PASSWORD set
2026-08-25T06:32:24.204056,SKIPPED,diamondacquisitions@outlook.com,"Distressed Property Opportunity - 8795 WALNUT HILL LN, DALLAS, T",No GMAIL_APP_PASSWORD set
2026-08-25T06:32:24.205055,SKIPPED,PipHousellc@gmail.com,"Distressed Property Opportunity - 10939 FERNDALE RD, DALLAS, TX,",No GMAIL_APP_PASSWORD set
2026-08-25T06:32:24.206059,SKIPPED,investments@swifthomesolutions.com,"Distressed Property Opportunity - 10939 FERNDALE RD, DALLAS, TX,",No GMAIL_APP_PASSWORD set
2026-08-25T06:32:24.208453,SKIPPED,diamondacquisitions@outlook.com,"Distressed Property Opportunity - 10939 FERNDALE RD, DALLAS, TX,",No GMAIL_APP_PASSWORD set
2026-08-25T06:32:24.209450,SKIPPED,PipHousellc@gmail.com,"Distressed Property Opportunity - 10416 CHURCH RD, DALLAS, TX, 7",No GMAIL_APP_PASSWORD set
2026-08-25T06:32:24.210454,SKIPPED,investments@swifthomesolutions.com,"Distressed Property Opportunity - 10416 CHURCH RD, DALLAS, TX, 7",No GMAIL_APP_PASSWORD set
2026-08-25T06:32:24.216445,SKIPPED,diamondacquisitions@outlook.com,"Distressed Property Opportunity - 10416 CHURCH RD, DALLAS, TX, 7",No GMAIL_APP_PASSWORD set
2026-08-25T06:32:24.218465,SKIPPED,PipHousellc@gmail.com,"Distressed Property Opportunity - 9506 OVERWOOD RD, DALLAS, TX, ",No GMAIL_APP_PASSWORD set
2026-08-25T06:32:24.220462,SKIPPED,investments@swifthomesolutions.com,"Distressed Property Opportunity - 9506 OVERWOOD RD, DALLAS, TX, ",No GMAIL_APP_PASSWORD set
2026-08-25T06:32:24.222465,SKIPPED,diamondacquisitions@outlook.com,"Distressed Property Opportunity - 9506 OVERWOOD RD, DALLAS, TX, ",No GMAIL_APP_PASSWORD set
2026-08-25T06:32:24.223471,SKIPPED,PipHousellc@gmail.com,"Distressed Property Opportunity - 10531 LAS BRISAS DR, DALLAS, T",No GMAIL_APP_PASSWORD set
2026-08-25T06:32:24.224981,SKIPPED,investments@swifthomesolutions.com,"Distressed Property Opportunity - 10531 LAS BRISAS DR, DALLAS, T",No GMAIL_APP_PASSWORD set
2026-08-25T06:32:24.227004,SKIPPED,diamondacquisitions@outlook.com,"Distressed Property Opportunity - 10531 LAS BRISAS DR, DALLAS, T",No GMAIL_APP_PASSWORD set
2026-08-25T06:32:24.233362,SKIPPED,PipHousellc@gmail.com,"Distressed Property Opportunity - PLANO RD & L B J FWY WB, DALLA",No GMAIL_APP_PASSWORD set
2026-08-25T06:32:24.235398,SKIPPED,investments@swifthomesolutions.com,"Distressed Property Opportunity - PLANO RD & L B J FWY WB, DALLA",No GMAIL_APP_PASSWORD set
2026-08-25T06:32:24.236402,SKIPPED,diamondacquisitions@outlook.com,"Distressed Property Opportunity - PLANO RD & L B J FWY WB, DALLA",No GMAIL_APP_PASSWORD set
2026-08-25T06:32:24.237730,SKIPPED,PipHousellc@gmail.com,"Distressed Property Opportunity - 10132 RIDGEHAVEN DR, DALLAS, T",No GMAIL_APP_PASSWORD set
2026-08-25T06:32:24.239051,SKIPPED,investments@swifthomesolutions.com,"Distressed Property Opportunity - 10132 RIDGEHAVEN DR, DALLAS, T",No GMAIL_APP_PASSWORD set
2026-08-25T06:32:24.241539,SKIPPED,diamondacquisitions@outlook.com,"Distressed Property Opportunity - 10132 RIDGEHAVEN DR, DALLAS, T",No GMAIL_APP_PASSWORD set
2026-08-25T06:32:24.242552,SKIPPED,PipHousellc@gmail.com,"Distressed Property Opportunity - 8231 FOREST LN, DALLAS, TX, 75",No GMAIL_APP_PASSWORD set
2026-08-25T06:32:24.246815,SKIPPED,investments@swifthomesolutions.com,"Distressed Property Opportunity - 8231 FOREST LN, DALLAS, TX, 75",No GMAIL_APP_PASSWORD set
2026-08-25T06:32:24.248827,SKIPPED,diamondacquisitions@outlook.com,"Distressed Property Opportunity - 8231 FOREST LN, DALLAS, TX, 75",No GMAIL_APP_PASSWORD set
2026-08-25T06:32:24.250835,SKIPPED,PipHousellc@gmail.com,"Distressed Property Opportunity - 10609 GREYFRIARS LN, DALLAS, T",No GMAIL_APP_PASSWORD set
2026-08-25T06:32:24.252829,SKIPPED,investments@swifthomesolutions.com,"Distressed Property Opportunity - 10609 GREYFRIARS LN, DALLAS, T",No GMAIL_APP_PASSWORD set
2026-08-25T06:32:24.253829,SKIPPED,diamondacquisitions@outlook.com,"Distressed Property Opportunity - 10609 GREYFRIARS LN, DALLAS, T",No GMAIL_APP_PASSWORD set
2026-08-25T06:32:24.254831,SKIPPED,PipHousellc@gmail.com,"Distressed Property Opportunity - 9200 MARKANNE DR, DALLAS, TX, ",No GMAIL_APP_PASSWORD set
2026-08-25T06:32:24.256255,SKIPPED,investments@swifthomesolutions.com,"Distressed Property Opportunity - 9200 MARKANNE DR, DALLAS, TX, ",No GMAIL_APP_PASSWORD set
2026-08-25T06:32:24.257253,SKIPPED,diamondacquisitions@outlook.com,"Distressed Property Opportunity - 9200 MARKANNE DR, DALLAS, TX, ",No GMAIL_APP_PASSWORD set
2026-08-25T06:32:24.258253,SKIPPED,PipHousellc@gmail.com,"Distressed Property Opportunity - 8446 BIRCHCROFT DR, DALLAS, TX",No GMAIL_APP_PASSWORD set
2026-08-25T06:32:24.260255,SKIPPED,investments@swifthomesolutions.com,"Distressed Property Opportunity - 8446 BIRCHCROFT DR, DALLAS, TX",No GMAIL_APP_PASSWORD set
2026-08-25T06:32:24.264380,SKIPPED,diamondacquisitions@outlook.com,"Distressed Property Opportunity - 8446 BIRCHCROFT DR, DALLAS, TX",No GMAIL_APP_PASSWORD set
2026-08-25T06:32:24.266378,SKIPPED,PipHousellc@gmail.com,"Distressed Property Opportunity - 12160 WILLOWDELL DR, DALLAS, T",No GMAIL_APP_PASSWORD set
2026-08-25T06:32:24.267377,SKIPPED,investments@swifthomesolutions.com,"Distressed Property Opportunity - 12160 WILLOWDELL DR, DALLAS, T",No GMAIL_APP_PASSWORD set
2026-08-25T06:32:24.269376,SKIPPED,diamondacquisitions@outlook.com,"Distressed Property Opportunity - 12160 WILLOWDELL DR, DALLAS, T",No GMAIL_APP_PASSWORD set
2026-08-25T06:32:24.270374,SKIPPED,PipHousellc@gmail.com,"Distressed Property Opportunity - 12220 WILLOWDELL DR, DALLAS, T",No GMAIL_APP_PASSWORD set
2026-08-25T06:32:24.272376,SKIPPED,investments@swifthomesolutions.com,"Distressed Property Opportunity - 12220 WILLOWDELL DR, DALLAS, T",No GMAIL_APP_PASSWORD set
2026-08-25T06:32:24.273374,SKIPPED,diamondacquisitions@outlook.com,"Distressed Property Opportunity - 12220 WILLOWDELL DR, DALLAS, T",No GMAIL_APP_PASSWORD set
2026-08-25T11:59:32.346781,SKIPPED,PipHousellc@gmail.com,Daily Lead Pack - 2026-08-25 (256 properties),No GMAIL_APP_PASSWORD set
2026-08-25T11:59:32.356432,SKIPPED,investments@swifthomesolutions.com,Daily Lead Pack - 2026-08-25 (256 properties),No GMAIL_APP_PASSWORD set
2026-08-25T11:59:32.360743,SKIPPED,diamondacquisitions@outlook.com,Daily Lead Pack - 2026-08-25 (256 properties),No GMAIL_APP_PASSWORD set
2026-08-25T11:59:32.409795,SKIPPED,PipHousellc@gmail.com,"Distressed Property Opportunity - 8201 FAIR OAKS XING, DALLAS, T",No GMAIL_APP_PASSWORD set
2026-08-25T11:59:32.414894,SKIPPED,investments@swifthomesolutions.com,"Distressed Property Opportunity - 8201 FAIR OAKS XING, DALLAS, T",No GMAIL_APP_PASSWORD set
2026-08-25T11:59:32.416900,SKIPPED,diamondacquisitions@outlook.com,"Distressed Property Opportunity - 8201 FAIR OAKS XING, DALLAS, T",No GMAIL_APP_PASSWORD set
2026-08-25T11:59:32.423780,SKIPPED,PipHousellc@gmail.com,"Distressed Property Opportunity - 11600 AUDELIA RD, DALLAS, TX, ",No GMAIL_APP_PASSWORD set
2026-08-25T11:59:32.429840,SKIPPED,investments@swifthomesolutions.com,"Distressed Property Opportunity - 11600 AUDELIA RD, DALLAS, TX, ",No GMAIL_APP_PASSWORD set
2026-08-25T11:59:32.433839,SKIPPED,diamondacquisitions@outlook.com,"Distressed Property Opportunity - 11600 AUDELIA RD, DALLAS, TX, ",No GMAIL_APP_PASSWORD set
2026-08-25T11:59:32.459735,SKIPPED,PipHousellc@gmail.com,"Distressed Property Opportunity - 8795 WALNUT HILL LN, DALLAS, T",No GMAIL_APP_PASSWORD set
2026-08-25T11:59:32.463497,SKIPPED,investments@swifthomesolutions.com,"Distressed Property Opportunity - 8795 WALNUT HILL LN, DALLAS, T",No GMAIL_APP_PASSWORD set
2026-08-25T11:59:32.467325,SKIPPED,diamondacquisitions@outlook.com,"Distressed Property Opportunity - 8795 WALNUT HILL LN, DALLAS, T",No GMAIL_APP_PASSWORD set
2026-08-25T11:59:32.472592,SKIPPED,PipHousellc@gmail.com,"Distressed Property Opportunity - 10939 FERNDALE RD, DALLAS, TX,",No GMAIL_APP_PASSWORD set
2026-08-25T11:59:32.483797,SKIPPED,investments@swifthomesolutions.com,"Distressed Property Opportunity - 10939 FERNDALE RD, DALLAS, TX,",No GMAIL_APP_PASSWORD set
2026-08-25T11:59:32.490243,SKIPPED,diamondacquisitions@outlook.com,"Distressed Property Opportunity - 10939 FERNDALE RD, DALLAS, TX,",No GMAIL_APP_PASSWORD set
2026-08-25T11:59:32.495242,SKIPPED,PipHousellc@gmail.com,"Distressed Property Opportunity - 10416 CHURCH RD, DALLAS, TX, 7",No GMAIL_APP_PASSWORD set
2026-08-25T11:59:32.497245,SKIPPED,investments@swifthomesolutions.com,"Distressed Property Opportunity - 10416 CHURCH RD, DALLAS, TX, 7",No GMAIL_APP_PASSWORD set
2026-08-25T11:59:32.501782,SKIPPED,diamondacquisitions@outlook.com,"Distressed Property Opportunity - 10416 CHURCH RD, DALLAS, TX, 7",No GMAIL_APP_PASSWORD set
2026-08-25T11:59:32.510666,SKIPPED,PipHousellc@gmail.com,"Distressed Property Opportunity - 9506 OVERWOOD RD, DALLAS, TX, ",No GMAIL_APP_PASSWORD set
2026-08-25T11:59:32.512928,SKIPPED,investments@swifthomesolutions.com,"Distressed Property Opportunity - 9506 OVERWOOD RD, DALLAS, TX, ",No GMAIL_APP_PASSWORD set
2026-08-25T11:59:32.515926,SKIPPED,diamondacquisitions@outlook.com,"Distressed Property Opportunity - 9506 OVERWOOD RD, DALLAS, TX, ",No GMAIL_APP_PASSWORD set
2026-08-25T11:59:32.517926,SKIPPED,PipHousellc@gmail.com,"Distressed Property Opportunity - 10531 LAS BRISAS DR, DALLAS, T",No GMAIL_APP_PASSWORD set
2026-08-25T11:59:32.524722,SKIPPED,investments@swifthomesolutions.com,"Distressed Property Opportunity - 10531 LAS BRISAS DR, DALLAS, T",No GMAIL_APP_PASSWORD set
2026-08-25T11:59:32.526722,SKIPPED,diamondacquisitions@outlook.com,"Distressed Property Opportunity - 10531 LAS BRISAS DR, DALLAS, T",No GMAIL_APP_PASSWORD set
2026-08-25T11:59:32.529735,SKIPPED,PipHousellc@gmail.com,"Distressed Property Opportunity - PLANO RD & L B J FWY WB, DALLA",No GMAIL_APP_PASSWORD set
2026-08-25T11:59:32.532731,SKIPPED,investments@swifthomesolutions.com,"Distressed Property Opportunity - PLANO RD & L B J FWY WB, DALLA",No GMAIL_APP_PASSWORD set
2026-08-25T11:59:32.539734,SKIPPED,diamondacquisitions@outlook.com,"Distressed Property Opportunity - PLANO RD & L B J FWY WB, DALLA",No GMAIL_APP_PASSWORD set
2026-08-25T11:59:32.542245,SKIPPED,PipHousellc@gmail.com,"Distressed Property Opportunity - 10132 RIDGEHAVEN DR, DALLAS, T",No GMAIL_APP_PASSWORD set
2026-08-25T11:59:32.544258,SKIPPED,investments@swifthomesolutions.com,"Distressed Property Opportunity - 10132 RIDGEHAVEN DR, DALLAS, T",No GMAIL_APP_PASSWORD set
2026-08-25T11:59:32.545258,SKIPPED,diamondacquisitions@outlook.com,"Distressed Property Opportunity - 10132 RIDGEHAVEN DR, DALLAS, T",No GMAIL_APP_PASSWORD set
2026-08-25T11:59:32.548258,SKIPPED,PipHousellc@gmail.com,"Distressed Property Opportunity - 8231 FOREST LN, DALLAS, TX, 75",No GMAIL_APP_PASSWORD set
2026-08-25T11:59:32.549858,SKIPPED,investments@swifthomesolutions.com,"Distressed Property Opportunity - 8231 FOREST LN, DALLAS, TX, 75",No GMAIL_APP_PASSWORD set
2026-08-25T11:59:32.561158,SKIPPED,diamondacquisitions@outlook.com,"Distressed Property Opportunity - 8231 FOREST LN, DALLAS, TX, 75",No GMAIL_APP_PASSWORD set
2026-08-25T11:59:32.563680,SKIPPED,PipHousellc@gmail.com,"Distressed Property Opportunity - 10609 GREYFRIARS LN, DALLAS, T",No GMAIL_APP_PASSWORD set
2026-08-25T11:59:32.567749,SKIPPED,investments@swifthomesolutions.com,"Distressed Property Opportunity - 10609 GREYFRIARS LN, DALLAS, T",No GMAIL_APP_PASSWORD set
2026-08-25T11:59:32.576838,SKIPPED,diamondacquisitions@outlook.com,"Distressed Property Opportunity - 10609 GREYFRIARS LN, DALLAS, T",No GMAIL_APP_PASSWORD set
2026-08-25T11:59:32.577837,SKIPPED,PipHousellc@gmail.com,"Distressed Property Opportunity - 9200 MARKANNE DR, DALLAS, TX, ",No GMAIL_APP_PASSWORD set
2026-08-25T11:59:32.579836,SKIPPED,investments@swifthomesolutions.com,"Distressed Property Opportunity - 9200 MARKANNE DR, DALLAS, TX, ",No GMAIL_APP_PASSWORD set
2026-08-25T11:59:32.582094,SKIPPED,diamondacquisitions@outlook.com,"Distressed Property Opportunity - 9200 MARKANNE DR, DALLAS, TX, ",No GMAIL_APP_PASSWORD set
2026-08-25T11:59:32.583094,SKIPPED,PipHousellc@gmail.com,"Distressed Property Opportunity - 8446 BIRCHCROFT DR, DALLAS, TX",No GMAIL_APP_PASSWORD set
2026-08-25T11:59:32.585512,SKIPPED,investments@swifthomesolutions.com,"Distressed Property Opportunity - 8446 BIRCHCROFT DR, DALLAS, TX",No GMAIL_APP_PASSWORD set
2026-08-25T11:59:32.587510,SKIPPED,diamondacquisitions@outlook.com,"Distressed Property Opportunity - 8446 BIRCHCROFT DR, DALLAS, TX",No GMAIL_APP_PASSWORD set
2026-08-25T11:59:32.593914,SKIPPED,PipHousellc@gmail.com,"Distressed Property Opportunity - 12160 WILLOWDELL DR, DALLAS, T",No GMAIL_APP_PASSWORD set
2026-08-25T11:59:32.595992,SKIPPED,investments@swifthomesolutions.com,"Distressed Property Opportunity - 12160 WILLOWDELL DR, DALLAS, T",No GMAIL_APP_PASSWORD set
2026-08-25T11:59:32.599622,SKIPPED,diamondacquisitions@outlook.com,"Distressed Property Opportunity - 12160 WILLOWDELL DR, DALLAS, T",No GMAIL_APP_PASSWORD set
2026-08-25T11:59:32.601620,SKIPPED,PipHousellc@gmail.com,"Distressed Property Opportunity - 12220 WILLOWDELL DR, DALLAS, T",No GMAIL_APP_PASSWORD set
2026-08-25T11:59:32.607625,SKIPPED,investments@swifthomesolutions.com,"Distressed Property Opportunity - 12220 WILLOWDELL DR, DALLAS, T",No GMAIL_APP_PASSWORD set
2026-08-25T11:59:32.609628,SKIPPED,diamondacquisitions@outlook.com,"Distressed Property Opportunity - 12220 WILLOWDELL DR, DALLAS, T",No GMAIL_APP_PASSWORD set
2026-08-26T02:14:09.701245,SKIPPED,PipHousellc@gmail.com,Daily Lead Pack - 2026-08-26 (256 properties),No GMAIL_APP_PASSWORD set
2026-08-26T02:14:09.713235,SKIPPED,investments@swifthomesolutions.com,Daily Lead Pack - 2026-08-26 (256 properties),No GMAIL_APP_PASSWORD set
2026-08-26T02:14:09.715108,SKIPPED,diamondacquisitions@outlook.com,Daily Lead Pack - 2026-08-26 (256 properties),No GMAIL_APP_PASSWORD set
2026-08-26T02:14:09.724449,SKIPPED,PipHousellc@gmail.com,"Distressed Property Opportunity - 8201 FAIR OAKS XING, DALLAS, T",No GMAIL_APP_PASSWORD set
2026-08-26T02:14:09.727277,SKIPPED,investments@swifthomesolutions.com,"Distressed Property Opportunity - 8201 FAIR OAKS XING, DALLAS, T",No GMAIL_APP_PASSWORD set
2026-08-26T02:14:09.731196,SKIPPED,diamondacquisitions@outlook.com,"Distressed Property Opportunity - 8201 FAIR OAKS XING, DALLAS, T",No GMAIL_APP_PASSWORD set
2026-08-26T02:14:09.734120,SKIPPED,PipHousellc@gmail.com,"Distressed Property Opportunity - 11600 AUDELIA RD, DALLAS, TX, ",No GMAIL_APP_PASSWORD set
2026-08-26T02:14:09.737241,SKIPPED,investments@swifthomesolutions.com,"Distressed Property Opportunity - 11600 AUDELIA RD, DALLAS, TX, ",No GMAIL_APP_PASSWORD set
2026-08-26T02:14:09.746389,SKIPPED,diamondacquisitions@outlook.com,"Distressed Property Opportunity - 11600 AUDELIA RD, DALLAS, TX, ",No GMAIL_APP_PASSWORD set
2026-08-26T02:14:09.748815,SKIPPED,PipHousellc@gmail.com,"Distressed Property Opportunity - 8795 WALNUT HILL LN, DALLAS, T",No GMAIL_APP_PASSWORD set
2026-08-26T02:14:09.750901,SKIPPED,investments@swifthomesolutions.com,"Distressed Property Opportunity - 8795 WALNUT HILL LN, DALLAS, T",No GMAIL_APP_PASSWORD set
2026-08-26T02:14:09.753458,SKIPPED,diamondacquisitions@outlook.com,"Distressed Property Opportunity - 8795 WALNUT HILL LN, DALLAS, T",No GMAIL_APP_PASSWORD set
2026-08-26T02:14:09.757258,SKIPPED,PipHousellc@gmail.com,"Distressed Property Opportunity - 10939 FERNDALE RD, DALLAS, TX,",No GMAIL_APP_PASSWORD set
2026-08-26T02:14:09.764772,SKIPPED,investments@swifthomesolutions.com,"Distressed Property Opportunity - 10939 FERNDALE RD, DALLAS, TX,",No GMAIL_APP_PASSWORD set
2026-08-26T02:14:09.772648,SKIPPED,diamondacquisitions@outlook.com,"Distressed Property Opportunity - 10939 FERNDALE RD, DALLAS, TX,",No GMAIL_APP_PASSWORD set
2026-08-26T02:14:09.775159,SKIPPED,PipHousellc@gmail.com,"Distressed Property Opportunity - 10416 CHURCH RD, DALLAS, TX, 7",No GMAIL_APP_PASSWORD set
2026-08-26T02:14:09.777236,SKIPPED,investments@swifthomesolutions.com,"Distressed Property Opportunity - 10416 CHURCH RD, DALLAS, TX, 7",No GMAIL_APP_PASSWORD set
2026-08-26T02:14:09.778257,SKIPPED,diamondacquisitions@outlook.com,"Distressed Property Opportunity - 10416 CHURCH RD, DALLAS, TX, 7",No GMAIL_APP_PASSWORD set
2026-08-26T02:14:09.783300,SKIPPED,PipHousellc@gmail.com,"Distressed Property Opportunity - 9506 OVERWOOD RD, DALLAS, TX, ",No GMAIL_APP_PASSWORD set
2026-08-26T02:14:09.785776,SKIPPED,investments@swifthomesolutions.com,"Distressed Property Opportunity - 9506 OVERWOOD RD, DALLAS, TX, ",No GMAIL_APP_PASSWORD set
2026-08-26T02:14:09.788133,SKIPPED,diamondacquisitions@outlook.com,"Distressed Property Opportunity - 9506 OVERWOOD RD, DALLAS, TX, ",No GMAIL_APP_PASSWORD set
2026-08-26T02:14:09.790879,SKIPPED,PipHousellc@gmail.com,"Distressed Property Opportunity - 10531 LAS BRISAS DR, DALLAS, T",No GMAIL_APP_PASSWORD set
2026-08-26T02:14:09.793346,SKIPPED,investments@swifthomesolutions.com,"Distressed Property Opportunity - 10531 LAS BRISAS DR, DALLAS, T",No GMAIL_APP_PASSWORD set
2026-08-26T02:14:09.798066,SKIPPED,diamondacquisitions@outlook.com,"Distressed Property Opportunity - 10531 LAS BRISAS DR, DALLAS, T",No GMAIL_APP_PASSWORD set
2026-08-26T02:14:09.800490,SKIPPED,PipHousellc@gmail.com,"Distressed Property Opportunity - PLANO RD & L B J FWY WB, DALLA",No GMAIL_APP_PASSWORD set
2026-08-26T02:14:09.803099,SKIPPED,investments@swifthomesolutions.com,"Distressed Property Opportunity - PLANO RD & L B J FWY WB, DALLA",No GMAIL_APP_PASSWORD set
2026-08-26T02:14:09.805547,SKIPPED,diamondacquisitions@outlook.com,"Distressed Property Opportunity - PLANO RD & L B J FWY WB, DALLA",No GMAIL_APP_PASSWORD set
2026-08-26T02:14:09.807503,SKIPPED,PipHousellc@gmail.com,"Distressed Property Opportunity - 10132 RIDGEHAVEN DR, DALLAS, T",No GMAIL_APP_PASSWORD set
2026-08-26T02:14:09.809979,SKIPPED,investments@swifthomesolutions.com,"Distressed Property Opportunity - 10132 RIDGEHAVEN DR, DALLAS, T",No GMAIL_APP_PASSWORD set
2026-08-26T02:14:09.812785,SKIPPED,diamondacquisitions@outlook.com,"Distressed Property Opportunity - 10132 RIDGEHAVEN DR, DALLAS, T",No GMAIL_APP_PASSWORD set
2026-08-26T02:14:09.815158,SKIPPED,PipHousellc@gmail.com,"Distressed Property Opportunity - 8231 FOREST LN, DALLAS, TX, 75",No GMAIL_APP_PASSWORD set
2026-08-26T02:14:09.817435,SKIPPED,investments@swifthomesolutions.com,"Distressed Property Opportunity - 8231 FOREST LN, DALLAS, TX, 75",No GMAIL_APP_PASSWORD set
2026-08-26T02:14:09.822859,SKIPPED,diamondacquisitions@outlook.com,"Distressed Property Opportunity - 8231 FOREST LN, DALLAS, TX, 75",No GMAIL_APP_PASSWORD set
2026-08-26T02:14:09.830963,SKIPPED,PipHousellc@gmail.com,"Distressed Property Opportunity - 10609 GREYFRIARS LN, DALLAS, T",No GMAIL_APP_PASSWORD set
2026-08-26T02:14:09.833246,SKIPPED,investments@swifthomesolutions.com,"Distressed Property Opportunity - 10609 GREYFRIARS LN, DALLAS, T",No GMAIL_APP_PASSWORD set
2026-08-26T02:14:09.835068,SKIPPED,diamondacquisitions@outlook.com,"Distressed Property Opportunity - 10609 GREYFRIARS LN, DALLAS, T",No GMAIL_APP_PASSWORD set
2026-08-26T02:14:09.838493,SKIPPED,PipHousellc@gmail.com,"Distressed Property Opportunity - 9200 MARKANNE DR, DALLAS, TX, ",No GMAIL_APP_PASSWORD set
2026-08-26T02:14:09.840917,SKIPPED,investments@swifthomesolutions.com,"Distressed Property Opportunity - 9200 MARKANNE DR, DALLAS, TX, ",No GMAIL_APP_PASSWORD set
2026-08-26T02:14:09.844187,SKIPPED,diamondacquisitions@outlook.com,"Distressed Property Opportunity - 9200 MARKANNE DR, DALLAS, TX, ",No GMAIL_APP_PASSWORD set
2026-08-26T02:14:09.850084,SKIPPED,PipHousellc@gmail.com,"Distressed Property Opportunity - 8446 BIRCHCROFT DR, DALLAS, TX",No GMAIL_APP_PASSWORD set
2026-08-26T02:14:09.861387,SKIPPED,investments@swifthomesolutions.com,"Distressed Property Opportunity - 8446 BIRCHCROFT DR, DALLAS, TX",No GMAIL_APP_PASSWORD set
2026-08-26T02:14:09.864658,SKIPPED,diamondacquisitions@outlook.com,"Distressed Property Opportunity - 8446 BIRCHCROFT DR, DALLAS, TX",No GMAIL_APP_PASSWORD set
2026-08-26T02:14:09.866466,SKIPPED,PipHousellc@gmail.com,"Distressed Property Opportunity - 12160 WILLOWDELL DR, DALLAS, T",No GMAIL_APP_PASSWORD set
2026-08-26T02:14:09.868811,SKIPPED,investments@swifthomesolutions.com,"Distressed Property Opportunity - 12160 WILLOWDELL DR, DALLAS, T",No GMAIL_APP_PASSWORD set
2026-08-26T02:14:09.879040,SKIPPED,diamondacquisitions@outlook.com,"Distressed Property Opportunity - 12160 WILLOWDELL DR, DALLAS, T",No GMAIL_APP_PASSWORD set
2026-08-26T02:14:09.881731,SKIPPED,PipHousellc@gmail.com,"Distressed Property Opportunity - 12220 WILLOWDELL DR, DALLAS, T",No GMAIL_APP_PASSWORD set
2026-08-26T02:14:09.883036,SKIPPED,investments@swifthomesolutions.com,"Distressed Property Opportunity - 12220 WILLOWDELL DR, DALLAS, T",No GMAIL_APP_PASSWORD set
2026-08-26T02:14:09.888654,SKIPPED,diamondacquisitions@outlook.com,"Distressed Property Opportunity - 12220 WILLOWDELL DR, DALLAS, T",No GMAIL_APP_PASSWORD set
