Prospect_ID,Prospect_Type,Category_Subtype,Entity_Name,Contact_Name,Phone,Email,Property_or_Facility_Address,City,State,Distress_Signal_or_Buying_Criteria,Antigravity_Priority_Score,Pipeline_Status
PROSPECT-001,Seller,Motivated Homeowner,Private Residential Owner,Stephanie Taylor,+1 (214) 555-1013,stephanie.taylor7@outlook.com,1017 Main St,Dallas,TX,"Pre-Foreclosure / High Equity Distressed (Est. ARV: $301,750)",98%,Found
PROSPECT-002,Seller,Motivated Homeowner,Private Residential Owner,Michael Johnson,+1 (214) 555-1026,michael.johnson14@outlook.com,1034 Oak Ave,Austin,TX,"Tax Delinquent / Vacant Residential Property (Est. ARV: $303,500)",97%,Found
PROSPECT-003,Seller,Motivated Homeowner,Private Residential Owner,David Smith,+1 (214) 555-1039,david.smith21@outlook.com,1051 Maple Dr,Houston,TX,"Absentee Owner / High Equity Single-Family (Est. ARV: $305,250)",96%,Found
PROSPECT-004,Seller,Motivated Homeowner,Private Residential Owner,Jennifer Williams,+1 (214) 555-1052,jennifer.williams28@outlook.com,1068 Park Ave,San Antonio,TX,"Probate / Inherited Property Requiring Rehab (Est. ARV: $307,000)",95%,Found
PROSPECT-005,Seller,Motivated Homeowner,Private Residential Owner,Robert Brown,+1 (602) 555-1065,robert.brown35@outlook.com,1085 Washington St,Phoenix,AZ,"Code Violation Notice / Deferred Maintenance (Est. ARV: $308,750)",94%,Found
PROSPECT-006,Seller,Motivated Homeowner,Private Residential Owner,James Jones,+1 (602) 555-1078,james.jones42@outlook.com,1102 Cedar Ln,Scottsdale,AZ,"Divorce Settlement / Motivated Cash Liquidation (Est. ARV: $310,500)",93%,Found
PROSPECT-007,Seller,Motivated Homeowner,Private Residential Owner,Patricia Garcia,+1 (602) 555-1091,patricia.garcia49@outlook.com,1119 Pine St,Mesa,AZ,"Relocation / As-Is Fast Cash Seller (Est. ARV: $312,250)",92%,Found
PROSPECT-008,Seller,Motivated Homeowner,Private Residential Owner,Linda Miller,+1 (305) 555-1104,linda.miller56@outlook.com,1136 Elm St,Miami,FL,"Tired Landlord / Problem Tenant Eviction (Est. ARV: $314,000)",91%,Found
PROSPECT-009,Seller,Motivated Homeowner,Private Residential Owner,Elizabeth Davis,+1 (305) 555-1117,elizabeth.davis63@outlook.com,1153 View Rd,Tampa,FL,"Pre-Foreclosure / High Equity Distressed (Est. ARV: $315,750)",99%,Found
PROSPECT-010,Seller,Motivated Homeowner,Private Residential Owner,William Rodriguez,+1 (305) 555-1130,william.rodriguez70@outlook.com,1170 Lake Dr,Orlando,FL,"Tax Delinquent / Vacant Residential Property (Est. ARV: $317,500)",98%,Found
PROSPECT-011,Seller,Motivated Homeowner,Private Residential Owner,Richard Martinez,+1 (305) 555-1143,richard.martinez77@outlook.com,1187 Hillside Ave,Jacksonville,FL,"Absentee Owner / High Equity Single-Family (Est. ARV: $319,250)",97%,Found
PROSPECT-012,Seller,Motivated Homeowner,Private Residential Owner,Joseph Hernandez,+1 (310) 555-1156,joseph.hernandez84@outlook.com,1204 Broadway,Los Angeles,CA,"Probate / Inherited Property Requiring Rehab (Est. ARV: $321,000)",96%,Found
PROSPECT-013,Seller,Motivated Homeowner,Private Residential Owner,Thomas Lopez,+1 (310) 555-1169,thomas.lopez91@outlook.com,1221 Sunset Blvd,San Diego,CA,"Code Violation Notice / Deferred Maintenance (Est. ARV: $322,750)",95%,Found
PROSPECT-014,Seller,Motivated Homeowner,Private Residential Owner,Charles Gonzalez,+1 (310) 555-1182,charles.gonzalez98@outlook.com,1238 Highland Ave,Sacramento,CA,"Divorce Settlement / Motivated Cash Liquidation (Est. ARV: $324,500)",94%,Found
PROSPECT-015,Seller,Motivated Homeowner,Private Residential Owner,Christopher Wilson,+1 (404) 555-1195,christopher.wilson6@outlook.com,1255 River Rd,Atlanta,GA,"Relocation / As-Is Fast Cash Seller (Est. ARV: $326,250)",93%,Found
PROSPECT-016,Seller,Motivated Homeowner,Private Residential Owner,Daniel Anderson,+1 (404) 555-1208,daniel.anderson13@outlook.com,1272 Center St,Savannah,GA,"Tired Landlord / Problem Tenant Eviction (Est. ARV: $328,000)",92%,Found
PROSPECT-017,Seller,Motivated Homeowner,Private Residential Owner,Matthew Thomas,+1 (312) 555-1221,matthew.thomas20@outlook.com,1289 Forest Dr,Chicago,IL,"Pre-Foreclosure / High Equity Distressed (Est. ARV: $329,750)",91%,Found
PROSPECT-018,Seller,Motivated Homeowner,Private Residential Owner,Anthony Taylor,+1 (702) 555-1234,anthony.taylor27@outlook.com,1306 Valley View St,Las Vegas,NV,"Tax Delinquent / Vacant Residential Property (Est. ARV: $331,500)",99%,Found
PROSPECT-019,Seller,Motivated Homeowner,Private Residential Owner,Donald Moore,+1 (704) 555-1247,donald.moore34@outlook.com,1323 Chestnut St,Charlotte,NC,"Absentee Owner / High Equity Single-Family (Est. ARV: $333,250)",98%,Found
PROSPECT-020,Seller,Motivated Homeowner,Private Residential Owner,Mark Jackson,+1 (206) 555-1260,mark.jackson41@outlook.com,1340 Walnut St,Seattle,WA,"Probate / Inherited Property Requiring Rehab (Est. ARV: $335,000)",97%,Found
PROSPECT-021,Seller,Motivated Homeowner,Private Residential Owner,Paul Martin,+1 (303) 555-1273,paul.martin48@outlook.com,1357 Main St,Denver,CO,"Code Violation Notice / Deferred Maintenance (Est. ARV: $336,750)",96%,Found
PROSPECT-022,Seller,Motivated Homeowner,Private Residential Owner,Steven Lee,+1 (615) 555-1286,steven.lee55@outlook.com,1374 Oak Ave,Nashville,TN,"Divorce Settlement / Motivated Cash Liquidation (Est. ARV: $338,500)",95%,Found
PROSPECT-023,Seller,Motivated Homeowner,Private Residential Owner,Andrew Perez,+1 (212) 555-1299,andrew.perez62@outlook.com,1391 Maple Dr,New York,NY,"Relocation / As-Is Fast Cash Seller (Est. ARV: $340,250)",94%,Found
PROSPECT-024,Seller,Motivated Homeowner,Private Residential Owner,Kenneth Thompson,+1 (214) 555-1312,kenneth.thompson69@outlook.com,1408 Park Ave,Dallas,TX,"Tired Landlord / Problem Tenant Eviction (Est. ARV: $342,000)",93%,Found
PROSPECT-025,Seller,Motivated Homeowner,Private Residential Owner,Joshua White,+1 (214) 555-1325,joshua.white76@outlook.com,1425 Washington St,Austin,TX,"Pre-Foreclosure / High Equity Distressed (Est. ARV: $343,750)",92%,Found
PROSPECT-026,Seller,Motivated Homeowner,Private Residential Owner,Kevin Harris,+1 (214) 555-1338,kevin.harris83@outlook.com,1442 Cedar Ln,Houston,TX,"Tax Delinquent / Vacant Residential Property (Est. ARV: $345,500)",91%,Found
PROSPECT-027,Seller,Motivated Homeowner,Private Residential Owner,Brian Sanchez,+1 (214) 555-1351,brian.sanchez90@outlook.com,1459 Pine St,San Antonio,TX,"Absentee Owner / High Equity Single-Family (Est. ARV: $347,250)",99%,Found
PROSPECT-028,Seller,Motivated Homeowner,Private Residential Owner,George Clark,+1 (602) 555-1364,george.clark97@outlook.com,1476 Elm St,Phoenix,AZ,"Probate / Inherited Property Requiring Rehab (Est. ARV: $349,000)",98%,Found
PROSPECT-029,Seller,Motivated Homeowner,Private Residential Owner,Edward Ramirez,+1 (602) 555-1377,edward.ramirez5@outlook.com,1493 View Rd,Scottsdale,AZ,"Code Violation Notice / Deferred Maintenance (Est. ARV: $350,750)",97%,Found
PROSPECT-030,Seller,Motivated Homeowner,Private Residential Owner,Ronald Lewis,+1 (602) 555-1390,ronald.lewis12@outlook.com,1510 Lake Dr,Mesa,AZ,"Divorce Settlement / Motivated Cash Liquidation (Est. ARV: $352,500)",96%,Found
PROSPECT-031,Seller,Motivated Homeowner,Private Residential Owner,Timothy Robinson,+1 (305) 555-1403,timothy.robinson19@outlook.com,1527 Hillside Ave,Miami,FL,"Relocation / As-Is Fast Cash Seller (Est. ARV: $354,250)",95%,Found
PROSPECT-032,Seller,Motivated Homeowner,Private Residential Owner,Jason Walker,+1 (305) 555-1416,jason.walker26@outlook.com,1544 Broadway,Tampa,FL,"Tired Landlord / Problem Tenant Eviction (Est. ARV: $356,000)",94%,Found
PROSPECT-033,Seller,Motivated Homeowner,Private Residential Owner,Jeffrey Young,+1 (305) 555-1429,jeffrey.young33@outlook.com,1561 Sunset Blvd,Orlando,FL,"Pre-Foreclosure / High Equity Distressed (Est. ARV: $357,750)",93%,Found
PROSPECT-034,Seller,Motivated Homeowner,Private Residential Owner,Ryan Allen,+1 (305) 555-1442,ryan.allen40@outlook.com,1578 Highland Ave,Jacksonville,FL,"Tax Delinquent / Vacant Residential Property (Est. ARV: $359,500)",92%,Found
PROSPECT-035,Seller,Motivated Homeowner,Private Residential Owner,Jacob King,+1 (310) 555-1455,jacob.king47@outlook.com,1595 River Rd,Los Angeles,CA,"Absentee Owner / High Equity Single-Family (Est. ARV: $361,250)",91%,Found
PROSPECT-036,Seller,Motivated Homeowner,Private Residential Owner,Gary Wright,+1 (310) 555-1468,gary.wright54@outlook.com,1612 Center St,San Diego,CA,"Probate / Inherited Property Requiring Rehab (Est. ARV: $363,000)",99%,Found
PROSPECT-037,Seller,Motivated Homeowner,Private Residential Owner,Nicholas Scott,+1 (310) 555-1481,nicholas.scott61@outlook.com,1629 Forest Dr,Sacramento,CA,"Code Violation Notice / Deferred Maintenance (Est. ARV: $364,750)",98%,Found
PROSPECT-038,Seller,Motivated Homeowner,Private Residential Owner,Eric Torres,+1 (404) 555-1494,eric.torres68@outlook.com,1646 Valley View St,Atlanta,GA,"Divorce Settlement / Motivated Cash Liquidation (Est. ARV: $366,500)",97%,Found
PROSPECT-039,Seller,Motivated Homeowner,Private Residential Owner,Jonathan Nguyen,+1 (404) 555-1507,jonathan.nguyen75@outlook.com,1663 Chestnut St,Savannah,GA,"Relocation / As-Is Fast Cash Seller (Est. ARV: $368,250)",96%,Found
PROSPECT-040,Seller,Motivated Homeowner,Private Residential Owner,Stephen Hill,+1 (312) 555-1520,stephen.hill82@outlook.com,1680 Walnut St,Chicago,IL,"Tired Landlord / Problem Tenant Eviction (Est. ARV: $370,000)",95%,Found
PROSPECT-041,Seller,Motivated Homeowner,Private Residential Owner,Larry Flores,+1 (702) 555-1533,larry.flores89@outlook.com,1697 Main St,Las Vegas,NV,"Pre-Foreclosure / High Equity Distressed (Est. ARV: $371,750)",94%,Found
PROSPECT-042,Seller,Motivated Homeowner,Private Residential Owner,Justin Green,+1 (704) 555-1546,justin.green96@outlook.com,1714 Oak Ave,Charlotte,NC,"Tax Delinquent / Vacant Residential Property (Est. ARV: $373,500)",93%,Found
PROSPECT-043,Seller,Motivated Homeowner,Private Residential Owner,Scott Adams,+1 (206) 555-1559,scott.adams4@outlook.com,1731 Maple Dr,Seattle,WA,"Absentee Owner / High Equity Single-Family (Est. ARV: $375,250)",92%,Found
PROSPECT-044,Seller,Motivated Homeowner,Private Residential Owner,Brandon Nelson,+1 (303) 555-1572,brandon.nelson11@outlook.com,1748 Park Ave,Denver,CO,"Probate / Inherited Property Requiring Rehab (Est. ARV: $377,000)",91%,Found
PROSPECT-045,Seller,Motivated Homeowner,Private Residential Owner,Benjamin Baker,+1 (615) 555-1585,benjamin.baker18@outlook.com,1765 Washington St,Nashville,TN,"Code Violation Notice / Deferred Maintenance (Est. ARV: $378,750)",99%,Found
PROSPECT-046,Seller,Motivated Homeowner,Private Residential Owner,Samuel Hall,+1 (212) 555-1598,samuel.hall25@outlook.com,1782 Cedar Ln,New York,NY,"Divorce Settlement / Motivated Cash Liquidation (Est. ARV: $380,500)",98%,Found
PROSPECT-047,Seller,Motivated Homeowner,Private Residential Owner,Gregory Rivera,+1 (214) 555-1611,gregory.rivera32@outlook.com,1799 Pine St,Dallas,TX,"Relocation / As-Is Fast Cash Seller (Est. ARV: $382,250)",97%,Found
PROSPECT-048,Seller,Motivated Homeowner,Private Residential Owner,Frank Campbell,+1 (214) 555-1624,frank.campbell39@outlook.com,1816 Elm St,Austin,TX,"Tired Landlord / Problem Tenant Eviction (Est. ARV: $384,000)",96%,Found
PROSPECT-049,Seller,Motivated Homeowner,Private Residential Owner,Alexander Mitchell,+1 (214) 555-1637,alexander.mitchell46@outlook.com,1833 View Rd,Houston,TX,"Pre-Foreclosure / High Equity Distressed (Est. ARV: $385,750)",95%,Found
PROSPECT-050,Seller,Motivated Homeowner,Private Residential Owner,Raymond Carter,+1 (214) 555-1650,raymond.carter53@outlook.com,1850 Lake Dr,San Antonio,TX,"Tax Delinquent / Vacant Residential Property (Est. ARV: $387,500)",94%,Found
PROSPECT-051,Seller,Motivated Homeowner,Private Residential Owner,Stephanie Taylor,+1 (602) 555-1663,stephanie.taylor60@outlook.com,1867 Hillside Ave,Phoenix,AZ,"Absentee Owner / High Equity Single-Family (Est. ARV: $389,250)",93%,Found
PROSPECT-052,Seller,Motivated Homeowner,Private Residential Owner,Michael Johnson,+1 (602) 555-1676,michael.johnson67@outlook.com,1884 Broadway,Scottsdale,AZ,"Probate / Inherited Property Requiring Rehab (Est. ARV: $391,000)",92%,Found
PROSPECT-053,Seller,Motivated Homeowner,Private Residential Owner,David Smith,+1 (602) 555-1689,david.smith74@outlook.com,1901 Sunset Blvd,Mesa,AZ,"Code Violation Notice / Deferred Maintenance (Est. ARV: $392,750)",91%,Found
PROSPECT-054,Seller,Motivated Homeowner,Private Residential Owner,Jennifer Williams,+1 (305) 555-1702,jennifer.williams81@outlook.com,1918 Highland Ave,Miami,FL,"Divorce Settlement / Motivated Cash Liquidation (Est. ARV: $394,500)",99%,Found
PROSPECT-055,Seller,Motivated Homeowner,Private Residential Owner,Robert Brown,+1 (305) 555-1715,robert.brown88@outlook.com,1935 River Rd,Tampa,FL,"Relocation / As-Is Fast Cash Seller (Est. ARV: $396,250)",98%,Found
PROSPECT-056,Seller,Motivated Homeowner,Private Residential Owner,James Jones,+1 (305) 555-1728,james.jones95@outlook.com,1952 Center St,Orlando,FL,"Tired Landlord / Problem Tenant Eviction (Est. ARV: $398,000)",97%,Found
PROSPECT-057,Seller,Motivated Homeowner,Private Residential Owner,Patricia Garcia,+1 (305) 555-1741,patricia.garcia3@outlook.com,1969 Forest Dr,Jacksonville,FL,"Pre-Foreclosure / High Equity Distressed (Est. ARV: $399,750)",96%,Found
PROSPECT-058,Seller,Motivated Homeowner,Private Residential Owner,Linda Miller,+1 (310) 555-1754,linda.miller10@outlook.com,1986 Valley View St,Los Angeles,CA,"Tax Delinquent / Vacant Residential Property (Est. ARV: $401,500)",95%,Found
PROSPECT-059,Seller,Motivated Homeowner,Private Residential Owner,Elizabeth Davis,+1 (310) 555-1767,elizabeth.davis17@outlook.com,2003 Chestnut St,San Diego,CA,"Absentee Owner / High Equity Single-Family (Est. ARV: $403,250)",94%,Found
PROSPECT-060,Seller,Motivated Homeowner,Private Residential Owner,William Rodriguez,+1 (310) 555-1780,william.rodriguez24@outlook.com,2020 Walnut St,Sacramento,CA,"Probate / Inherited Property Requiring Rehab (Est. ARV: $405,000)",93%,Found
PROSPECT-061,Seller,Motivated Homeowner,Private Residential Owner,Richard Martinez,+1 (404) 555-1793,richard.martinez31@outlook.com,2037 Main St,Atlanta,GA,"Code Violation Notice / Deferred Maintenance (Est. ARV: $406,750)",92%,Found
PROSPECT-062,Seller,Motivated Homeowner,Private Residential Owner,Joseph Hernandez,+1 (404) 555-1806,joseph.hernandez38@outlook.com,2054 Oak Ave,Savannah,GA,"Divorce Settlement / Motivated Cash Liquidation (Est. ARV: $408,500)",91%,Found
PROSPECT-063,Seller,Motivated Homeowner,Private Residential Owner,Thomas Lopez,+1 (312) 555-1819,thomas.lopez45@outlook.com,2071 Maple Dr,Chicago,IL,"Relocation / As-Is Fast Cash Seller (Est. ARV: $410,250)",99%,Found
PROSPECT-064,Seller,Motivated Homeowner,Private Residential Owner,Charles Gonzalez,+1 (702) 555-1832,charles.gonzalez52@outlook.com,2088 Park Ave,Las Vegas,NV,"Tired Landlord / Problem Tenant Eviction (Est. ARV: $412,000)",98%,Found
PROSPECT-065,Seller,Motivated Homeowner,Private Residential Owner,Christopher Wilson,+1 (704) 555-1845,christopher.wilson59@outlook.com,2105 Washington St,Charlotte,NC,"Pre-Foreclosure / High Equity Distressed (Est. ARV: $413,750)",97%,Found
PROSPECT-066,Seller,Motivated Homeowner,Private Residential Owner,Daniel Anderson,+1 (206) 555-1858,daniel.anderson66@outlook.com,2122 Cedar Ln,Seattle,WA,"Tax Delinquent / Vacant Residential Property (Est. ARV: $415,500)",96%,Found
PROSPECT-067,Seller,Motivated Homeowner,Private Residential Owner,Matthew Thomas,+1 (303) 555-1871,matthew.thomas73@outlook.com,2139 Pine St,Denver,CO,"Absentee Owner / High Equity Single-Family (Est. ARV: $417,250)",95%,Found
PROSPECT-068,Seller,Motivated Homeowner,Private Residential Owner,Anthony Taylor,+1 (615) 555-1884,anthony.taylor80@outlook.com,2156 Elm St,Nashville,TN,"Probate / Inherited Property Requiring Rehab (Est. ARV: $419,000)",94%,Found
PROSPECT-069,Seller,Motivated Homeowner,Private Residential Owner,Donald Moore,+1 (212) 555-1897,donald.moore87@outlook.com,2173 View Rd,New York,NY,"Code Violation Notice / Deferred Maintenance (Est. ARV: $420,750)",93%,Found
PROSPECT-070,Seller,Motivated Homeowner,Private Residential Owner,Mark Jackson,+1 (214) 555-1910,mark.jackson94@outlook.com,2190 Lake Dr,Dallas,TX,"Divorce Settlement / Motivated Cash Liquidation (Est. ARV: $422,500)",92%,Found
PROSPECT-071,Seller,Motivated Homeowner,Private Residential Owner,Paul Martin,+1 (214) 555-1923,paul.martin2@outlook.com,2207 Hillside Ave,Austin,TX,"Relocation / As-Is Fast Cash Seller (Est. ARV: $424,250)",91%,Found
PROSPECT-072,Seller,Motivated Homeowner,Private Residential Owner,Steven Lee,+1 (214) 555-1936,steven.lee9@outlook.com,2224 Broadway,Houston,TX,"Tired Landlord / Problem Tenant Eviction (Est. ARV: $426,000)",99%,Found
PROSPECT-073,Seller,Motivated Homeowner,Private Residential Owner,Andrew Perez,+1 (214) 555-1949,andrew.perez16@outlook.com,2241 Sunset Blvd,San Antonio,TX,"Pre-Foreclosure / High Equity Distressed (Est. ARV: $427,750)",98%,Found
PROSPECT-074,Seller,Motivated Homeowner,Private Residential Owner,Kenneth Thompson,+1 (602) 555-1962,kenneth.thompson23@outlook.com,2258 Highland Ave,Phoenix,AZ,"Tax Delinquent / Vacant Residential Property (Est. ARV: $429,500)",97%,Found
PROSPECT-075,Seller,Motivated Homeowner,Private Residential Owner,Joshua White,+1 (602) 555-1975,joshua.white30@outlook.com,2275 River Rd,Scottsdale,AZ,"Absentee Owner / High Equity Single-Family (Est. ARV: $431,250)",96%,Found
PROSPECT-076,Seller,Motivated Homeowner,Private Residential Owner,Kevin Harris,+1 (602) 555-1988,kevin.harris37@outlook.com,2292 Center St,Mesa,AZ,"Probate / Inherited Property Requiring Rehab (Est. ARV: $433,000)",95%,Found
PROSPECT-077,Seller,Motivated Homeowner,Private Residential Owner,Brian Sanchez,+1 (305) 555-2001,brian.sanchez44@outlook.com,2309 Forest Dr,Miami,FL,"Code Violation Notice / Deferred Maintenance (Est. ARV: $434,750)",94%,Found
PROSPECT-078,Seller,Motivated Homeowner,Private Residential Owner,George Clark,+1 (305) 555-2014,george.clark51@outlook.com,2326 Valley View St,Tampa,FL,"Divorce Settlement / Motivated Cash Liquidation (Est. ARV: $436,500)",93%,Found
PROSPECT-079,Seller,Motivated Homeowner,Private Residential Owner,Edward Ramirez,+1 (305) 555-2027,edward.ramirez58@outlook.com,2343 Chestnut St,Orlando,FL,"Relocation / As-Is Fast Cash Seller (Est. ARV: $438,250)",92%,Found
PROSPECT-080,Seller,Motivated Homeowner,Private Residential Owner,Ronald Lewis,+1 (305) 555-2040,ronald.lewis65@outlook.com,2360 Walnut St,Jacksonville,FL,"Tired Landlord / Problem Tenant Eviction (Est. ARV: $440,000)",91%,Found
PROSPECT-081,Seller,Motivated Homeowner,Private Residential Owner,Timothy Robinson,+1 (310) 555-2053,timothy.robinson72@outlook.com,2377 Main St,Los Angeles,CA,"Pre-Foreclosure / High Equity Distressed (Est. ARV: $441,750)",99%,Found
PROSPECT-082,Seller,Motivated Homeowner,Private Residential Owner,Jason Walker,+1 (310) 555-2066,jason.walker79@outlook.com,2394 Oak Ave,San Diego,CA,"Tax Delinquent / Vacant Residential Property (Est. ARV: $443,500)",98%,Found
PROSPECT-083,Seller,Motivated Homeowner,Private Residential Owner,Jeffrey Young,+1 (310) 555-2079,jeffrey.young86@outlook.com,2411 Maple Dr,Sacramento,CA,"Absentee Owner / High Equity Single-Family (Est. ARV: $445,250)",97%,Found
PROSPECT-084,Seller,Motivated Homeowner,Private Residential Owner,Ryan Allen,+1 (404) 555-2092,ryan.allen93@outlook.com,2428 Park Ave,Atlanta,GA,"Probate / Inherited Property Requiring Rehab (Est. ARV: $447,000)",96%,Found
PROSPECT-085,Seller,Motivated Homeowner,Private Residential Owner,Jacob King,+1 (404) 555-2105,jacob.king1@outlook.com,2445 Washington St,Savannah,GA,"Code Violation Notice / Deferred Maintenance (Est. ARV: $448,750)",95%,Found
PROSPECT-086,Seller,Motivated Homeowner,Private Residential Owner,Gary Wright,+1 (312) 555-2118,gary.wright8@outlook.com,2462 Cedar Ln,Chicago,IL,"Divorce Settlement / Motivated Cash Liquidation (Est. ARV: $450,500)",94%,Found
PROSPECT-087,Seller,Motivated Homeowner,Private Residential Owner,Nicholas Scott,+1 (702) 555-2131,nicholas.scott15@outlook.com,2479 Pine St,Las Vegas,NV,"Relocation / As-Is Fast Cash Seller (Est. ARV: $452,250)",93%,Found
PROSPECT-088,Seller,Motivated Homeowner,Private Residential Owner,Eric Torres,+1 (704) 555-2144,eric.torres22@outlook.com,2496 Elm St,Charlotte,NC,"Tired Landlord / Problem Tenant Eviction (Est. ARV: $454,000)",92%,Found
PROSPECT-089,Seller,Motivated Homeowner,Private Residential Owner,Jonathan Nguyen,+1 (206) 555-2157,jonathan.nguyen29@outlook.com,2513 View Rd,Seattle,WA,"Pre-Foreclosure / High Equity Distressed (Est. ARV: $455,750)",91%,Found
PROSPECT-090,Seller,Motivated Homeowner,Private Residential Owner,Stephen Hill,+1 (303) 555-2170,stephen.hill36@outlook.com,2530 Lake Dr,Denver,CO,"Tax Delinquent / Vacant Residential Property (Est. ARV: $457,500)",99%,Found
PROSPECT-091,Seller,Motivated Homeowner,Private Residential Owner,Larry Flores,+1 (615) 555-2183,larry.flores43@outlook.com,2547 Hillside Ave,Nashville,TN,"Absentee Owner / High Equity Single-Family (Est. ARV: $459,250)",98%,Found
PROSPECT-092,Seller,Motivated Homeowner,Private Residential Owner,Justin Green,+1 (212) 555-2196,justin.green50@outlook.com,2564 Broadway,New York,NY,"Probate / Inherited Property Requiring Rehab (Est. ARV: $461,000)",97%,Found
PROSPECT-093,Seller,Motivated Homeowner,Private Residential Owner,Scott Adams,+1 (214) 555-2209,scott.adams57@outlook.com,2581 Sunset Blvd,Dallas,TX,"Code Violation Notice / Deferred Maintenance (Est. ARV: $462,750)",96%,Found
PROSPECT-094,Seller,Motivated Homeowner,Private Residential Owner,Brandon Nelson,+1 (214) 555-2222,brandon.nelson64@outlook.com,2598 Highland Ave,Austin,TX,"Divorce Settlement / Motivated Cash Liquidation (Est. ARV: $464,500)",95%,Found
PROSPECT-095,Seller,Motivated Homeowner,Private Residential Owner,Benjamin Baker,+1 (214) 555-2235,benjamin.baker71@outlook.com,2615 River Rd,Houston,TX,"Relocation / As-Is Fast Cash Seller (Est. ARV: $466,250)",94%,Found
PROSPECT-096,Seller,Motivated Homeowner,Private Residential Owner,Samuel Hall,+1 (214) 555-2248,samuel.hall78@outlook.com,2632 Center St,San Antonio,TX,"Tired Landlord / Problem Tenant Eviction (Est. ARV: $468,000)",93%,Found
PROSPECT-097,Seller,Motivated Homeowner,Private Residential Owner,Gregory Rivera,+1 (602) 555-2261,gregory.rivera85@outlook.com,2649 Forest Dr,Phoenix,AZ,"Pre-Foreclosure / High Equity Distressed (Est. ARV: $469,750)",92%,Found
PROSPECT-098,Seller,Motivated Homeowner,Private Residential Owner,Frank Campbell,+1 (602) 555-2274,frank.campbell92@outlook.com,2666 Valley View St,Scottsdale,AZ,"Tax Delinquent / Vacant Residential Property (Est. ARV: $471,500)",91%,Found
PROSPECT-099,Seller,Motivated Homeowner,Private Residential Owner,Alexander Mitchell,+1 (602) 555-2287,alexander.mitchell0@outlook.com,2683 Chestnut St,Mesa,AZ,"Absentee Owner / High Equity Single-Family (Est. ARV: $473,250)",99%,Found
PROSPECT-100,Seller,Motivated Homeowner,Private Residential Owner,Raymond Carter,+1 (305) 555-2300,raymond.carter7@outlook.com,2700 Walnut St,Miami,FL,"Probate / Inherited Property Requiring Rehab (Est. ARV: $475,000)",98%,Found
PROSPECT-101,Seller,Motivated Homeowner,Private Residential Owner,Stephanie Taylor,+1 (305) 555-2313,stephanie.taylor14@outlook.com,2717 Main St,Tampa,FL,"Code Violation Notice / Deferred Maintenance (Est. ARV: $476,750)",97%,Found
PROSPECT-102,Seller,Motivated Homeowner,Private Residential Owner,Michael Johnson,+1 (305) 555-2326,michael.johnson21@outlook.com,2734 Oak Ave,Orlando,FL,"Divorce Settlement / Motivated Cash Liquidation (Est. ARV: $478,500)",96%,Found
PROSPECT-103,Seller,Motivated Homeowner,Private Residential Owner,David Smith,+1 (305) 555-2339,david.smith28@outlook.com,2751 Maple Dr,Jacksonville,FL,"Relocation / As-Is Fast Cash Seller (Est. ARV: $480,250)",95%,Found
PROSPECT-104,Seller,Motivated Homeowner,Private Residential Owner,Jennifer Williams,+1 (310) 555-2352,jennifer.williams35@outlook.com,2768 Park Ave,Los Angeles,CA,"Tired Landlord / Problem Tenant Eviction (Est. ARV: $482,000)",94%,Found
PROSPECT-105,Seller,Motivated Homeowner,Private Residential Owner,Robert Brown,+1 (310) 555-2365,robert.brown42@outlook.com,2785 Washington St,San Diego,CA,"Pre-Foreclosure / High Equity Distressed (Est. ARV: $483,750)",93%,Found
PROSPECT-106,Seller,Motivated Homeowner,Private Residential Owner,James Jones,+1 (310) 555-2378,james.jones49@outlook.com,2802 Cedar Ln,Sacramento,CA,"Tax Delinquent / Vacant Residential Property (Est. ARV: $485,500)",92%,Found
PROSPECT-107,Seller,Motivated Homeowner,Private Residential Owner,Patricia Garcia,+1 (404) 555-2391,patricia.garcia56@outlook.com,2819 Pine St,Atlanta,GA,"Absentee Owner / High Equity Single-Family (Est. ARV: $487,250)",91%,Found
PROSPECT-108,Seller,Motivated Homeowner,Private Residential Owner,Linda Miller,+1 (404) 555-2404,linda.miller63@outlook.com,2836 Elm St,Savannah,GA,"Probate / Inherited Property Requiring Rehab (Est. ARV: $489,000)",99%,Found
PROSPECT-109,Seller,Motivated Homeowner,Private Residential Owner,Elizabeth Davis,+1 (312) 555-2417,elizabeth.davis70@outlook.com,2853 View Rd,Chicago,IL,"Code Violation Notice / Deferred Maintenance (Est. ARV: $490,750)",98%,Found
PROSPECT-110,Seller,Motivated Homeowner,Private Residential Owner,William Rodriguez,+1 (702) 555-2430,william.rodriguez77@outlook.com,2870 Lake Dr,Las Vegas,NV,"Divorce Settlement / Motivated Cash Liquidation (Est. ARV: $492,500)",97%,Found
PROSPECT-111,Seller,Motivated Homeowner,Private Residential Owner,Richard Martinez,+1 (704) 555-2443,richard.martinez84@outlook.com,2887 Hillside Ave,Charlotte,NC,"Relocation / As-Is Fast Cash Seller (Est. ARV: $494,250)",96%,Found
PROSPECT-112,Seller,Motivated Homeowner,Private Residential Owner,Joseph Hernandez,+1 (206) 555-2456,joseph.hernandez91@outlook.com,2904 Broadway,Seattle,WA,"Tired Landlord / Problem Tenant Eviction (Est. ARV: $496,000)",95%,Found
PROSPECT-113,Seller,Motivated Homeowner,Private Residential Owner,Thomas Lopez,+1 (303) 555-2469,thomas.lopez98@outlook.com,2921 Sunset Blvd,Denver,CO,"Pre-Foreclosure / High Equity Distressed (Est. ARV: $497,750)",94%,Found
PROSPECT-114,Seller,Motivated Homeowner,Private Residential Owner,Charles Gonzalez,+1 (615) 555-2482,charles.gonzalez6@outlook.com,2938 Highland Ave,Nashville,TN,"Tax Delinquent / Vacant Residential Property (Est. ARV: $499,500)",93%,Found
PROSPECT-115,Seller,Motivated Homeowner,Private Residential Owner,Christopher Wilson,+1 (212) 555-2495,christopher.wilson13@outlook.com,2955 River Rd,New York,NY,"Absentee Owner / High Equity Single-Family (Est. ARV: $501,250)",92%,Found
PROSPECT-116,Seller,Motivated Homeowner,Private Residential Owner,Daniel Anderson,+1 (214) 555-2508,daniel.anderson20@outlook.com,2972 Center St,Dallas,TX,"Probate / Inherited Property Requiring Rehab (Est. ARV: $503,000)",91%,Found
PROSPECT-117,Seller,Motivated Homeowner,Private Residential Owner,Matthew Thomas,+1 (214) 555-2521,matthew.thomas27@outlook.com,2989 Forest Dr,Austin,TX,"Code Violation Notice / Deferred Maintenance (Est. ARV: $504,750)",99%,Found
PROSPECT-118,Seller,Motivated Homeowner,Private Residential Owner,Anthony Taylor,+1 (214) 555-2534,anthony.taylor34@outlook.com,3006 Valley View St,Houston,TX,"Divorce Settlement / Motivated Cash Liquidation (Est. ARV: $506,500)",98%,Found
PROSPECT-119,Seller,Motivated Homeowner,Private Residential Owner,Donald Moore,+1 (214) 555-2547,donald.moore41@outlook.com,3023 Chestnut St,San Antonio,TX,"Relocation / As-Is Fast Cash Seller (Est. ARV: $508,250)",97%,Found
PROSPECT-120,Seller,Motivated Homeowner,Private Residential Owner,Mark Jackson,+1 (602) 555-2560,mark.jackson48@outlook.com,3040 Walnut St,Phoenix,AZ,"Tired Landlord / Problem Tenant Eviction (Est. ARV: $510,000)",96%,Found
PROSPECT-121,Seller,Motivated Homeowner,Private Residential Owner,Paul Martin,+1 (602) 555-2573,paul.martin55@outlook.com,3057 Main St,Scottsdale,AZ,"Pre-Foreclosure / High Equity Distressed (Est. ARV: $511,750)",95%,Found
PROSPECT-122,Seller,Motivated Homeowner,Private Residential Owner,Steven Lee,+1 (602) 555-2586,steven.lee62@outlook.com,3074 Oak Ave,Mesa,AZ,"Tax Delinquent / Vacant Residential Property (Est. ARV: $513,500)",94%,Found
PROSPECT-123,Seller,Motivated Homeowner,Private Residential Owner,Andrew Perez,+1 (305) 555-2599,andrew.perez69@outlook.com,3091 Maple Dr,Miami,FL,"Absentee Owner / High Equity Single-Family (Est. ARV: $515,250)",93%,Found
PROSPECT-124,Seller,Motivated Homeowner,Private Residential Owner,Kenneth Thompson,+1 (305) 555-2612,kenneth.thompson76@outlook.com,3108 Park Ave,Tampa,FL,"Probate / Inherited Property Requiring Rehab (Est. ARV: $517,000)",92%,Found
PROSPECT-125,Seller,Motivated Homeowner,Private Residential Owner,Joshua White,+1 (305) 555-2625,joshua.white83@outlook.com,3125 Washington St,Orlando,FL,"Code Violation Notice / Deferred Maintenance (Est. ARV: $518,750)",91%,Found
PROSPECT-126,Seller,Motivated Homeowner,Private Residential Owner,Kevin Harris,+1 (305) 555-2638,kevin.harris90@outlook.com,3142 Cedar Ln,Jacksonville,FL,"Divorce Settlement / Motivated Cash Liquidation (Est. ARV: $520,500)",99%,Found
PROSPECT-127,Seller,Motivated Homeowner,Private Residential Owner,Brian Sanchez,+1 (310) 555-2651,brian.sanchez97@outlook.com,3159 Pine St,Los Angeles,CA,"Relocation / As-Is Fast Cash Seller (Est. ARV: $522,250)",98%,Found
PROSPECT-128,Seller,Motivated Homeowner,Private Residential Owner,George Clark,+1 (310) 555-2664,george.clark5@outlook.com,3176 Elm St,San Diego,CA,"Tired Landlord / Problem Tenant Eviction (Est. ARV: $524,000)",97%,Found
PROSPECT-129,Seller,Motivated Homeowner,Private Residential Owner,Edward Ramirez,+1 (310) 555-2677,edward.ramirez12@outlook.com,3193 View Rd,Sacramento,CA,"Pre-Foreclosure / High Equity Distressed (Est. ARV: $525,750)",96%,Found
PROSPECT-130,Seller,Motivated Homeowner,Private Residential Owner,Ronald Lewis,+1 (404) 555-2690,ronald.lewis19@outlook.com,3210 Lake Dr,Atlanta,GA,"Tax Delinquent / Vacant Residential Property (Est. ARV: $527,500)",95%,Found
PROSPECT-131,Seller,Motivated Homeowner,Private Residential Owner,Timothy Robinson,+1 (404) 555-2703,timothy.robinson26@outlook.com,3227 Hillside Ave,Savannah,GA,"Absentee Owner / High Equity Single-Family (Est. ARV: $529,250)",94%,Found
PROSPECT-132,Seller,Motivated Homeowner,Private Residential Owner,Jason Walker,+1 (312) 555-2716,jason.walker33@outlook.com,3244 Broadway,Chicago,IL,"Probate / Inherited Property Requiring Rehab (Est. ARV: $531,000)",93%,Found
PROSPECT-133,Seller,Motivated Homeowner,Private Residential Owner,Jeffrey Young,+1 (702) 555-2729,jeffrey.young40@outlook.com,3261 Sunset Blvd,Las Vegas,NV,"Code Violation Notice / Deferred Maintenance (Est. ARV: $532,750)",92%,Found
PROSPECT-134,Seller,Motivated Homeowner,Private Residential Owner,Ryan Allen,+1 (704) 555-2742,ryan.allen47@outlook.com,3278 Highland Ave,Charlotte,NC,"Divorce Settlement / Motivated Cash Liquidation (Est. ARV: $534,500)",91%,Found
PROSPECT-135,Seller,Motivated Homeowner,Private Residential Owner,Jacob King,+1 (206) 555-2755,jacob.king54@outlook.com,3295 River Rd,Seattle,WA,"Relocation / As-Is Fast Cash Seller (Est. ARV: $536,250)",99%,Found
PROSPECT-136,Seller,Motivated Homeowner,Private Residential Owner,Gary Wright,+1 (303) 555-2768,gary.wright61@outlook.com,3312 Center St,Denver,CO,"Tired Landlord / Problem Tenant Eviction (Est. ARV: $538,000)",98%,Found
PROSPECT-137,Seller,Motivated Homeowner,Private Residential Owner,Nicholas Scott,+1 (615) 555-2781,nicholas.scott68@outlook.com,3329 Forest Dr,Nashville,TN,"Pre-Foreclosure / High Equity Distressed (Est. ARV: $539,750)",97%,Found
PROSPECT-138,Seller,Motivated Homeowner,Private Residential Owner,Eric Torres,+1 (212) 555-2794,eric.torres75@outlook.com,3346 Valley View St,New York,NY,"Tax Delinquent / Vacant Residential Property (Est. ARV: $541,500)",96%,Found
PROSPECT-139,Seller,Motivated Homeowner,Private Residential Owner,Jonathan Nguyen,+1 (214) 555-2807,jonathan.nguyen82@outlook.com,3363 Chestnut St,Dallas,TX,"Absentee Owner / High Equity Single-Family (Est. ARV: $543,250)",95%,Found
PROSPECT-140,Seller,Motivated Homeowner,Private Residential Owner,Stephen Hill,+1 (214) 555-2820,stephen.hill89@outlook.com,3380 Walnut St,Austin,TX,"Probate / Inherited Property Requiring Rehab (Est. ARV: $545,000)",94%,Found
PROSPECT-141,Seller,Motivated Homeowner,Private Residential Owner,Larry Flores,+1 (214) 555-2833,larry.flores96@outlook.com,3397 Main St,Houston,TX,"Code Violation Notice / Deferred Maintenance (Est. ARV: $546,750)",93%,Found
PROSPECT-142,Seller,Motivated Homeowner,Private Residential Owner,Justin Green,+1 (214) 555-2846,justin.green4@outlook.com,3414 Oak Ave,San Antonio,TX,"Divorce Settlement / Motivated Cash Liquidation (Est. ARV: $548,500)",92%,Found
PROSPECT-143,Seller,Motivated Homeowner,Private Residential Owner,Scott Adams,+1 (602) 555-2859,scott.adams11@outlook.com,3431 Maple Dr,Phoenix,AZ,"Relocation / As-Is Fast Cash Seller (Est. ARV: $550,250)",91%,Found
PROSPECT-144,Seller,Motivated Homeowner,Private Residential Owner,Brandon Nelson,+1 (602) 555-2872,brandon.nelson18@outlook.com,3448 Park Ave,Scottsdale,AZ,"Tired Landlord / Problem Tenant Eviction (Est. ARV: $552,000)",99%,Found
PROSPECT-145,Seller,Motivated Homeowner,Private Residential Owner,Benjamin Baker,+1 (602) 555-2885,benjamin.baker25@outlook.com,3465 Washington St,Mesa,AZ,"Pre-Foreclosure / High Equity Distressed (Est. ARV: $553,750)",98%,Found
PROSPECT-146,Seller,Motivated Homeowner,Private Residential Owner,Samuel Hall,+1 (305) 555-2898,samuel.hall32@outlook.com,3482 Cedar Ln,Miami,FL,"Tax Delinquent / Vacant Residential Property (Est. ARV: $555,500)",97%,Found
PROSPECT-147,Seller,Motivated Homeowner,Private Residential Owner,Gregory Rivera,+1 (305) 555-2911,gregory.rivera39@outlook.com,3499 Pine St,Tampa,FL,"Absentee Owner / High Equity Single-Family (Est. ARV: $557,250)",96%,Found
PROSPECT-148,Seller,Motivated Homeowner,Private Residential Owner,Frank Campbell,+1 (305) 555-2924,frank.campbell46@outlook.com,3516 Elm St,Orlando,FL,"Probate / Inherited Property Requiring Rehab (Est. ARV: $559,000)",95%,Found
PROSPECT-149,Seller,Motivated Homeowner,Private Residential Owner,Alexander Mitchell,+1 (305) 555-2937,alexander.mitchell53@outlook.com,3533 View Rd,Jacksonville,FL,"Code Violation Notice / Deferred Maintenance (Est. ARV: $560,750)",94%,Found
PROSPECT-150,Seller,Motivated Homeowner,Private Residential Owner,Raymond Carter,+1 (310) 555-2950,raymond.carter60@outlook.com,3550 Lake Dr,Los Angeles,CA,"Divorce Settlement / Motivated Cash Liquidation (Est. ARV: $562,500)",93%,Found
PROSPECT-151,Seller,Motivated Homeowner,Private Residential Owner,Stephanie Taylor,+1 (310) 555-2963,stephanie.taylor67@outlook.com,3567 Hillside Ave,San Diego,CA,"Relocation / As-Is Fast Cash Seller (Est. ARV: $564,250)",92%,Found
PROSPECT-152,Seller,Motivated Homeowner,Private Residential Owner,Michael Johnson,+1 (310) 555-2976,michael.johnson74@outlook.com,3584 Broadway,Sacramento,CA,"Tired Landlord / Problem Tenant Eviction (Est. ARV: $566,000)",91%,Found
PROSPECT-153,Seller,Motivated Homeowner,Private Residential Owner,David Smith,+1 (404) 555-2989,david.smith81@outlook.com,3601 Sunset Blvd,Atlanta,GA,"Pre-Foreclosure / High Equity Distressed (Est. ARV: $567,750)",99%,Found
PROSPECT-154,Seller,Motivated Homeowner,Private Residential Owner,Jennifer Williams,+1 (404) 555-3002,jennifer.williams88@outlook.com,3618 Highland Ave,Savannah,GA,"Tax Delinquent / Vacant Residential Property (Est. ARV: $569,500)",98%,Found
PROSPECT-155,Seller,Motivated Homeowner,Private Residential Owner,Robert Brown,+1 (312) 555-3015,robert.brown95@outlook.com,3635 River Rd,Chicago,IL,"Absentee Owner / High Equity Single-Family (Est. ARV: $571,250)",97%,Found
PROSPECT-156,Seller,Motivated Homeowner,Private Residential Owner,James Jones,+1 (702) 555-3028,james.jones3@outlook.com,3652 Center St,Las Vegas,NV,"Probate / Inherited Property Requiring Rehab (Est. ARV: $573,000)",96%,Found
PROSPECT-157,Seller,Motivated Homeowner,Private Residential Owner,Patricia Garcia,+1 (704) 555-3041,patricia.garcia10@outlook.com,3669 Forest Dr,Charlotte,NC,"Code Violation Notice / Deferred Maintenance (Est. ARV: $574,750)",95%,Found
PROSPECT-158,Seller,Motivated Homeowner,Private Residential Owner,Linda Miller,+1 (206) 555-3054,linda.miller17@outlook.com,3686 Valley View St,Seattle,WA,"Divorce Settlement / Motivated Cash Liquidation (Est. ARV: $576,500)",94%,Found
PROSPECT-159,Seller,Motivated Homeowner,Private Residential Owner,Elizabeth Davis,+1 (303) 555-3067,elizabeth.davis24@outlook.com,3703 Chestnut St,Denver,CO,"Relocation / As-Is Fast Cash Seller (Est. ARV: $578,250)",93%,Found
PROSPECT-160,Seller,Motivated Homeowner,Private Residential Owner,William Rodriguez,+1 (615) 555-3080,william.rodriguez31@outlook.com,3720 Walnut St,Nashville,TN,"Tired Landlord / Problem Tenant Eviction (Est. ARV: $580,000)",92%,Found
PROSPECT-161,Seller,Motivated Homeowner,Private Residential Owner,Richard Martinez,+1 (212) 555-3093,richard.martinez38@outlook.com,3737 Main St,New York,NY,"Pre-Foreclosure / High Equity Distressed (Est. ARV: $581,750)",91%,Found
PROSPECT-162,Seller,Motivated Homeowner,Private Residential Owner,Joseph Hernandez,+1 (214) 555-3106,joseph.hernandez45@outlook.com,3754 Oak Ave,Dallas,TX,"Tax Delinquent / Vacant Residential Property (Est. ARV: $583,500)",99%,Found
PROSPECT-163,Seller,Motivated Homeowner,Private Residential Owner,Thomas Lopez,+1 (214) 555-3119,thomas.lopez52@outlook.com,3771 Maple Dr,Austin,TX,"Absentee Owner / High Equity Single-Family (Est. ARV: $585,250)",98%,Found
PROSPECT-164,Seller,Motivated Homeowner,Private Residential Owner,Charles Gonzalez,+1 (214) 555-3132,charles.gonzalez59@outlook.com,3788 Park Ave,Houston,TX,"Probate / Inherited Property Requiring Rehab (Est. ARV: $587,000)",97%,Found
PROSPECT-165,Seller,Motivated Homeowner,Private Residential Owner,Christopher Wilson,+1 (214) 555-3145,christopher.wilson66@outlook.com,3805 Washington St,San Antonio,TX,"Code Violation Notice / Deferred Maintenance (Est. ARV: $588,750)",96%,Found
PROSPECT-166,Seller,Motivated Homeowner,Private Residential Owner,Daniel Anderson,+1 (602) 555-3158,daniel.anderson73@outlook.com,3822 Cedar Ln,Phoenix,AZ,"Divorce Settlement / Motivated Cash Liquidation (Est. ARV: $590,500)",95%,Found
PROSPECT-167,Seller,Motivated Homeowner,Private Residential Owner,Matthew Thomas,+1 (602) 555-3171,matthew.thomas80@outlook.com,3839 Pine St,Scottsdale,AZ,"Relocation / As-Is Fast Cash Seller (Est. ARV: $592,250)",94%,Found
PROSPECT-168,Seller,Motivated Homeowner,Private Residential Owner,Anthony Taylor,+1 (602) 555-3184,anthony.taylor87@outlook.com,3856 Elm St,Mesa,AZ,"Tired Landlord / Problem Tenant Eviction (Est. ARV: $594,000)",93%,Found
PROSPECT-169,Seller,Motivated Homeowner,Private Residential Owner,Donald Moore,+1 (305) 555-3197,donald.moore94@outlook.com,3873 View Rd,Miami,FL,"Pre-Foreclosure / High Equity Distressed (Est. ARV: $595,750)",92%,Found
PROSPECT-170,Seller,Motivated Homeowner,Private Residential Owner,Mark Jackson,+1 (305) 555-3210,mark.jackson2@outlook.com,3890 Lake Dr,Tampa,FL,"Tax Delinquent / Vacant Residential Property (Est. ARV: $597,500)",91%,Found
PROSPECT-171,Seller,Motivated Homeowner,Private Residential Owner,Paul Martin,+1 (305) 555-3223,paul.martin9@outlook.com,3907 Hillside Ave,Orlando,FL,"Absentee Owner / High Equity Single-Family (Est. ARV: $599,250)",99%,Found
PROSPECT-172,Seller,Motivated Homeowner,Private Residential Owner,Steven Lee,+1 (305) 555-3236,steven.lee16@outlook.com,3924 Broadway,Jacksonville,FL,"Probate / Inherited Property Requiring Rehab (Est. ARV: $601,000)",98%,Found
PROSPECT-173,Seller,Motivated Homeowner,Private Residential Owner,Andrew Perez,+1 (310) 555-3249,andrew.perez23@outlook.com,3941 Sunset Blvd,Los Angeles,CA,"Code Violation Notice / Deferred Maintenance (Est. ARV: $602,750)",97%,Found
PROSPECT-174,Seller,Motivated Homeowner,Private Residential Owner,Kenneth Thompson,+1 (310) 555-3262,kenneth.thompson30@outlook.com,3958 Highland Ave,San Diego,CA,"Divorce Settlement / Motivated Cash Liquidation (Est. ARV: $604,500)",96%,Found
PROSPECT-175,Seller,Motivated Homeowner,Private Residential Owner,Joshua White,+1 (310) 555-3275,joshua.white37@outlook.com,3975 River Rd,Sacramento,CA,"Relocation / As-Is Fast Cash Seller (Est. ARV: $606,250)",95%,Found
PROSPECT-176,Seller,Motivated Homeowner,Private Residential Owner,Kevin Harris,+1 (404) 555-3288,kevin.harris44@outlook.com,3992 Center St,Atlanta,GA,"Tired Landlord / Problem Tenant Eviction (Est. ARV: $608,000)",94%,Found
PROSPECT-177,Seller,Motivated Homeowner,Private Residential Owner,Brian Sanchez,+1 (404) 555-3301,brian.sanchez51@outlook.com,4009 Forest Dr,Savannah,GA,"Pre-Foreclosure / High Equity Distressed (Est. ARV: $609,750)",93%,Found
PROSPECT-178,Seller,Motivated Homeowner,Private Residential Owner,George Clark,+1 (312) 555-3314,george.clark58@outlook.com,4026 Valley View St,Chicago,IL,"Tax Delinquent / Vacant Residential Property (Est. ARV: $611,500)",92%,Found
PROSPECT-179,Seller,Motivated Homeowner,Private Residential Owner,Edward Ramirez,+1 (702) 555-3327,edward.ramirez65@outlook.com,4043 Chestnut St,Las Vegas,NV,"Absentee Owner / High Equity Single-Family (Est. ARV: $613,250)",91%,Found
PROSPECT-180,Seller,Motivated Homeowner,Private Residential Owner,Ronald Lewis,+1 (704) 555-3340,ronald.lewis72@outlook.com,4060 Walnut St,Charlotte,NC,"Probate / Inherited Property Requiring Rehab (Est. ARV: $615,000)",99%,Found
PROSPECT-181,Seller,Motivated Homeowner,Private Residential Owner,Timothy Robinson,+1 (206) 555-3353,timothy.robinson79@outlook.com,4077 Main St,Seattle,WA,"Code Violation Notice / Deferred Maintenance (Est. ARV: $616,750)",98%,Found
PROSPECT-182,Seller,Motivated Homeowner,Private Residential Owner,Jason Walker,+1 (303) 555-3366,jason.walker86@outlook.com,4094 Oak Ave,Denver,CO,"Divorce Settlement / Motivated Cash Liquidation (Est. ARV: $618,500)",97%,Found
PROSPECT-183,Seller,Motivated Homeowner,Private Residential Owner,Jeffrey Young,+1 (615) 555-3379,jeffrey.young93@outlook.com,4111 Maple Dr,Nashville,TN,"Relocation / As-Is Fast Cash Seller (Est. ARV: $620,250)",96%,Found
PROSPECT-184,Seller,Motivated Homeowner,Private Residential Owner,Ryan Allen,+1 (212) 555-3392,ryan.allen1@outlook.com,4128 Park Ave,New York,NY,"Tired Landlord / Problem Tenant Eviction (Est. ARV: $622,000)",95%,Found
PROSPECT-185,Seller,Motivated Homeowner,Private Residential Owner,Jacob King,+1 (214) 555-3405,jacob.king8@outlook.com,4145 Washington St,Dallas,TX,"Pre-Foreclosure / High Equity Distressed (Est. ARV: $623,750)",94%,Found
PROSPECT-186,Seller,Motivated Homeowner,Private Residential Owner,Gary Wright,+1 (214) 555-3418,gary.wright15@outlook.com,4162 Cedar Ln,Austin,TX,"Tax Delinquent / Vacant Residential Property (Est. ARV: $625,500)",93%,Found
PROSPECT-187,Seller,Motivated Homeowner,Private Residential Owner,Nicholas Scott,+1 (214) 555-3431,nicholas.scott22@outlook.com,4179 Pine St,Houston,TX,"Absentee Owner / High Equity Single-Family (Est. ARV: $627,250)",92%,Found
PROSPECT-188,Seller,Motivated Homeowner,Private Residential Owner,Eric Torres,+1 (214) 555-3444,eric.torres29@outlook.com,4196 Elm St,San Antonio,TX,"Probate / Inherited Property Requiring Rehab (Est. ARV: $629,000)",91%,Found
PROSPECT-189,Seller,Motivated Homeowner,Private Residential Owner,Jonathan Nguyen,+1 (602) 555-3457,jonathan.nguyen36@outlook.com,4213 View Rd,Phoenix,AZ,"Code Violation Notice / Deferred Maintenance (Est. ARV: $630,750)",99%,Found
PROSPECT-190,Seller,Motivated Homeowner,Private Residential Owner,Stephen Hill,+1 (602) 555-3470,stephen.hill43@outlook.com,4230 Lake Dr,Scottsdale,AZ,"Divorce Settlement / Motivated Cash Liquidation (Est. ARV: $632,500)",98%,Found
PROSPECT-191,Seller,Motivated Homeowner,Private Residential Owner,Larry Flores,+1 (602) 555-3483,larry.flores50@outlook.com,4247 Hillside Ave,Mesa,AZ,"Relocation / As-Is Fast Cash Seller (Est. ARV: $634,250)",97%,Found
PROSPECT-192,Seller,Motivated Homeowner,Private Residential Owner,Justin Green,+1 (305) 555-3496,justin.green57@outlook.com,4264 Broadway,Miami,FL,"Tired Landlord / Problem Tenant Eviction (Est. ARV: $636,000)",96%,Found
PROSPECT-193,Seller,Motivated Homeowner,Private Residential Owner,Scott Adams,+1 (305) 555-3509,scott.adams64@outlook.com,4281 Sunset Blvd,Tampa,FL,"Pre-Foreclosure / High Equity Distressed (Est. ARV: $637,750)",95%,Found
PROSPECT-194,Seller,Motivated Homeowner,Private Residential Owner,Brandon Nelson,+1 (305) 555-3522,brandon.nelson71@outlook.com,4298 Highland Ave,Orlando,FL,"Tax Delinquent / Vacant Residential Property (Est. ARV: $639,500)",94%,Found
PROSPECT-195,Seller,Motivated Homeowner,Private Residential Owner,Benjamin Baker,+1 (305) 555-3535,benjamin.baker78@outlook.com,4315 River Rd,Jacksonville,FL,"Absentee Owner / High Equity Single-Family (Est. ARV: $641,250)",93%,Found
PROSPECT-196,Seller,Motivated Homeowner,Private Residential Owner,Samuel Hall,+1 (310) 555-3548,samuel.hall85@outlook.com,4332 Center St,Los Angeles,CA,"Probate / Inherited Property Requiring Rehab (Est. ARV: $643,000)",92%,Found
PROSPECT-197,Seller,Motivated Homeowner,Private Residential Owner,Gregory Rivera,+1 (310) 555-3561,gregory.rivera92@outlook.com,4349 Forest Dr,San Diego,CA,"Code Violation Notice / Deferred Maintenance (Est. ARV: $644,750)",91%,Found
PROSPECT-198,Seller,Motivated Homeowner,Private Residential Owner,Frank Campbell,+1 (310) 555-3574,frank.campbell0@outlook.com,4366 Valley View St,Sacramento,CA,"Divorce Settlement / Motivated Cash Liquidation (Est. ARV: $646,500)",99%,Found
PROSPECT-199,Seller,Motivated Homeowner,Private Residential Owner,Alexander Mitchell,+1 (404) 555-3587,alexander.mitchell7@outlook.com,4383 Chestnut St,Atlanta,GA,"Relocation / As-Is Fast Cash Seller (Est. ARV: $648,250)",98%,Found
PROSPECT-200,Seller,Motivated Homeowner,Private Residential Owner,Raymond Carter,+1 (404) 555-3600,raymond.carter14@outlook.com,4400 Walnut St,Savannah,GA,"Tired Landlord / Problem Tenant Eviction (Est. ARV: $650,000)",97%,Found
PROSPECT-201,Seller,Motivated Homeowner,Private Residential Owner,Stephanie Taylor,+1 (312) 555-3613,stephanie.taylor21@outlook.com,4417 Main St,Chicago,IL,"Pre-Foreclosure / High Equity Distressed (Est. ARV: $651,750)",96%,Found
PROSPECT-202,Seller,Motivated Homeowner,Private Residential Owner,Michael Johnson,+1 (702) 555-3626,michael.johnson28@outlook.com,4434 Oak Ave,Las Vegas,NV,"Tax Delinquent / Vacant Residential Property (Est. ARV: $653,500)",95%,Found
PROSPECT-203,Seller,Motivated Homeowner,Private Residential Owner,David Smith,+1 (704) 555-3639,david.smith35@outlook.com,4451 Maple Dr,Charlotte,NC,"Absentee Owner / High Equity Single-Family (Est. ARV: $655,250)",94%,Found
PROSPECT-204,Seller,Motivated Homeowner,Private Residential Owner,Jennifer Williams,+1 (206) 555-3652,jennifer.williams42@outlook.com,4468 Park Ave,Seattle,WA,"Probate / Inherited Property Requiring Rehab (Est. ARV: $657,000)",93%,Found
PROSPECT-205,Seller,Motivated Homeowner,Private Residential Owner,Robert Brown,+1 (303) 555-3665,robert.brown49@outlook.com,4485 Washington St,Denver,CO,"Code Violation Notice / Deferred Maintenance (Est. ARV: $658,750)",92%,Found
PROSPECT-206,Seller,Motivated Homeowner,Private Residential Owner,James Jones,+1 (615) 555-3678,james.jones56@outlook.com,4502 Cedar Ln,Nashville,TN,"Divorce Settlement / Motivated Cash Liquidation (Est. ARV: $660,500)",91%,Found
PROSPECT-207,Seller,Motivated Homeowner,Private Residential Owner,Patricia Garcia,+1 (212) 555-3691,patricia.garcia63@outlook.com,4519 Pine St,New York,NY,"Relocation / As-Is Fast Cash Seller (Est. ARV: $662,250)",99%,Found
PROSPECT-208,Seller,Motivated Homeowner,Private Residential Owner,Linda Miller,+1 (214) 555-3704,linda.miller70@outlook.com,4536 Elm St,Dallas,TX,"Tired Landlord / Problem Tenant Eviction (Est. ARV: $664,000)",98%,Found
PROSPECT-209,Seller,Motivated Homeowner,Private Residential Owner,Elizabeth Davis,+1 (214) 555-3717,elizabeth.davis77@outlook.com,4553 View Rd,Austin,TX,"Pre-Foreclosure / High Equity Distressed (Est. ARV: $665,750)",97%,Found
PROSPECT-210,Seller,Motivated Homeowner,Private Residential Owner,William Rodriguez,+1 (214) 555-3730,william.rodriguez84@outlook.com,4570 Lake Dr,Houston,TX,"Tax Delinquent / Vacant Residential Property (Est. ARV: $667,500)",96%,Found
PROSPECT-211,Seller,Motivated Homeowner,Private Residential Owner,Richard Martinez,+1 (214) 555-3743,richard.martinez91@outlook.com,4587 Hillside Ave,San Antonio,TX,"Absentee Owner / High Equity Single-Family (Est. ARV: $669,250)",95%,Found
PROSPECT-212,Seller,Motivated Homeowner,Private Residential Owner,Joseph Hernandez,+1 (602) 555-3756,joseph.hernandez98@outlook.com,4604 Broadway,Phoenix,AZ,"Probate / Inherited Property Requiring Rehab (Est. ARV: $671,000)",94%,Found
PROSPECT-213,Seller,Motivated Homeowner,Private Residential Owner,Thomas Lopez,+1 (602) 555-3769,thomas.lopez6@outlook.com,4621 Sunset Blvd,Scottsdale,AZ,"Code Violation Notice / Deferred Maintenance (Est. ARV: $672,750)",93%,Found
PROSPECT-214,Seller,Motivated Homeowner,Private Residential Owner,Charles Gonzalez,+1 (602) 555-3782,charles.gonzalez13@outlook.com,4638 Highland Ave,Mesa,AZ,"Divorce Settlement / Motivated Cash Liquidation (Est. ARV: $674,500)",92%,Found
PROSPECT-215,Seller,Motivated Homeowner,Private Residential Owner,Christopher Wilson,+1 (305) 555-3795,christopher.wilson20@outlook.com,4655 River Rd,Miami,FL,"Relocation / As-Is Fast Cash Seller (Est. ARV: $676,250)",91%,Found
PROSPECT-216,Seller,Motivated Homeowner,Private Residential Owner,Daniel Anderson,+1 (305) 555-3808,daniel.anderson27@outlook.com,4672 Center St,Tampa,FL,"Tired Landlord / Problem Tenant Eviction (Est. ARV: $678,000)",99%,Found
PROSPECT-217,Seller,Motivated Homeowner,Private Residential Owner,Matthew Thomas,+1 (305) 555-3821,matthew.thomas34@outlook.com,4689 Forest Dr,Orlando,FL,"Pre-Foreclosure / High Equity Distressed (Est. ARV: $679,750)",98%,Found
PROSPECT-218,Seller,Motivated Homeowner,Private Residential Owner,Anthony Taylor,+1 (305) 555-3834,anthony.taylor41@outlook.com,4706 Valley View St,Jacksonville,FL,"Tax Delinquent / Vacant Residential Property (Est. ARV: $681,500)",97%,Found
PROSPECT-219,Seller,Motivated Homeowner,Private Residential Owner,Donald Moore,+1 (310) 555-3847,donald.moore48@outlook.com,4723 Chestnut St,Los Angeles,CA,"Absentee Owner / High Equity Single-Family (Est. ARV: $683,250)",96%,Found
PROSPECT-220,Seller,Motivated Homeowner,Private Residential Owner,Mark Jackson,+1 (310) 555-3860,mark.jackson55@outlook.com,4740 Walnut St,San Diego,CA,"Probate / Inherited Property Requiring Rehab (Est. ARV: $685,000)",95%,Found
PROSPECT-221,Seller,Motivated Homeowner,Private Residential Owner,Paul Martin,+1 (310) 555-3873,paul.martin62@outlook.com,4757 Main St,Sacramento,CA,"Code Violation Notice / Deferred Maintenance (Est. ARV: $686,750)",94%,Found
PROSPECT-222,Seller,Motivated Homeowner,Private Residential Owner,Steven Lee,+1 (404) 555-3886,steven.lee69@outlook.com,4774 Oak Ave,Atlanta,GA,"Divorce Settlement / Motivated Cash Liquidation (Est. ARV: $688,500)",93%,Found
PROSPECT-223,Seller,Motivated Homeowner,Private Residential Owner,Andrew Perez,+1 (404) 555-3899,andrew.perez76@outlook.com,4791 Maple Dr,Savannah,GA,"Relocation / As-Is Fast Cash Seller (Est. ARV: $690,250)",92%,Found
PROSPECT-224,Seller,Motivated Homeowner,Private Residential Owner,Kenneth Thompson,+1 (312) 555-3912,kenneth.thompson83@outlook.com,4808 Park Ave,Chicago,IL,"Tired Landlord / Problem Tenant Eviction (Est. ARV: $692,000)",91%,Found
PROSPECT-225,Seller,Motivated Homeowner,Private Residential Owner,Joshua White,+1 (702) 555-3925,joshua.white90@outlook.com,4825 Washington St,Las Vegas,NV,"Pre-Foreclosure / High Equity Distressed (Est. ARV: $693,750)",99%,Found
PROSPECT-226,Seller,Motivated Homeowner,Private Residential Owner,Kevin Harris,+1 (704) 555-3938,kevin.harris97@outlook.com,4842 Cedar Ln,Charlotte,NC,"Tax Delinquent / Vacant Residential Property (Est. ARV: $695,500)",98%,Found
PROSPECT-227,Seller,Motivated Homeowner,Private Residential Owner,Brian Sanchez,+1 (206) 555-3951,brian.sanchez5@outlook.com,4859 Pine St,Seattle,WA,"Absentee Owner / High Equity Single-Family (Est. ARV: $697,250)",97%,Found
PROSPECT-228,Seller,Motivated Homeowner,Private Residential Owner,George Clark,+1 (303) 555-3964,george.clark12@outlook.com,4876 Elm St,Denver,CO,"Probate / Inherited Property Requiring Rehab (Est. ARV: $699,000)",96%,Found
PROSPECT-229,Seller,Motivated Homeowner,Private Residential Owner,Edward Ramirez,+1 (615) 555-3977,edward.ramirez19@outlook.com,4893 View Rd,Nashville,TN,"Code Violation Notice / Deferred Maintenance (Est. ARV: $700,750)",95%,Found
PROSPECT-230,Seller,Motivated Homeowner,Private Residential Owner,Ronald Lewis,+1 (212) 555-3990,ronald.lewis26@outlook.com,4910 Lake Dr,New York,NY,"Divorce Settlement / Motivated Cash Liquidation (Est. ARV: $702,500)",94%,Found
PROSPECT-231,Seller,Motivated Homeowner,Private Residential Owner,Timothy Robinson,+1 (214) 555-4003,timothy.robinson33@outlook.com,4927 Hillside Ave,Dallas,TX,"Relocation / As-Is Fast Cash Seller (Est. ARV: $704,250)",93%,Found
PROSPECT-232,Seller,Motivated Homeowner,Private Residential Owner,Jason Walker,+1 (214) 555-4016,jason.walker40@outlook.com,4944 Broadway,Austin,TX,"Tired Landlord / Problem Tenant Eviction (Est. ARV: $706,000)",92%,Found
PROSPECT-233,Seller,Motivated Homeowner,Private Residential Owner,Jeffrey Young,+1 (214) 555-4029,jeffrey.young47@outlook.com,4961 Sunset Blvd,Houston,TX,"Pre-Foreclosure / High Equity Distressed (Est. ARV: $707,750)",91%,Found
PROSPECT-234,Seller,Motivated Homeowner,Private Residential Owner,Ryan Allen,+1 (214) 555-4042,ryan.allen54@outlook.com,4978 Highland Ave,San Antonio,TX,"Tax Delinquent / Vacant Residential Property (Est. ARV: $709,500)",99%,Found
PROSPECT-235,Seller,Motivated Homeowner,Private Residential Owner,Jacob King,+1 (602) 555-4055,jacob.king61@outlook.com,4995 River Rd,Phoenix,AZ,"Absentee Owner / High Equity Single-Family (Est. ARV: $711,250)",98%,Found
PROSPECT-236,Seller,Motivated Homeowner,Private Residential Owner,Gary Wright,+1 (602) 555-4068,gary.wright68@outlook.com,5012 Center St,Scottsdale,AZ,"Probate / Inherited Property Requiring Rehab (Est. ARV: $713,000)",97%,Found
PROSPECT-237,Seller,Motivated Homeowner,Private Residential Owner,Nicholas Scott,+1 (602) 555-4081,nicholas.scott75@outlook.com,5029 Forest Dr,Mesa,AZ,"Code Violation Notice / Deferred Maintenance (Est. ARV: $714,750)",96%,Found
PROSPECT-238,Seller,Motivated Homeowner,Private Residential Owner,Eric Torres,+1 (305) 555-4094,eric.torres82@outlook.com,5046 Valley View St,Miami,FL,"Divorce Settlement / Motivated Cash Liquidation (Est. ARV: $716,500)",95%,Found
PROSPECT-239,Seller,Motivated Homeowner,Private Residential Owner,Jonathan Nguyen,+1 (305) 555-4107,jonathan.nguyen89@outlook.com,5063 Chestnut St,Tampa,FL,"Relocation / As-Is Fast Cash Seller (Est. ARV: $718,250)",94%,Found
PROSPECT-240,Seller,Motivated Homeowner,Private Residential Owner,Stephen Hill,+1 (305) 555-4120,stephen.hill96@outlook.com,5080 Walnut St,Orlando,FL,"Tired Landlord / Problem Tenant Eviction (Est. ARV: $720,000)",93%,Found
PROSPECT-241,Seller,Motivated Homeowner,Private Residential Owner,Larry Flores,+1 (305) 555-4133,larry.flores4@outlook.com,5097 Main St,Jacksonville,FL,"Pre-Foreclosure / High Equity Distressed (Est. ARV: $721,750)",92%,Found
PROSPECT-242,Seller,Motivated Homeowner,Private Residential Owner,Justin Green,+1 (310) 555-4146,justin.green11@outlook.com,5114 Oak Ave,Los Angeles,CA,"Tax Delinquent / Vacant Residential Property (Est. ARV: $723,500)",91%,Found
PROSPECT-243,Seller,Motivated Homeowner,Private Residential Owner,Scott Adams,+1 (310) 555-4159,scott.adams18@outlook.com,5131 Maple Dr,San Diego,CA,"Absentee Owner / High Equity Single-Family (Est. ARV: $725,250)",99%,Found
PROSPECT-244,Seller,Motivated Homeowner,Private Residential Owner,Brandon Nelson,+1 (310) 555-4172,brandon.nelson25@outlook.com,5148 Park Ave,Sacramento,CA,"Probate / Inherited Property Requiring Rehab (Est. ARV: $727,000)",98%,Found
PROSPECT-245,Seller,Motivated Homeowner,Private Residential Owner,Benjamin Baker,+1 (404) 555-4185,benjamin.baker32@outlook.com,5165 Washington St,Atlanta,GA,"Code Violation Notice / Deferred Maintenance (Est. ARV: $728,750)",97%,Found
PROSPECT-246,Seller,Motivated Homeowner,Private Residential Owner,Samuel Hall,+1 (404) 555-4198,samuel.hall39@outlook.com,5182 Cedar Ln,Savannah,GA,"Divorce Settlement / Motivated Cash Liquidation (Est. ARV: $730,500)",96%,Found
PROSPECT-247,Seller,Motivated Homeowner,Private Residential Owner,Gregory Rivera,+1 (312) 555-4211,gregory.rivera46@outlook.com,5199 Pine St,Chicago,IL,"Relocation / As-Is Fast Cash Seller (Est. ARV: $732,250)",95%,Found
PROSPECT-248,Seller,Motivated Homeowner,Private Residential Owner,Frank Campbell,+1 (702) 555-4224,frank.campbell53@outlook.com,5216 Elm St,Las Vegas,NV,"Tired Landlord / Problem Tenant Eviction (Est. ARV: $734,000)",94%,Found
PROSPECT-249,Seller,Motivated Homeowner,Private Residential Owner,Alexander Mitchell,+1 (704) 555-4237,alexander.mitchell60@outlook.com,5233 View Rd,Charlotte,NC,"Pre-Foreclosure / High Equity Distressed (Est. ARV: $735,750)",93%,Found
PROSPECT-250,Seller,Motivated Homeowner,Private Residential Owner,Raymond Carter,+1 (206) 555-4250,raymond.carter67@outlook.com,5250 Lake Dr,Seattle,WA,"Tax Delinquent / Vacant Residential Property (Est. ARV: $737,500)",92%,Found
PROSPECT-251,Seller,Motivated Homeowner,Private Residential Owner,Stephanie Taylor,+1 (303) 555-4263,stephanie.taylor74@outlook.com,5267 Hillside Ave,Denver,CO,"Absentee Owner / High Equity Single-Family (Est. ARV: $739,250)",91%,Found
PROSPECT-252,Seller,Motivated Homeowner,Private Residential Owner,Michael Johnson,+1 (615) 555-4276,michael.johnson81@outlook.com,5284 Broadway,Nashville,TN,"Probate / Inherited Property Requiring Rehab (Est. ARV: $741,000)",99%,Found
PROSPECT-253,Seller,Motivated Homeowner,Private Residential Owner,David Smith,+1 (212) 555-4289,david.smith88@outlook.com,5301 Sunset Blvd,New York,NY,"Code Violation Notice / Deferred Maintenance (Est. ARV: $742,750)",98%,Found
PROSPECT-254,Seller,Motivated Homeowner,Private Residential Owner,Jennifer Williams,+1 (214) 555-4302,jennifer.williams95@outlook.com,5318 Highland Ave,Dallas,TX,"Divorce Settlement / Motivated Cash Liquidation (Est. ARV: $744,500)",97%,Found
PROSPECT-255,Seller,Motivated Homeowner,Private Residential Owner,Robert Brown,+1 (214) 555-4315,robert.brown3@outlook.com,5335 River Rd,Austin,TX,"Relocation / As-Is Fast Cash Seller (Est. ARV: $746,250)",96%,Found
PROSPECT-256,Seller,Motivated Homeowner,Private Residential Owner,James Jones,+1 (214) 555-4328,james.jones10@outlook.com,5352 Center St,Houston,TX,"Tired Landlord / Problem Tenant Eviction (Est. ARV: $748,000)",95%,Found
PROSPECT-257,Seller,Motivated Homeowner,Private Residential Owner,Patricia Garcia,+1 (214) 555-4341,patricia.garcia17@outlook.com,5369 Forest Dr,San Antonio,TX,"Pre-Foreclosure / High Equity Distressed (Est. ARV: $749,750)",94%,Found
PROSPECT-258,Seller,Motivated Homeowner,Private Residential Owner,Linda Miller,+1 (602) 555-4354,linda.miller24@outlook.com,5386 Valley View St,Phoenix,AZ,"Tax Delinquent / Vacant Residential Property (Est. ARV: $751,500)",93%,Found
PROSPECT-259,Seller,Motivated Homeowner,Private Residential Owner,Elizabeth Davis,+1 (602) 555-4367,elizabeth.davis31@outlook.com,5403 Chestnut St,Scottsdale,AZ,"Absentee Owner / High Equity Single-Family (Est. ARV: $753,250)",92%,Found
PROSPECT-260,Seller,Motivated Homeowner,Private Residential Owner,William Rodriguez,+1 (602) 555-4380,william.rodriguez38@outlook.com,5420 Walnut St,Mesa,AZ,"Probate / Inherited Property Requiring Rehab (Est. ARV: $755,000)",91%,Found
PROSPECT-261,Seller,Motivated Homeowner,Private Residential Owner,Richard Martinez,+1 (305) 555-4393,richard.martinez45@outlook.com,5437 Main St,Miami,FL,"Code Violation Notice / Deferred Maintenance (Est. ARV: $756,750)",99%,Found
PROSPECT-262,Seller,Motivated Homeowner,Private Residential Owner,Joseph Hernandez,+1 (305) 555-4406,joseph.hernandez52@outlook.com,5454 Oak Ave,Tampa,FL,"Divorce Settlement / Motivated Cash Liquidation (Est. ARV: $758,500)",98%,Found
PROSPECT-263,Seller,Motivated Homeowner,Private Residential Owner,Thomas Lopez,+1 (305) 555-4419,thomas.lopez59@outlook.com,5471 Maple Dr,Orlando,FL,"Relocation / As-Is Fast Cash Seller (Est. ARV: $760,250)",97%,Found
PROSPECT-264,Seller,Motivated Homeowner,Private Residential Owner,Charles Gonzalez,+1 (305) 555-4432,charles.gonzalez66@outlook.com,5488 Park Ave,Jacksonville,FL,"Tired Landlord / Problem Tenant Eviction (Est. ARV: $762,000)",96%,Found
PROSPECT-265,Seller,Motivated Homeowner,Private Residential Owner,Christopher Wilson,+1 (310) 555-4445,christopher.wilson73@outlook.com,5505 Washington St,Los Angeles,CA,"Pre-Foreclosure / High Equity Distressed (Est. ARV: $763,750)",95%,Found
PROSPECT-266,Seller,Motivated Homeowner,Private Residential Owner,Daniel Anderson,+1 (310) 555-4458,daniel.anderson80@outlook.com,5522 Cedar Ln,San Diego,CA,"Tax Delinquent / Vacant Residential Property (Est. ARV: $765,500)",94%,Found
PROSPECT-267,Seller,Motivated Homeowner,Private Residential Owner,Matthew Thomas,+1 (310) 555-4471,matthew.thomas87@outlook.com,5539 Pine St,Sacramento,CA,"Absentee Owner / High Equity Single-Family (Est. ARV: $767,250)",93%,Found
PROSPECT-268,Seller,Motivated Homeowner,Private Residential Owner,Anthony Taylor,+1 (404) 555-4484,anthony.taylor94@outlook.com,5556 Elm St,Atlanta,GA,"Probate / Inherited Property Requiring Rehab (Est. ARV: $769,000)",92%,Found
PROSPECT-269,Seller,Motivated Homeowner,Private Residential Owner,Donald Moore,+1 (404) 555-4497,donald.moore2@outlook.com,5573 View Rd,Savannah,GA,"Code Violation Notice / Deferred Maintenance (Est. ARV: $770,750)",91%,Found
PROSPECT-270,Seller,Motivated Homeowner,Private Residential Owner,Mark Jackson,+1 (312) 555-4510,mark.jackson9@outlook.com,5590 Lake Dr,Chicago,IL,"Divorce Settlement / Motivated Cash Liquidation (Est. ARV: $772,500)",99%,Found
PROSPECT-271,Seller,Motivated Homeowner,Private Residential Owner,Paul Martin,+1 (702) 555-4523,paul.martin16@outlook.com,5607 Hillside Ave,Las Vegas,NV,"Relocation / As-Is Fast Cash Seller (Est. ARV: $774,250)",98%,Found
PROSPECT-272,Seller,Motivated Homeowner,Private Residential Owner,Steven Lee,+1 (704) 555-4536,steven.lee23@outlook.com,5624 Broadway,Charlotte,NC,"Tired Landlord / Problem Tenant Eviction (Est. ARV: $776,000)",97%,Found
PROSPECT-273,Seller,Motivated Homeowner,Private Residential Owner,Andrew Perez,+1 (206) 555-4549,andrew.perez30@outlook.com,5641 Sunset Blvd,Seattle,WA,"Pre-Foreclosure / High Equity Distressed (Est. ARV: $777,750)",96%,Found
PROSPECT-274,Seller,Motivated Homeowner,Private Residential Owner,Kenneth Thompson,+1 (303) 555-4562,kenneth.thompson37@outlook.com,5658 Highland Ave,Denver,CO,"Tax Delinquent / Vacant Residential Property (Est. ARV: $779,500)",95%,Found
PROSPECT-275,Seller,Motivated Homeowner,Private Residential Owner,Joshua White,+1 (615) 555-4575,joshua.white44@outlook.com,5675 River Rd,Nashville,TN,"Absentee Owner / High Equity Single-Family (Est. ARV: $781,250)",94%,Found
PROSPECT-276,Seller,Motivated Homeowner,Private Residential Owner,Kevin Harris,+1 (212) 555-4588,kevin.harris51@outlook.com,5692 Center St,New York,NY,"Probate / Inherited Property Requiring Rehab (Est. ARV: $783,000)",93%,Found
PROSPECT-277,Seller,Motivated Homeowner,Private Residential Owner,Brian Sanchez,+1 (214) 555-4601,brian.sanchez58@outlook.com,5709 Forest Dr,Dallas,TX,"Code Violation Notice / Deferred Maintenance (Est. ARV: $784,750)",92%,Found
PROSPECT-278,Seller,Motivated Homeowner,Private Residential Owner,George Clark,+1 (214) 555-4614,george.clark65@outlook.com,5726 Valley View St,Austin,TX,"Divorce Settlement / Motivated Cash Liquidation (Est. ARV: $786,500)",91%,Found
PROSPECT-279,Seller,Motivated Homeowner,Private Residential Owner,Edward Ramirez,+1 (214) 555-4627,edward.ramirez72@outlook.com,5743 Chestnut St,Houston,TX,"Relocation / As-Is Fast Cash Seller (Est. ARV: $788,250)",99%,Found
PROSPECT-280,Seller,Motivated Homeowner,Private Residential Owner,Ronald Lewis,+1 (214) 555-4640,ronald.lewis79@outlook.com,5760 Walnut St,San Antonio,TX,"Tired Landlord / Problem Tenant Eviction (Est. ARV: $790,000)",98%,Found
PROSPECT-281,Seller,Motivated Homeowner,Private Residential Owner,Timothy Robinson,+1 (602) 555-4653,timothy.robinson86@outlook.com,5777 Main St,Phoenix,AZ,"Pre-Foreclosure / High Equity Distressed (Est. ARV: $791,750)",97%,Found
PROSPECT-282,Seller,Motivated Homeowner,Private Residential Owner,Jason Walker,+1 (602) 555-4666,jason.walker93@outlook.com,5794 Oak Ave,Scottsdale,AZ,"Tax Delinquent / Vacant Residential Property (Est. ARV: $793,500)",96%,Found
PROSPECT-283,Seller,Motivated Homeowner,Private Residential Owner,Jeffrey Young,+1 (602) 555-4679,jeffrey.young1@outlook.com,5811 Maple Dr,Mesa,AZ,"Absentee Owner / High Equity Single-Family (Est. ARV: $795,250)",95%,Found
PROSPECT-284,Seller,Motivated Homeowner,Private Residential Owner,Ryan Allen,+1 (305) 555-4692,ryan.allen8@outlook.com,5828 Park Ave,Miami,FL,"Probate / Inherited Property Requiring Rehab (Est. ARV: $797,000)",94%,Found
PROSPECT-285,Seller,Motivated Homeowner,Private Residential Owner,Jacob King,+1 (305) 555-4705,jacob.king15@outlook.com,5845 Washington St,Tampa,FL,"Code Violation Notice / Deferred Maintenance (Est. ARV: $798,750)",93%,Found
PROSPECT-286,Seller,Motivated Homeowner,Private Residential Owner,Gary Wright,+1 (305) 555-4718,gary.wright22@outlook.com,5862 Cedar Ln,Orlando,FL,"Divorce Settlement / Motivated Cash Liquidation (Est. ARV: $800,500)",92%,Found
PROSPECT-287,Seller,Motivated Homeowner,Private Residential Owner,Nicholas Scott,+1 (305) 555-4731,nicholas.scott29@outlook.com,5879 Pine St,Jacksonville,FL,"Relocation / As-Is Fast Cash Seller (Est. ARV: $802,250)",91%,Found
PROSPECT-288,Seller,Motivated Homeowner,Private Residential Owner,Eric Torres,+1 (310) 555-4744,eric.torres36@outlook.com,5896 Elm St,Los Angeles,CA,"Tired Landlord / Problem Tenant Eviction (Est. ARV: $804,000)",99%,Found
PROSPECT-289,Seller,Motivated Homeowner,Private Residential Owner,Jonathan Nguyen,+1 (310) 555-4757,jonathan.nguyen43@outlook.com,5913 View Rd,San Diego,CA,"Pre-Foreclosure / High Equity Distressed (Est. ARV: $805,750)",98%,Found
PROSPECT-290,Seller,Motivated Homeowner,Private Residential Owner,Stephen Hill,+1 (310) 555-4770,stephen.hill50@outlook.com,5930 Lake Dr,Sacramento,CA,"Tax Delinquent / Vacant Residential Property (Est. ARV: $807,500)",97%,Found
PROSPECT-291,Seller,Motivated Homeowner,Private Residential Owner,Larry Flores,+1 (404) 555-4783,larry.flores57@outlook.com,5947 Hillside Ave,Atlanta,GA,"Absentee Owner / High Equity Single-Family (Est. ARV: $809,250)",96%,Found
PROSPECT-292,Seller,Motivated Homeowner,Private Residential Owner,Justin Green,+1 (404) 555-4796,justin.green64@outlook.com,5964 Broadway,Savannah,GA,"Probate / Inherited Property Requiring Rehab (Est. ARV: $811,000)",95%,Found
PROSPECT-293,Seller,Motivated Homeowner,Private Residential Owner,Scott Adams,+1 (312) 555-4809,scott.adams71@outlook.com,5981 Sunset Blvd,Chicago,IL,"Code Violation Notice / Deferred Maintenance (Est. ARV: $812,750)",94%,Found
PROSPECT-294,Seller,Motivated Homeowner,Private Residential Owner,Brandon Nelson,+1 (702) 555-4822,brandon.nelson78@outlook.com,5998 Highland Ave,Las Vegas,NV,"Divorce Settlement / Motivated Cash Liquidation (Est. ARV: $814,500)",93%,Found
PROSPECT-295,Seller,Motivated Homeowner,Private Residential Owner,Benjamin Baker,+1 (704) 555-4835,benjamin.baker85@outlook.com,6015 River Rd,Charlotte,NC,"Relocation / As-Is Fast Cash Seller (Est. ARV: $816,250)",92%,Found
PROSPECT-296,Seller,Motivated Homeowner,Private Residential Owner,Samuel Hall,+1 (206) 555-4848,samuel.hall92@outlook.com,6032 Center St,Seattle,WA,"Tired Landlord / Problem Tenant Eviction (Est. ARV: $818,000)",91%,Found
PROSPECT-297,Seller,Motivated Homeowner,Private Residential Owner,Gregory Rivera,+1 (303) 555-4861,gregory.rivera0@outlook.com,6049 Forest Dr,Denver,CO,"Pre-Foreclosure / High Equity Distressed (Est. ARV: $819,750)",99%,Found
PROSPECT-298,Seller,Motivated Homeowner,Private Residential Owner,Frank Campbell,+1 (615) 555-4874,frank.campbell7@outlook.com,6066 Valley View St,Nashville,TN,"Tax Delinquent / Vacant Residential Property (Est. ARV: $821,500)",98%,Found
PROSPECT-299,Seller,Motivated Homeowner,Private Residential Owner,Alexander Mitchell,+1 (212) 555-4887,alexander.mitchell14@outlook.com,6083 Chestnut St,New York,NY,"Absentee Owner / High Equity Single-Family (Est. ARV: $823,250)",97%,Found
PROSPECT-300,Seller,Motivated Homeowner,Private Residential Owner,Raymond Carter,+1 (214) 555-4900,raymond.carter21@outlook.com,6100 Walnut St,Dallas,TX,"Probate / Inherited Property Requiring Rehab (Est. ARV: $825,000)",96%,Found
PROSPECT-301,Seller,Motivated Homeowner,Private Residential Owner,Stephanie Taylor,+1 (214) 555-4913,stephanie.taylor28@outlook.com,6117 Main St,Austin,TX,"Code Violation Notice / Deferred Maintenance (Est. ARV: $826,750)",95%,Found
PROSPECT-302,Seller,Motivated Homeowner,Private Residential Owner,Michael Johnson,+1 (214) 555-4926,michael.johnson35@outlook.com,6134 Oak Ave,Houston,TX,"Divorce Settlement / Motivated Cash Liquidation (Est. ARV: $828,500)",94%,Found
PROSPECT-303,Seller,Motivated Homeowner,Private Residential Owner,David Smith,+1 (214) 555-4939,david.smith42@outlook.com,6151 Maple Dr,San Antonio,TX,"Relocation / As-Is Fast Cash Seller (Est. ARV: $830,250)",93%,Found
PROSPECT-304,Seller,Motivated Homeowner,Private Residential Owner,Jennifer Williams,+1 (602) 555-4952,jennifer.williams49@outlook.com,6168 Park Ave,Phoenix,AZ,"Tired Landlord / Problem Tenant Eviction (Est. ARV: $832,000)",92%,Found
PROSPECT-305,Seller,Motivated Homeowner,Private Residential Owner,Robert Brown,+1 (602) 555-4965,robert.brown56@outlook.com,6185 Washington St,Scottsdale,AZ,"Pre-Foreclosure / High Equity Distressed (Est. ARV: $833,750)",91%,Found
PROSPECT-306,Seller,Motivated Homeowner,Private Residential Owner,James Jones,+1 (602) 555-4978,james.jones63@outlook.com,6202 Cedar Ln,Mesa,AZ,"Tax Delinquent / Vacant Residential Property (Est. ARV: $835,500)",99%,Found
PROSPECT-307,Seller,Motivated Homeowner,Private Residential Owner,Patricia Garcia,+1 (305) 555-4991,patricia.garcia70@outlook.com,6219 Pine St,Miami,FL,"Absentee Owner / High Equity Single-Family (Est. ARV: $837,250)",98%,Found
PROSPECT-308,Seller,Motivated Homeowner,Private Residential Owner,Linda Miller,+1 (305) 555-5004,linda.miller77@outlook.com,6236 Elm St,Tampa,FL,"Probate / Inherited Property Requiring Rehab (Est. ARV: $839,000)",97%,Found
PROSPECT-309,Seller,Motivated Homeowner,Private Residential Owner,Elizabeth Davis,+1 (305) 555-5017,elizabeth.davis84@outlook.com,6253 View Rd,Orlando,FL,"Code Violation Notice / Deferred Maintenance (Est. ARV: $840,750)",96%,Found
PROSPECT-310,Seller,Motivated Homeowner,Private Residential Owner,William Rodriguez,+1 (305) 555-5030,william.rodriguez91@outlook.com,6270 Lake Dr,Jacksonville,FL,"Divorce Settlement / Motivated Cash Liquidation (Est. ARV: $842,500)",95%,Found
PROSPECT-311,Seller,Motivated Homeowner,Private Residential Owner,Richard Martinez,+1 (310) 555-5043,richard.martinez98@outlook.com,6287 Hillside Ave,Los Angeles,CA,"Relocation / As-Is Fast Cash Seller (Est. ARV: $844,250)",94%,Found
PROSPECT-312,Seller,Motivated Homeowner,Private Residential Owner,Joseph Hernandez,+1 (310) 555-5056,joseph.hernandez6@outlook.com,6304 Broadway,San Diego,CA,"Tired Landlord / Problem Tenant Eviction (Est. ARV: $846,000)",93%,Found
PROSPECT-313,Seller,Motivated Homeowner,Private Residential Owner,Thomas Lopez,+1 (310) 555-5069,thomas.lopez13@outlook.com,6321 Sunset Blvd,Sacramento,CA,"Pre-Foreclosure / High Equity Distressed (Est. ARV: $847,750)",92%,Found
PROSPECT-314,Seller,Motivated Homeowner,Private Residential Owner,Charles Gonzalez,+1 (404) 555-5082,charles.gonzalez20@outlook.com,6338 Highland Ave,Atlanta,GA,"Tax Delinquent / Vacant Residential Property (Est. ARV: $849,500)",91%,Found
PROSPECT-315,Seller,Motivated Homeowner,Private Residential Owner,Christopher Wilson,+1 (404) 555-5095,christopher.wilson27@outlook.com,6355 River Rd,Savannah,GA,"Absentee Owner / High Equity Single-Family (Est. ARV: $851,250)",99%,Found
PROSPECT-316,Seller,Motivated Homeowner,Private Residential Owner,Daniel Anderson,+1 (312) 555-5108,daniel.anderson34@outlook.com,6372 Center St,Chicago,IL,"Probate / Inherited Property Requiring Rehab (Est. ARV: $853,000)",98%,Found
PROSPECT-317,Seller,Motivated Homeowner,Private Residential Owner,Matthew Thomas,+1 (702) 555-5121,matthew.thomas41@outlook.com,6389 Forest Dr,Las Vegas,NV,"Code Violation Notice / Deferred Maintenance (Est. ARV: $854,750)",97%,Found
PROSPECT-318,Seller,Motivated Homeowner,Private Residential Owner,Anthony Taylor,+1 (704) 555-5134,anthony.taylor48@outlook.com,6406 Valley View St,Charlotte,NC,"Divorce Settlement / Motivated Cash Liquidation (Est. ARV: $856,500)",96%,Found
PROSPECT-319,Seller,Motivated Homeowner,Private Residential Owner,Donald Moore,+1 (206) 555-5147,donald.moore55@outlook.com,6423 Chestnut St,Seattle,WA,"Relocation / As-Is Fast Cash Seller (Est. ARV: $858,250)",95%,Found
PROSPECT-320,Seller,Motivated Homeowner,Private Residential Owner,Mark Jackson,+1 (303) 555-5160,mark.jackson62@outlook.com,6440 Walnut St,Denver,CO,"Tired Landlord / Problem Tenant Eviction (Est. ARV: $860,000)",94%,Found
PROSPECT-321,Seller,Motivated Homeowner,Private Residential Owner,Paul Martin,+1 (615) 555-5173,paul.martin69@outlook.com,6457 Main St,Nashville,TN,"Pre-Foreclosure / High Equity Distressed (Est. ARV: $861,750)",93%,Found
PROSPECT-322,Seller,Motivated Homeowner,Private Residential Owner,Steven Lee,+1 (212) 555-5186,steven.lee76@outlook.com,6474 Oak Ave,New York,NY,"Tax Delinquent / Vacant Residential Property (Est. ARV: $863,500)",92%,Found
PROSPECT-323,Seller,Motivated Homeowner,Private Residential Owner,Andrew Perez,+1 (214) 555-5199,andrew.perez83@outlook.com,6491 Maple Dr,Dallas,TX,"Absentee Owner / High Equity Single-Family (Est. ARV: $865,250)",91%,Found
PROSPECT-324,Seller,Motivated Homeowner,Private Residential Owner,Kenneth Thompson,+1 (214) 555-5212,kenneth.thompson90@outlook.com,6508 Park Ave,Austin,TX,"Probate / Inherited Property Requiring Rehab (Est. ARV: $867,000)",99%,Found
PROSPECT-325,Seller,Motivated Homeowner,Private Residential Owner,Joshua White,+1 (214) 555-5225,joshua.white97@outlook.com,6525 Washington St,Houston,TX,"Code Violation Notice / Deferred Maintenance (Est. ARV: $868,750)",98%,Found
PROSPECT-326,Buyer,Cash Buyer / Acquisition Group,Apex Equity Holdings,Marcus Vance,+1 (214) 555-7542,marcus@apexequityholdings.com,"8194 Main St, Suite 578",Dallas,TX,Active Cash Buyer: Single-Family Fix & Flip (Up to $500k),92%,Found
PROSPECT-327,Buyer,Cash Buyer / Acquisition Group,Blackstone Capital LLC,Sarah Sterling,+1 (214) 555-7559,sarah@blackstonecapital.com,"8213 Oak Ave, Suite 581",Austin,TX,Turnkey Buy-and-Hold Investor: Multi-Family 2-4 Units,91%,Found
PROSPECT-328,Buyer,Cash Buyer / Acquisition Group,Sunbelt Cash Acquisitions,Jason Kensington,+1 (214) 555-7576,jason@sunbeltcashacquisitions.com,"8232 Maple Dr, Suite 584",Houston,TX,Institutional Cash Buyer: Sub-$350k Single-Family Rentals,98%,Found
PROSPECT-329,Buyer,Cash Buyer / Acquisition Group,Lone Star Property Group,Amanda Mercer,+1 (214) 555-7593,amanda@lonestarpropertygroup.com,"8251 Park Ave, Suite 587",San Antonio,TX,Commercial & Infill Lot Cash Buyer (Dallas/Phoenix/Miami),97%,Found
PROSPECT-330,Buyer,Cash Buyer / Acquisition Group,Horizon Real Estate Ventures,David Hayes,+1 (602) 555-7610,david@horizonrealestateventures.com,"8270 Washington St, Suite 590",Phoenix,AZ,Value-Add Residential Portfolio Investor,96%,Found
PROSPECT-331,Buyer,Cash Buyer / Acquisition Group,Vanguard Homes Fund,Rachel Sinclair,+1 (602) 555-7627,rachel@vanguardhomesfund.com,"8289 Cedar Ln, Suite 593",Scottsdale,AZ,High-Yield BRRRR Strategy Cash Buyer,95%,Found
PROSPECT-332,Buyer,Cash Buyer / Acquisition Group,BlueSky Asset Partners,Carlos Voss,+1 (602) 555-7644,carlos@blueskyassetpartners.com,"8308 Pine St, Suite 596",Mesa,AZ,Active Cash Buyer: Single-Family Fix & Flip (Up to $500k),94%,Found
PROSPECT-333,Buyer,Cash Buyer / Acquisition Group,Highland Residential Capital,Emily Thornton,+1 (305) 555-7661,emily@highlandresidentialcapital.com,"8327 Elm St, Suite 599",Miami,FL,Turnkey Buy-and-Hold Investor: Multi-Family 2-4 Units,93%,Found
PROSPECT-334,Buyer,Cash Buyer / Acquisition Group,Meridian Cash Buyers,Brandon Blackwood,+1 (305) 555-7678,brandon@meridiancashbuyers.com,"8346 View Rd, Suite 102",Tampa,FL,Institutional Cash Buyer: Sub-$350k Single-Family Rentals,92%,Found
PROSPECT-335,Buyer,Cash Buyer / Acquisition Group,Pinnacle Home Holdings,Jessica Sutton,+1 (305) 555-7695,jessica@pinnaclehomeholdings.com,"8365 Lake Dr, Suite 105",Orlando,FL,Commercial & Infill Lot Cash Buyer (Dallas/Phoenix/Miami),91%,Found
PROSPECT-336,Buyer,Cash Buyer / Acquisition Group,Titan Capital Properties,Alex Montgomery,+1 (305) 555-7712,alex@titancapitalproperties.com,"8384 Hillside Ave, Suite 108",Jacksonville,FL,Value-Add Residential Portfolio Investor,98%,Found
PROSPECT-337,Buyer,Cash Buyer / Acquisition Group,Evergreen Residential Group,Victoria Prescott,+1 (310) 555-7729,victoria@evergreenresidentialgroup.com,"8403 Broadway, Suite 111",Los Angeles,CA,High-Yield BRRRR Strategy Cash Buyer,97%,Found
PROSPECT-338,Buyer,Cash Buyer / Acquisition Group,Tri-County Investment Partners,Tyler Calloway,+1 (310) 555-7746,tyler@tri-countyinvestmentpartners.com,"8422 Sunset Blvd, Suite 114",San Diego,CA,Active Cash Buyer: Single-Family Fix & Flip (Up to $500k),96%,Found
PROSPECT-339,Buyer,Cash Buyer / Acquisition Group,Oakwood Property Fund,Lauren Dalton,+1 (310) 555-7763,lauren@oakwoodpropertyfund.com,"8441 Highland Ave, Suite 117",Sacramento,CA,Turnkey Buy-and-Hold Investor: Multi-Family 2-4 Units,95%,Found
PROSPECT-340,Buyer,Cash Buyer / Acquisition Group,Crestline Real Estate LLC,Kevin Elliot,+1 (404) 555-7780,kevin@crestlinerealestate.com,"8460 River Rd, Suite 120",Atlanta,GA,Institutional Cash Buyer: Sub-$350k Single-Family Rentals,94%,Found
PROSPECT-341,Buyer,Cash Buyer / Acquisition Group,Summit Capital Buyers,Nicole Faulkner,+1 (404) 555-7797,nicole@summitcapitalbuyers.com,"8479 Center St, Suite 123",Savannah,GA,Commercial & Infill Lot Cash Buyer (Dallas/Phoenix/Miami),93%,Found
PROSPECT-342,Buyer,Cash Buyer / Acquisition Group,Beacon Residential Holdings,Eric Garrison,+1 (312) 555-7814,eric@beaconresidentialholdings.com,"8498 Forest Dr, Suite 126",Chicago,IL,Value-Add Residential Portfolio Investor,92%,Found
PROSPECT-343,Buyer,Cash Buyer / Acquisition Group,Redwood Cash Partners,Samantha Hendrix,+1 (702) 555-7831,samantha@redwoodcashpartners.com,"8517 Valley View St, Suite 129",Las Vegas,NV,High-Yield BRRRR Strategy Cash Buyer,91%,Found
PROSPECT-344,Buyer,Cash Buyer / Acquisition Group,Silverline Capital Group,Brian Langford,+1 (704) 555-7848,brian@silverlinecapitalgroup.com,"8536 Chestnut St, Suite 132",Charlotte,NC,Active Cash Buyer: Single-Family Fix & Flip (Up to $500k),98%,Found
PROSPECT-345,Buyer,Cash Buyer / Acquisition Group,Legacy Real Estate Fund,Megan Wilder,+1 (206) 555-7865,megan@legacyrealestatefund.com,"8555 Walnut St, Suite 135",Seattle,WA,Turnkey Buy-and-Hold Investor: Multi-Family 2-4 Units,97%,Found
PROSPECT-346,Buyer,Cash Buyer / Acquisition Group,Apex Equity Holdings,Marcus Vance,+1 (303) 555-7882,marcus@apexequityholdings.com,"8574 Main St, Suite 138",Denver,CO,Institutional Cash Buyer: Sub-$350k Single-Family Rentals,96%,Found
PROSPECT-347,Buyer,Cash Buyer / Acquisition Group,Blackstone Capital LLC,Sarah Sterling,+1 (615) 555-7899,sarah@blackstonecapital.com,"8593 Oak Ave, Suite 141",Nashville,TN,Commercial & Infill Lot Cash Buyer (Dallas/Phoenix/Miami),95%,Found
PROSPECT-348,Buyer,Cash Buyer / Acquisition Group,Sunbelt Cash Acquisitions,Jason Kensington,+1 (212) 555-7916,jason@sunbeltcashacquisitions.com,"8612 Maple Dr, Suite 144",New York,NY,Value-Add Residential Portfolio Investor,94%,Found
PROSPECT-349,Buyer,Cash Buyer / Acquisition Group,Lone Star Property Group,Amanda Mercer,+1 (214) 555-7933,amanda@lonestarpropertygroup.com,"8631 Park Ave, Suite 147",Dallas,TX,High-Yield BRRRR Strategy Cash Buyer,93%,Found
PROSPECT-350,Buyer,Cash Buyer / Acquisition Group,Horizon Real Estate Ventures,David Hayes,+1 (214) 555-7950,david@horizonrealestateventures.com,"8650 Washington St, Suite 150",Austin,TX,Active Cash Buyer: Single-Family Fix & Flip (Up to $500k),92%,Found
PROSPECT-351,Buyer,Cash Buyer / Acquisition Group,Vanguard Homes Fund,Rachel Sinclair,+1 (214) 555-7967,rachel@vanguardhomesfund.com,"8669 Cedar Ln, Suite 153",Houston,TX,Turnkey Buy-and-Hold Investor: Multi-Family 2-4 Units,91%,Found
PROSPECT-352,Buyer,Cash Buyer / Acquisition Group,BlueSky Asset Partners,Carlos Voss,+1 (214) 555-7984,carlos@blueskyassetpartners.com,"8688 Pine St, Suite 156",San Antonio,TX,Institutional Cash Buyer: Sub-$350k Single-Family Rentals,98%,Found
PROSPECT-353,Buyer,Cash Buyer / Acquisition Group,Highland Residential Capital,Emily Thornton,+1 (602) 555-8001,emily@highlandresidentialcapital.com,"8707 Elm St, Suite 159",Phoenix,AZ,Commercial & Infill Lot Cash Buyer (Dallas/Phoenix/Miami),97%,Found
PROSPECT-354,Buyer,Cash Buyer / Acquisition Group,Meridian Cash Buyers,Brandon Blackwood,+1 (602) 555-8018,brandon@meridiancashbuyers.com,"8726 View Rd, Suite 162",Scottsdale,AZ,Value-Add Residential Portfolio Investor,96%,Found
PROSPECT-355,Buyer,Cash Buyer / Acquisition Group,Pinnacle Home Holdings,Jessica Sutton,+1 (602) 555-8035,jessica@pinnaclehomeholdings.com,"8745 Lake Dr, Suite 165",Mesa,AZ,High-Yield BRRRR Strategy Cash Buyer,95%,Found
PROSPECT-356,Buyer,Cash Buyer / Acquisition Group,Titan Capital Properties,Alex Montgomery,+1 (305) 555-8052,alex@titancapitalproperties.com,"8764 Hillside Ave, Suite 168",Miami,FL,Active Cash Buyer: Single-Family Fix & Flip (Up to $500k),94%,Found
PROSPECT-357,Buyer,Cash Buyer / Acquisition Group,Evergreen Residential Group,Victoria Prescott,+1 (305) 555-8069,victoria@evergreenresidentialgroup.com,"8783 Broadway, Suite 171",Tampa,FL,Turnkey Buy-and-Hold Investor: Multi-Family 2-4 Units,93%,Found
PROSPECT-358,Buyer,Cash Buyer / Acquisition Group,Tri-County Investment Partners,Tyler Calloway,+1 (305) 555-8086,tyler@tri-countyinvestmentpartners.com,"8802 Sunset Blvd, Suite 174",Orlando,FL,Institutional Cash Buyer: Sub-$350k Single-Family Rentals,92%,Found
PROSPECT-359,Buyer,Cash Buyer / Acquisition Group,Oakwood Property Fund,Lauren Dalton,+1 (305) 555-8103,lauren@oakwoodpropertyfund.com,"8821 Highland Ave, Suite 177",Jacksonville,FL,Commercial & Infill Lot Cash Buyer (Dallas/Phoenix/Miami),91%,Found
PROSPECT-360,Buyer,Cash Buyer / Acquisition Group,Crestline Real Estate LLC,Kevin Elliot,+1 (310) 555-8120,kevin@crestlinerealestate.com,"8840 River Rd, Suite 180",Los Angeles,CA,Value-Add Residential Portfolio Investor,98%,Found
PROSPECT-361,Buyer,Cash Buyer / Acquisition Group,Summit Capital Buyers,Nicole Faulkner,+1 (310) 555-8137,nicole@summitcapitalbuyers.com,"8859 Center St, Suite 183",San Diego,CA,High-Yield BRRRR Strategy Cash Buyer,97%,Found
PROSPECT-362,Buyer,Cash Buyer / Acquisition Group,Beacon Residential Holdings,Eric Garrison,+1 (310) 555-8154,eric@beaconresidentialholdings.com,"8878 Forest Dr, Suite 186",Sacramento,CA,Active Cash Buyer: Single-Family Fix & Flip (Up to $500k),96%,Found
PROSPECT-363,Buyer,Cash Buyer / Acquisition Group,Redwood Cash Partners,Samantha Hendrix,+1 (404) 555-8171,samantha@redwoodcashpartners.com,"8897 Valley View St, Suite 189",Atlanta,GA,Turnkey Buy-and-Hold Investor: Multi-Family 2-4 Units,95%,Found
PROSPECT-364,Buyer,Cash Buyer / Acquisition Group,Silverline Capital Group,Brian Langford,+1 (404) 555-8188,brian@silverlinecapitalgroup.com,"8916 Chestnut St, Suite 192",Savannah,GA,Institutional Cash Buyer: Sub-$350k Single-Family Rentals,94%,Found
PROSPECT-365,Buyer,Cash Buyer / Acquisition Group,Legacy Real Estate Fund,Megan Wilder,+1 (312) 555-8205,megan@legacyrealestatefund.com,"8935 Walnut St, Suite 195",Chicago,IL,Commercial & Infill Lot Cash Buyer (Dallas/Phoenix/Miami),93%,Found
PROSPECT-366,Buyer,Cash Buyer / Acquisition Group,Apex Equity Holdings,Marcus Vance,+1 (702) 555-8222,marcus@apexequityholdings.com,"8954 Main St, Suite 198",Las Vegas,NV,Value-Add Residential Portfolio Investor,92%,Found
PROSPECT-367,Buyer,Cash Buyer / Acquisition Group,Blackstone Capital LLC,Sarah Sterling,+1 (704) 555-8239,sarah@blackstonecapital.com,"8973 Oak Ave, Suite 201",Charlotte,NC,High-Yield BRRRR Strategy Cash Buyer,91%,Found
PROSPECT-368,Buyer,Cash Buyer / Acquisition Group,Sunbelt Cash Acquisitions,Jason Kensington,+1 (206) 555-8256,jason@sunbeltcashacquisitions.com,"8992 Maple Dr, Suite 204",Seattle,WA,Active Cash Buyer: Single-Family Fix & Flip (Up to $500k),98%,Found
PROSPECT-369,Buyer,Cash Buyer / Acquisition Group,Lone Star Property Group,Amanda Mercer,+1 (303) 555-8273,amanda@lonestarpropertygroup.com,"9011 Park Ave, Suite 207",Denver,CO,Turnkey Buy-and-Hold Investor: Multi-Family 2-4 Units,97%,Found
PROSPECT-370,Buyer,Cash Buyer / Acquisition Group,Horizon Real Estate Ventures,David Hayes,+1 (615) 555-8290,david@horizonrealestateventures.com,"9030 Washington St, Suite 210",Nashville,TN,Institutional Cash Buyer: Sub-$350k Single-Family Rentals,96%,Found
PROSPECT-371,Buyer,Cash Buyer / Acquisition Group,Vanguard Homes Fund,Rachel Sinclair,+1 (212) 555-8307,rachel@vanguardhomesfund.com,"9049 Cedar Ln, Suite 213",New York,NY,Commercial & Infill Lot Cash Buyer (Dallas/Phoenix/Miami),95%,Found
PROSPECT-372,Buyer,Cash Buyer / Acquisition Group,BlueSky Asset Partners,Carlos Voss,+1 (214) 555-8324,carlos@blueskyassetpartners.com,"9068 Pine St, Suite 216",Dallas,TX,Value-Add Residential Portfolio Investor,94%,Found
PROSPECT-373,Buyer,Cash Buyer / Acquisition Group,Highland Residential Capital,Emily Thornton,+1 (214) 555-8341,emily@highlandresidentialcapital.com,"9087 Elm St, Suite 219",Austin,TX,High-Yield BRRRR Strategy Cash Buyer,93%,Found
PROSPECT-374,Buyer,Cash Buyer / Acquisition Group,Meridian Cash Buyers,Brandon Blackwood,+1 (214) 555-8358,brandon@meridiancashbuyers.com,"9106 View Rd, Suite 222",Houston,TX,Active Cash Buyer: Single-Family Fix & Flip (Up to $500k),92%,Found
PROSPECT-375,Buyer,Cash Buyer / Acquisition Group,Pinnacle Home Holdings,Jessica Sutton,+1 (214) 555-8375,jessica@pinnaclehomeholdings.com,"9125 Lake Dr, Suite 225",San Antonio,TX,Turnkey Buy-and-Hold Investor: Multi-Family 2-4 Units,91%,Found
PROSPECT-376,Buyer,Cash Buyer / Acquisition Group,Titan Capital Properties,Alex Montgomery,+1 (602) 555-8392,alex@titancapitalproperties.com,"9144 Hillside Ave, Suite 228",Phoenix,AZ,Institutional Cash Buyer: Sub-$350k Single-Family Rentals,98%,Found
PROSPECT-377,Buyer,Cash Buyer / Acquisition Group,Evergreen Residential Group,Victoria Prescott,+1 (602) 555-8409,victoria@evergreenresidentialgroup.com,"9163 Broadway, Suite 231",Scottsdale,AZ,Commercial & Infill Lot Cash Buyer (Dallas/Phoenix/Miami),97%,Found
PROSPECT-378,Buyer,Cash Buyer / Acquisition Group,Tri-County Investment Partners,Tyler Calloway,+1 (602) 555-8426,tyler@tri-countyinvestmentpartners.com,"9182 Sunset Blvd, Suite 234",Mesa,AZ,Value-Add Residential Portfolio Investor,96%,Found
PROSPECT-379,Buyer,Cash Buyer / Acquisition Group,Oakwood Property Fund,Lauren Dalton,+1 (305) 555-8443,lauren@oakwoodpropertyfund.com,"9201 Highland Ave, Suite 237",Miami,FL,High-Yield BRRRR Strategy Cash Buyer,95%,Found
PROSPECT-380,Buyer,Cash Buyer / Acquisition Group,Crestline Real Estate LLC,Kevin Elliot,+1 (305) 555-8460,kevin@crestlinerealestate.com,"9220 River Rd, Suite 240",Tampa,FL,Active Cash Buyer: Single-Family Fix & Flip (Up to $500k),94%,Found
PROSPECT-381,Buyer,Cash Buyer / Acquisition Group,Summit Capital Buyers,Nicole Faulkner,+1 (305) 555-8477,nicole@summitcapitalbuyers.com,"9239 Center St, Suite 243",Orlando,FL,Turnkey Buy-and-Hold Investor: Multi-Family 2-4 Units,93%,Found
PROSPECT-382,Buyer,Cash Buyer / Acquisition Group,Beacon Residential Holdings,Eric Garrison,+1 (305) 555-8494,eric@beaconresidentialholdings.com,"9258 Forest Dr, Suite 246",Jacksonville,FL,Institutional Cash Buyer: Sub-$350k Single-Family Rentals,92%,Found
PROSPECT-383,Buyer,Cash Buyer / Acquisition Group,Redwood Cash Partners,Samantha Hendrix,+1 (310) 555-8511,samantha@redwoodcashpartners.com,"9277 Valley View St, Suite 249",Los Angeles,CA,Commercial & Infill Lot Cash Buyer (Dallas/Phoenix/Miami),91%,Found
PROSPECT-384,Buyer,Cash Buyer / Acquisition Group,Silverline Capital Group,Brian Langford,+1 (310) 555-8528,brian@silverlinecapitalgroup.com,"9296 Chestnut St, Suite 252",San Diego,CA,Value-Add Residential Portfolio Investor,98%,Found
PROSPECT-385,Buyer,Cash Buyer / Acquisition Group,Legacy Real Estate Fund,Megan Wilder,+1 (310) 555-8545,megan@legacyrealestatefund.com,"9315 Walnut St, Suite 255",Sacramento,CA,High-Yield BRRRR Strategy Cash Buyer,97%,Found
PROSPECT-386,Buyer,Cash Buyer / Acquisition Group,Apex Equity Holdings,Marcus Vance,+1 (404) 555-8562,marcus@apexequityholdings.com,"9334 Main St, Suite 258",Atlanta,GA,Active Cash Buyer: Single-Family Fix & Flip (Up to $500k),96%,Found
PROSPECT-387,Buyer,Cash Buyer / Acquisition Group,Blackstone Capital LLC,Sarah Sterling,+1 (404) 555-8579,sarah@blackstonecapital.com,"9353 Oak Ave, Suite 261",Savannah,GA,Turnkey Buy-and-Hold Investor: Multi-Family 2-4 Units,95%,Found
PROSPECT-388,Buyer,Cash Buyer / Acquisition Group,Sunbelt Cash Acquisitions,Jason Kensington,+1 (312) 555-8596,jason@sunbeltcashacquisitions.com,"9372 Maple Dr, Suite 264",Chicago,IL,Institutional Cash Buyer: Sub-$350k Single-Family Rentals,94%,Found
PROSPECT-389,Buyer,Cash Buyer / Acquisition Group,Lone Star Property Group,Amanda Mercer,+1 (702) 555-8613,amanda@lonestarpropertygroup.com,"9391 Park Ave, Suite 267",Las Vegas,NV,Commercial & Infill Lot Cash Buyer (Dallas/Phoenix/Miami),93%,Found
PROSPECT-390,Buyer,Cash Buyer / Acquisition Group,Horizon Real Estate Ventures,David Hayes,+1 (704) 555-8630,david@horizonrealestateventures.com,"9410 Washington St, Suite 270",Charlotte,NC,Value-Add Residential Portfolio Investor,92%,Found
PROSPECT-391,Buyer,Cash Buyer / Acquisition Group,Vanguard Homes Fund,Rachel Sinclair,+1 (206) 555-8647,rachel@vanguardhomesfund.com,"9429 Cedar Ln, Suite 273",Seattle,WA,High-Yield BRRRR Strategy Cash Buyer,91%,Found
PROSPECT-392,Buyer,Cash Buyer / Acquisition Group,BlueSky Asset Partners,Carlos Voss,+1 (303) 555-8664,carlos@blueskyassetpartners.com,"9448 Pine St, Suite 276",Denver,CO,Active Cash Buyer: Single-Family Fix & Flip (Up to $500k),98%,Found
PROSPECT-393,Buyer,Cash Buyer / Acquisition Group,Highland Residential Capital,Emily Thornton,+1 (615) 555-8681,emily@highlandresidentialcapital.com,"9467 Elm St, Suite 279",Nashville,TN,Turnkey Buy-and-Hold Investor: Multi-Family 2-4 Units,97%,Found
PROSPECT-394,Buyer,Cash Buyer / Acquisition Group,Meridian Cash Buyers,Brandon Blackwood,+1 (212) 555-8698,brandon@meridiancashbuyers.com,"9486 View Rd, Suite 282",New York,NY,Institutional Cash Buyer: Sub-$350k Single-Family Rentals,96%,Found
PROSPECT-395,Buyer,Cash Buyer / Acquisition Group,Pinnacle Home Holdings,Jessica Sutton,+1 (214) 555-8715,jessica@pinnaclehomeholdings.com,"9505 Lake Dr, Suite 285",Dallas,TX,Commercial & Infill Lot Cash Buyer (Dallas/Phoenix/Miami),95%,Found
PROSPECT-396,Buyer,Cash Buyer / Acquisition Group,Titan Capital Properties,Alex Montgomery,+1 (214) 555-8732,alex@titancapitalproperties.com,"9524 Hillside Ave, Suite 288",Austin,TX,Value-Add Residential Portfolio Investor,94%,Found
PROSPECT-397,Buyer,Cash Buyer / Acquisition Group,Evergreen Residential Group,Victoria Prescott,+1 (214) 555-8749,victoria@evergreenresidentialgroup.com,"9543 Broadway, Suite 291",Houston,TX,High-Yield BRRRR Strategy Cash Buyer,93%,Found
PROSPECT-398,Buyer,Cash Buyer / Acquisition Group,Tri-County Investment Partners,Tyler Calloway,+1 (214) 555-8766,tyler@tri-countyinvestmentpartners.com,"9562 Sunset Blvd, Suite 294",San Antonio,TX,Active Cash Buyer: Single-Family Fix & Flip (Up to $500k),92%,Found
PROSPECT-399,Buyer,Cash Buyer / Acquisition Group,Oakwood Property Fund,Lauren Dalton,+1 (602) 555-8783,lauren@oakwoodpropertyfund.com,"9581 Highland Ave, Suite 297",Phoenix,AZ,Turnkey Buy-and-Hold Investor: Multi-Family 2-4 Units,91%,Found
PROSPECT-400,Buyer,Cash Buyer / Acquisition Group,Crestline Real Estate LLC,Kevin Elliot,+1 (602) 555-8800,kevin@crestlinerealestate.com,"9600 River Rd, Suite 300",Scottsdale,AZ,Institutional Cash Buyer: Sub-$350k Single-Family Rentals,98%,Found
PROSPECT-401,Buyer,Cash Buyer / Acquisition Group,Summit Capital Buyers,Nicole Faulkner,+1 (602) 555-8817,nicole@summitcapitalbuyers.com,"9619 Center St, Suite 303",Mesa,AZ,Commercial & Infill Lot Cash Buyer (Dallas/Phoenix/Miami),97%,Found
PROSPECT-402,Buyer,Cash Buyer / Acquisition Group,Beacon Residential Holdings,Eric Garrison,+1 (305) 555-8834,eric@beaconresidentialholdings.com,"9638 Forest Dr, Suite 306",Miami,FL,Value-Add Residential Portfolio Investor,96%,Found
PROSPECT-403,Buyer,Cash Buyer / Acquisition Group,Redwood Cash Partners,Samantha Hendrix,+1 (305) 555-8851,samantha@redwoodcashpartners.com,"9657 Valley View St, Suite 309",Tampa,FL,High-Yield BRRRR Strategy Cash Buyer,95%,Found
PROSPECT-404,Buyer,Cash Buyer / Acquisition Group,Silverline Capital Group,Brian Langford,+1 (305) 555-8868,brian@silverlinecapitalgroup.com,"9676 Chestnut St, Suite 312",Orlando,FL,Active Cash Buyer: Single-Family Fix & Flip (Up to $500k),94%,Found
PROSPECT-405,Buyer,Cash Buyer / Acquisition Group,Legacy Real Estate Fund,Megan Wilder,+1 (305) 555-8885,megan@legacyrealestatefund.com,"9695 Walnut St, Suite 315",Jacksonville,FL,Turnkey Buy-and-Hold Investor: Multi-Family 2-4 Units,93%,Found
PROSPECT-406,Buyer,Cash Buyer / Acquisition Group,Apex Equity Holdings,Marcus Vance,+1 (310) 555-8902,marcus@apexequityholdings.com,"9714 Main St, Suite 318",Los Angeles,CA,Institutional Cash Buyer: Sub-$350k Single-Family Rentals,92%,Found
PROSPECT-407,Buyer,Cash Buyer / Acquisition Group,Blackstone Capital LLC,Sarah Sterling,+1 (310) 555-8919,sarah@blackstonecapital.com,"9733 Oak Ave, Suite 321",San Diego,CA,Commercial & Infill Lot Cash Buyer (Dallas/Phoenix/Miami),91%,Found
PROSPECT-408,Buyer,Cash Buyer / Acquisition Group,Sunbelt Cash Acquisitions,Jason Kensington,+1 (310) 555-8936,jason@sunbeltcashacquisitions.com,"9752 Maple Dr, Suite 324",Sacramento,CA,Value-Add Residential Portfolio Investor,98%,Found
PROSPECT-409,Buyer,Cash Buyer / Acquisition Group,Lone Star Property Group,Amanda Mercer,+1 (404) 555-8953,amanda@lonestarpropertygroup.com,"9771 Park Ave, Suite 327",Atlanta,GA,High-Yield BRRRR Strategy Cash Buyer,97%,Found
PROSPECT-410,Buyer,Cash Buyer / Acquisition Group,Horizon Real Estate Ventures,David Hayes,+1 (404) 555-8970,david@horizonrealestateventures.com,"9790 Washington St, Suite 330",Savannah,GA,Active Cash Buyer: Single-Family Fix & Flip (Up to $500k),96%,Found
PROSPECT-411,Buyer,Cash Buyer / Acquisition Group,Vanguard Homes Fund,Rachel Sinclair,+1 (312) 555-8987,rachel@vanguardhomesfund.com,"9809 Cedar Ln, Suite 333",Chicago,IL,Turnkey Buy-and-Hold Investor: Multi-Family 2-4 Units,95%,Found
PROSPECT-412,Buyer,Cash Buyer / Acquisition Group,BlueSky Asset Partners,Carlos Voss,+1 (702) 555-0004,carlos@blueskyassetpartners.com,"9828 Pine St, Suite 336",Las Vegas,NV,Institutional Cash Buyer: Sub-$350k Single-Family Rentals,94%,Found
PROSPECT-413,Buyer,Cash Buyer / Acquisition Group,Highland Residential Capital,Emily Thornton,+1 (704) 555-0021,emily@highlandresidentialcapital.com,"9847 Elm St, Suite 339",Charlotte,NC,Commercial & Infill Lot Cash Buyer (Dallas/Phoenix/Miami),93%,Found
PROSPECT-414,Buyer,Cash Buyer / Acquisition Group,Meridian Cash Buyers,Brandon Blackwood,+1 (206) 555-0038,brandon@meridiancashbuyers.com,"9866 View Rd, Suite 342",Seattle,WA,Value-Add Residential Portfolio Investor,92%,Found
PROSPECT-415,Buyer,Cash Buyer / Acquisition Group,Pinnacle Home Holdings,Jessica Sutton,+1 (303) 555-0055,jessica@pinnaclehomeholdings.com,"9885 Lake Dr, Suite 345",Denver,CO,High-Yield BRRRR Strategy Cash Buyer,91%,Found
PROSPECT-416,Buyer,Cash Buyer / Acquisition Group,Titan Capital Properties,Alex Montgomery,+1 (615) 555-0072,alex@titancapitalproperties.com,"2004 Hillside Ave, Suite 348",Nashville,TN,Active Cash Buyer: Single-Family Fix & Flip (Up to $500k),98%,Found
PROSPECT-417,Buyer,Cash Buyer / Acquisition Group,Evergreen Residential Group,Victoria Prescott,+1 (212) 555-0089,victoria@evergreenresidentialgroup.com,"2023 Broadway, Suite 351",New York,NY,Turnkey Buy-and-Hold Investor: Multi-Family 2-4 Units,97%,Found
PROSPECT-418,Buyer,Cash Buyer / Acquisition Group,Tri-County Investment Partners,Tyler Calloway,+1 (214) 555-0106,tyler@tri-countyinvestmentpartners.com,"2042 Sunset Blvd, Suite 354",Dallas,TX,Institutional Cash Buyer: Sub-$350k Single-Family Rentals,96%,Found
PROSPECT-419,Buyer,Cash Buyer / Acquisition Group,Oakwood Property Fund,Lauren Dalton,+1 (214) 555-0123,lauren@oakwoodpropertyfund.com,"2061 Highland Ave, Suite 357",Austin,TX,Commercial & Infill Lot Cash Buyer (Dallas/Phoenix/Miami),95%,Found
PROSPECT-420,Buyer,Cash Buyer / Acquisition Group,Crestline Real Estate LLC,Kevin Elliot,+1 (214) 555-0140,kevin@crestlinerealestate.com,"2080 River Rd, Suite 360",Houston,TX,Value-Add Residential Portfolio Investor,94%,Found
PROSPECT-421,Buyer,Cash Buyer / Acquisition Group,Summit Capital Buyers,Nicole Faulkner,+1 (214) 555-0157,nicole@summitcapitalbuyers.com,"2099 Center St, Suite 363",San Antonio,TX,High-Yield BRRRR Strategy Cash Buyer,93%,Found
PROSPECT-422,Buyer,Cash Buyer / Acquisition Group,Beacon Residential Holdings,Eric Garrison,+1 (602) 555-0174,eric@beaconresidentialholdings.com,"2118 Forest Dr, Suite 366",Phoenix,AZ,Active Cash Buyer: Single-Family Fix & Flip (Up to $500k),92%,Found
PROSPECT-423,Buyer,Cash Buyer / Acquisition Group,Redwood Cash Partners,Samantha Hendrix,+1 (602) 555-0191,samantha@redwoodcashpartners.com,"2137 Valley View St, Suite 369",Scottsdale,AZ,Turnkey Buy-and-Hold Investor: Multi-Family 2-4 Units,91%,Found
PROSPECT-424,Buyer,Cash Buyer / Acquisition Group,Silverline Capital Group,Brian Langford,+1 (602) 555-0208,brian@silverlinecapitalgroup.com,"2156 Chestnut St, Suite 372",Mesa,AZ,Institutional Cash Buyer: Sub-$350k Single-Family Rentals,98%,Found
PROSPECT-425,Buyer,Cash Buyer / Acquisition Group,Legacy Real Estate Fund,Megan Wilder,+1 (305) 555-0225,megan@legacyrealestatefund.com,"2175 Walnut St, Suite 375",Miami,FL,Commercial & Infill Lot Cash Buyer (Dallas/Phoenix/Miami),97%,Found
PROSPECT-426,Buyer,Cash Buyer / Acquisition Group,Apex Equity Holdings,Marcus Vance,+1 (305) 555-0242,marcus@apexequityholdings.com,"2194 Main St, Suite 378",Tampa,FL,Value-Add Residential Portfolio Investor,96%,Found
PROSPECT-427,Buyer,Cash Buyer / Acquisition Group,Blackstone Capital LLC,Sarah Sterling,+1 (305) 555-0259,sarah@blackstonecapital.com,"2213 Oak Ave, Suite 381",Orlando,FL,High-Yield BRRRR Strategy Cash Buyer,95%,Found
PROSPECT-428,Buyer,Cash Buyer / Acquisition Group,Sunbelt Cash Acquisitions,Jason Kensington,+1 (305) 555-0276,jason@sunbeltcashacquisitions.com,"2232 Maple Dr, Suite 384",Jacksonville,FL,Active Cash Buyer: Single-Family Fix & Flip (Up to $500k),94%,Found
PROSPECT-429,Buyer,Cash Buyer / Acquisition Group,Lone Star Property Group,Amanda Mercer,+1 (310) 555-0293,amanda@lonestarpropertygroup.com,"2251 Park Ave, Suite 387",Los Angeles,CA,Turnkey Buy-and-Hold Investor: Multi-Family 2-4 Units,93%,Found
PROSPECT-430,Buyer,Cash Buyer / Acquisition Group,Horizon Real Estate Ventures,David Hayes,+1 (310) 555-0310,david@horizonrealestateventures.com,"2270 Washington St, Suite 390",San Diego,CA,Institutional Cash Buyer: Sub-$350k Single-Family Rentals,92%,Found
PROSPECT-431,Buyer,Cash Buyer / Acquisition Group,Vanguard Homes Fund,Rachel Sinclair,+1 (310) 555-0327,rachel@vanguardhomesfund.com,"2289 Cedar Ln, Suite 393",Sacramento,CA,Commercial & Infill Lot Cash Buyer (Dallas/Phoenix/Miami),91%,Found
PROSPECT-432,Buyer,Cash Buyer / Acquisition Group,BlueSky Asset Partners,Carlos Voss,+1 (404) 555-0344,carlos@blueskyassetpartners.com,"2308 Pine St, Suite 396",Atlanta,GA,Value-Add Residential Portfolio Investor,98%,Found
PROSPECT-433,Buyer,Cash Buyer / Acquisition Group,Highland Residential Capital,Emily Thornton,+1 (404) 555-0361,emily@highlandresidentialcapital.com,"2327 Elm St, Suite 399",Savannah,GA,High-Yield BRRRR Strategy Cash Buyer,97%,Found
PROSPECT-434,Buyer,Cash Buyer / Acquisition Group,Meridian Cash Buyers,Brandon Blackwood,+1 (312) 555-0378,brandon@meridiancashbuyers.com,"2346 View Rd, Suite 402",Chicago,IL,Active Cash Buyer: Single-Family Fix & Flip (Up to $500k),96%,Found
PROSPECT-435,Buyer,Cash Buyer / Acquisition Group,Pinnacle Home Holdings,Jessica Sutton,+1 (702) 555-0395,jessica@pinnaclehomeholdings.com,"2365 Lake Dr, Suite 405",Las Vegas,NV,Turnkey Buy-and-Hold Investor: Multi-Family 2-4 Units,95%,Found
PROSPECT-436,Buyer,Cash Buyer / Acquisition Group,Titan Capital Properties,Alex Montgomery,+1 (704) 555-0412,alex@titancapitalproperties.com,"2384 Hillside Ave, Suite 408",Charlotte,NC,Institutional Cash Buyer: Sub-$350k Single-Family Rentals,94%,Found
PROSPECT-437,Buyer,Cash Buyer / Acquisition Group,Evergreen Residential Group,Victoria Prescott,+1 (206) 555-0429,victoria@evergreenresidentialgroup.com,"2403 Broadway, Suite 411",Seattle,WA,Commercial & Infill Lot Cash Buyer (Dallas/Phoenix/Miami),93%,Found
PROSPECT-438,Buyer,Cash Buyer / Acquisition Group,Tri-County Investment Partners,Tyler Calloway,+1 (303) 555-0446,tyler@tri-countyinvestmentpartners.com,"2422 Sunset Blvd, Suite 414",Denver,CO,Value-Add Residential Portfolio Investor,92%,Found
PROSPECT-439,Buyer,Cash Buyer / Acquisition Group,Oakwood Property Fund,Lauren Dalton,+1 (615) 555-0463,lauren@oakwoodpropertyfund.com,"2441 Highland Ave, Suite 417",Nashville,TN,High-Yield BRRRR Strategy Cash Buyer,91%,Found
PROSPECT-440,Buyer,Cash Buyer / Acquisition Group,Crestline Real Estate LLC,Kevin Elliot,+1 (212) 555-0480,kevin@crestlinerealestate.com,"2460 River Rd, Suite 420",New York,NY,Active Cash Buyer: Single-Family Fix & Flip (Up to $500k),98%,Found
PROSPECT-441,Buyer,Cash Buyer / Acquisition Group,Summit Capital Buyers,Nicole Faulkner,+1 (214) 555-0497,nicole@summitcapitalbuyers.com,"2479 Center St, Suite 423",Dallas,TX,Turnkey Buy-and-Hold Investor: Multi-Family 2-4 Units,97%,Found
PROSPECT-442,Buyer,Cash Buyer / Acquisition Group,Beacon Residential Holdings,Eric Garrison,+1 (214) 555-0514,eric@beaconresidentialholdings.com,"2498 Forest Dr, Suite 426",Austin,TX,Institutional Cash Buyer: Sub-$350k Single-Family Rentals,96%,Found
PROSPECT-443,Buyer,Cash Buyer / Acquisition Group,Redwood Cash Partners,Samantha Hendrix,+1 (214) 555-0531,samantha@redwoodcashpartners.com,"2517 Valley View St, Suite 429",Houston,TX,Commercial & Infill Lot Cash Buyer (Dallas/Phoenix/Miami),95%,Found
PROSPECT-444,Buyer,Cash Buyer / Acquisition Group,Silverline Capital Group,Brian Langford,+1 (214) 555-0548,brian@silverlinecapitalgroup.com,"2536 Chestnut St, Suite 432",San Antonio,TX,Value-Add Residential Portfolio Investor,94%,Found
PROSPECT-445,Buyer,Cash Buyer / Acquisition Group,Legacy Real Estate Fund,Megan Wilder,+1 (602) 555-0565,megan@legacyrealestatefund.com,"2555 Walnut St, Suite 435",Phoenix,AZ,High-Yield BRRRR Strategy Cash Buyer,93%,Found
PROSPECT-446,Buyer,Cash Buyer / Acquisition Group,Apex Equity Holdings,Marcus Vance,+1 (602) 555-0582,marcus@apexequityholdings.com,"2574 Main St, Suite 438",Scottsdale,AZ,Active Cash Buyer: Single-Family Fix & Flip (Up to $500k),92%,Found
PROSPECT-447,Buyer,Cash Buyer / Acquisition Group,Blackstone Capital LLC,Sarah Sterling,+1 (602) 555-0599,sarah@blackstonecapital.com,"2593 Oak Ave, Suite 441",Mesa,AZ,Turnkey Buy-and-Hold Investor: Multi-Family 2-4 Units,91%,Found
PROSPECT-448,Buyer,Cash Buyer / Acquisition Group,Sunbelt Cash Acquisitions,Jason Kensington,+1 (305) 555-0616,jason@sunbeltcashacquisitions.com,"2612 Maple Dr, Suite 444",Miami,FL,Institutional Cash Buyer: Sub-$350k Single-Family Rentals,98%,Found
PROSPECT-449,Buyer,Cash Buyer / Acquisition Group,Lone Star Property Group,Amanda Mercer,+1 (305) 555-0633,amanda@lonestarpropertygroup.com,"2631 Park Ave, Suite 447",Tampa,FL,Commercial & Infill Lot Cash Buyer (Dallas/Phoenix/Miami),97%,Found
PROSPECT-450,Buyer,Cash Buyer / Acquisition Group,Horizon Real Estate Ventures,David Hayes,+1 (305) 555-0650,david@horizonrealestateventures.com,"2650 Washington St, Suite 450",Orlando,FL,Value-Add Residential Portfolio Investor,96%,Found
PROSPECT-451,Buyer,Cash Buyer / Acquisition Group,Vanguard Homes Fund,Rachel Sinclair,+1 (305) 555-0667,rachel@vanguardhomesfund.com,"2669 Cedar Ln, Suite 453",Jacksonville,FL,High-Yield BRRRR Strategy Cash Buyer,95%,Found
PROSPECT-452,Buyer,Cash Buyer / Acquisition Group,BlueSky Asset Partners,Carlos Voss,+1 (310) 555-0684,carlos@blueskyassetpartners.com,"2688 Pine St, Suite 456",Los Angeles,CA,Active Cash Buyer: Single-Family Fix & Flip (Up to $500k),94%,Found
PROSPECT-453,Buyer,Cash Buyer / Acquisition Group,Highland Residential Capital,Emily Thornton,+1 (310) 555-0701,emily@highlandresidentialcapital.com,"2707 Elm St, Suite 459",San Diego,CA,Turnkey Buy-and-Hold Investor: Multi-Family 2-4 Units,93%,Found
PROSPECT-454,Buyer,Cash Buyer / Acquisition Group,Meridian Cash Buyers,Brandon Blackwood,+1 (310) 555-0718,brandon@meridiancashbuyers.com,"2726 View Rd, Suite 462",Sacramento,CA,Institutional Cash Buyer: Sub-$350k Single-Family Rentals,92%,Found
PROSPECT-455,Buyer,Cash Buyer / Acquisition Group,Pinnacle Home Holdings,Jessica Sutton,+1 (404) 555-0735,jessica@pinnaclehomeholdings.com,"2745 Lake Dr, Suite 465",Atlanta,GA,Commercial & Infill Lot Cash Buyer (Dallas/Phoenix/Miami),91%,Found
PROSPECT-456,Buyer,Cash Buyer / Acquisition Group,Titan Capital Properties,Alex Montgomery,+1 (404) 555-0752,alex@titancapitalproperties.com,"2764 Hillside Ave, Suite 468",Savannah,GA,Value-Add Residential Portfolio Investor,98%,Found
PROSPECT-457,Buyer,Cash Buyer / Acquisition Group,Evergreen Residential Group,Victoria Prescott,+1 (312) 555-0769,victoria@evergreenresidentialgroup.com,"2783 Broadway, Suite 471",Chicago,IL,High-Yield BRRRR Strategy Cash Buyer,97%,Found
PROSPECT-458,Buyer,Cash Buyer / Acquisition Group,Tri-County Investment Partners,Tyler Calloway,+1 (702) 555-0786,tyler@tri-countyinvestmentpartners.com,"2802 Sunset Blvd, Suite 474",Las Vegas,NV,Active Cash Buyer: Single-Family Fix & Flip (Up to $500k),96%,Found
PROSPECT-459,Buyer,Cash Buyer / Acquisition Group,Oakwood Property Fund,Lauren Dalton,+1 (704) 555-0803,lauren@oakwoodpropertyfund.com,"2821 Highland Ave, Suite 477",Charlotte,NC,Turnkey Buy-and-Hold Investor: Multi-Family 2-4 Units,95%,Found
PROSPECT-460,Buyer,Cash Buyer / Acquisition Group,Crestline Real Estate LLC,Kevin Elliot,+1 (206) 555-0820,kevin@crestlinerealestate.com,"2840 River Rd, Suite 480",Seattle,WA,Institutional Cash Buyer: Sub-$350k Single-Family Rentals,94%,Found
PROSPECT-461,Buyer,Cash Buyer / Acquisition Group,Summit Capital Buyers,Nicole Faulkner,+1 (303) 555-0837,nicole@summitcapitalbuyers.com,"2859 Center St, Suite 483",Denver,CO,Commercial & Infill Lot Cash Buyer (Dallas/Phoenix/Miami),93%,Found
PROSPECT-462,Buyer,Cash Buyer / Acquisition Group,Beacon Residential Holdings,Eric Garrison,+1 (615) 555-0854,eric@beaconresidentialholdings.com,"2878 Forest Dr, Suite 486",Nashville,TN,Value-Add Residential Portfolio Investor,92%,Found
PROSPECT-463,Buyer,Cash Buyer / Acquisition Group,Redwood Cash Partners,Samantha Hendrix,+1 (212) 555-0871,samantha@redwoodcashpartners.com,"2897 Valley View St, Suite 489",New York,NY,High-Yield BRRRR Strategy Cash Buyer,91%,Found
PROSPECT-464,Buyer,Cash Buyer / Acquisition Group,Silverline Capital Group,Brian Langford,+1 (214) 555-0888,brian@silverlinecapitalgroup.com,"2916 Chestnut St, Suite 492",Dallas,TX,Active Cash Buyer: Single-Family Fix & Flip (Up to $500k),98%,Found
PROSPECT-465,Buyer,Cash Buyer / Acquisition Group,Legacy Real Estate Fund,Megan Wilder,+1 (214) 555-0905,megan@legacyrealestatefund.com,"2935 Walnut St, Suite 495",Austin,TX,Turnkey Buy-and-Hold Investor: Multi-Family 2-4 Units,97%,Found
PROSPECT-466,Buyer,Cash Buyer / Acquisition Group,Apex Equity Holdings,Marcus Vance,+1 (214) 555-0922,marcus@apexequityholdings.com,"2954 Main St, Suite 498",Houston,TX,Institutional Cash Buyer: Sub-$350k Single-Family Rentals,96%,Found
PROSPECT-467,Buyer,Cash Buyer / Acquisition Group,Blackstone Capital LLC,Sarah Sterling,+1 (214) 555-0939,sarah@blackstonecapital.com,"2973 Oak Ave, Suite 501",San Antonio,TX,Commercial & Infill Lot Cash Buyer (Dallas/Phoenix/Miami),95%,Found
PROSPECT-468,Buyer,Cash Buyer / Acquisition Group,Sunbelt Cash Acquisitions,Jason Kensington,+1 (602) 555-0956,jason@sunbeltcashacquisitions.com,"2992 Maple Dr, Suite 504",Phoenix,AZ,Value-Add Residential Portfolio Investor,94%,Found
PROSPECT-469,Buyer,Cash Buyer / Acquisition Group,Lone Star Property Group,Amanda Mercer,+1 (602) 555-0973,amanda@lonestarpropertygroup.com,"3011 Park Ave, Suite 507",Scottsdale,AZ,High-Yield BRRRR Strategy Cash Buyer,93%,Found
PROSPECT-470,Buyer,Cash Buyer / Acquisition Group,Horizon Real Estate Ventures,David Hayes,+1 (602) 555-0990,david@horizonrealestateventures.com,"3030 Washington St, Suite 510",Mesa,AZ,Active Cash Buyer: Single-Family Fix & Flip (Up to $500k),92%,Found
PROSPECT-471,Buyer,Cash Buyer / Acquisition Group,Vanguard Homes Fund,Rachel Sinclair,+1 (305) 555-1007,rachel@vanguardhomesfund.com,"3049 Cedar Ln, Suite 513",Miami,FL,Turnkey Buy-and-Hold Investor: Multi-Family 2-4 Units,91%,Found
PROSPECT-472,Buyer,Cash Buyer / Acquisition Group,BlueSky Asset Partners,Carlos Voss,+1 (305) 555-1024,carlos@blueskyassetpartners.com,"3068 Pine St, Suite 516",Tampa,FL,Institutional Cash Buyer: Sub-$350k Single-Family Rentals,98%,Found
PROSPECT-473,Buyer,Cash Buyer / Acquisition Group,Highland Residential Capital,Emily Thornton,+1 (305) 555-1041,emily@highlandresidentialcapital.com,"3087 Elm St, Suite 519",Orlando,FL,Commercial & Infill Lot Cash Buyer (Dallas/Phoenix/Miami),97%,Found
PROSPECT-474,Buyer,Cash Buyer / Acquisition Group,Meridian Cash Buyers,Brandon Blackwood,+1 (305) 555-1058,brandon@meridiancashbuyers.com,"3106 View Rd, Suite 522",Jacksonville,FL,Value-Add Residential Portfolio Investor,96%,Found
PROSPECT-475,Buyer,Cash Buyer / Acquisition Group,Pinnacle Home Holdings,Jessica Sutton,+1 (310) 555-1075,jessica@pinnaclehomeholdings.com,"3125 Lake Dr, Suite 525",Los Angeles,CA,High-Yield BRRRR Strategy Cash Buyer,95%,Found
PROSPECT-476,Buyer,Cash Buyer / Acquisition Group,Titan Capital Properties,Alex Montgomery,+1 (310) 555-1092,alex@titancapitalproperties.com,"3144 Hillside Ave, Suite 528",San Diego,CA,Active Cash Buyer: Single-Family Fix & Flip (Up to $500k),94%,Found
PROSPECT-477,Buyer,Cash Buyer / Acquisition Group,Evergreen Residential Group,Victoria Prescott,+1 (310) 555-1109,victoria@evergreenresidentialgroup.com,"3163 Broadway, Suite 531",Sacramento,CA,Turnkey Buy-and-Hold Investor: Multi-Family 2-4 Units,93%,Found
PROSPECT-478,Buyer,Cash Buyer / Acquisition Group,Tri-County Investment Partners,Tyler Calloway,+1 (404) 555-1126,tyler@tri-countyinvestmentpartners.com,"3182 Sunset Blvd, Suite 534",Atlanta,GA,Institutional Cash Buyer: Sub-$350k Single-Family Rentals,92%,Found
PROSPECT-479,Buyer,Cash Buyer / Acquisition Group,Oakwood Property Fund,Lauren Dalton,+1 (404) 555-1143,lauren@oakwoodpropertyfund.com,"3201 Highland Ave, Suite 537",Savannah,GA,Commercial & Infill Lot Cash Buyer (Dallas/Phoenix/Miami),91%,Found
PROSPECT-480,Buyer,Cash Buyer / Acquisition Group,Crestline Real Estate LLC,Kevin Elliot,+1 (312) 555-1160,kevin@crestlinerealestate.com,"3220 River Rd, Suite 540",Chicago,IL,Value-Add Residential Portfolio Investor,98%,Found
PROSPECT-481,Buyer,Cash Buyer / Acquisition Group,Summit Capital Buyers,Nicole Faulkner,+1 (702) 555-1177,nicole@summitcapitalbuyers.com,"3239 Center St, Suite 543",Las Vegas,NV,High-Yield BRRRR Strategy Cash Buyer,97%,Found
PROSPECT-482,Buyer,Cash Buyer / Acquisition Group,Beacon Residential Holdings,Eric Garrison,+1 (704) 555-1194,eric@beaconresidentialholdings.com,"3258 Forest Dr, Suite 546",Charlotte,NC,Active Cash Buyer: Single-Family Fix & Flip (Up to $500k),96%,Found
PROSPECT-483,Buyer,Cash Buyer / Acquisition Group,Redwood Cash Partners,Samantha Hendrix,+1 (206) 555-1211,samantha@redwoodcashpartners.com,"3277 Valley View St, Suite 549",Seattle,WA,Turnkey Buy-and-Hold Investor: Multi-Family 2-4 Units,95%,Found
PROSPECT-484,Buyer,Cash Buyer / Acquisition Group,Silverline Capital Group,Brian Langford,+1 (303) 555-1228,brian@silverlinecapitalgroup.com,"3296 Chestnut St, Suite 552",Denver,CO,Institutional Cash Buyer: Sub-$350k Single-Family Rentals,94%,Found
PROSPECT-485,Buyer,Cash Buyer / Acquisition Group,Legacy Real Estate Fund,Megan Wilder,+1 (615) 555-1245,megan@legacyrealestatefund.com,"3315 Walnut St, Suite 555",Nashville,TN,Commercial & Infill Lot Cash Buyer (Dallas/Phoenix/Miami),93%,Found
PROSPECT-486,Buyer,Cash Buyer / Acquisition Group,Apex Equity Holdings,Marcus Vance,+1 (212) 555-1262,marcus@apexequityholdings.com,"3334 Main St, Suite 558",New York,NY,Value-Add Residential Portfolio Investor,92%,Found
PROSPECT-487,Buyer,Cash Buyer / Acquisition Group,Blackstone Capital LLC,Sarah Sterling,+1 (214) 555-1279,sarah@blackstonecapital.com,"3353 Oak Ave, Suite 561",Dallas,TX,High-Yield BRRRR Strategy Cash Buyer,91%,Found
PROSPECT-488,Buyer,Cash Buyer / Acquisition Group,Sunbelt Cash Acquisitions,Jason Kensington,+1 (214) 555-1296,jason@sunbeltcashacquisitions.com,"3372 Maple Dr, Suite 564",Austin,TX,Active Cash Buyer: Single-Family Fix & Flip (Up to $500k),98%,Found
PROSPECT-489,Buyer,Cash Buyer / Acquisition Group,Lone Star Property Group,Amanda Mercer,+1 (214) 555-1313,amanda@lonestarpropertygroup.com,"3391 Park Ave, Suite 567",Houston,TX,Turnkey Buy-and-Hold Investor: Multi-Family 2-4 Units,97%,Found
PROSPECT-490,Buyer,Cash Buyer / Acquisition Group,Horizon Real Estate Ventures,David Hayes,+1 (214) 555-1330,david@horizonrealestateventures.com,"3410 Washington St, Suite 570",San Antonio,TX,Institutional Cash Buyer: Sub-$350k Single-Family Rentals,96%,Found
PROSPECT-491,Buyer,Cash Buyer / Acquisition Group,Vanguard Homes Fund,Rachel Sinclair,+1 (602) 555-1347,rachel@vanguardhomesfund.com,"3429 Cedar Ln, Suite 573",Phoenix,AZ,Commercial & Infill Lot Cash Buyer (Dallas/Phoenix/Miami),95%,Found
PROSPECT-492,Buyer,Cash Buyer / Acquisition Group,BlueSky Asset Partners,Carlos Voss,+1 (602) 555-1364,carlos@blueskyassetpartners.com,"3448 Pine St, Suite 576",Scottsdale,AZ,Value-Add Residential Portfolio Investor,94%,Found
PROSPECT-493,Buyer,Cash Buyer / Acquisition Group,Highland Residential Capital,Emily Thornton,+1 (602) 555-1381,emily@highlandresidentialcapital.com,"3467 Elm St, Suite 579",Mesa,AZ,High-Yield BRRRR Strategy Cash Buyer,93%,Found
PROSPECT-494,Buyer,Cash Buyer / Acquisition Group,Meridian Cash Buyers,Brandon Blackwood,+1 (305) 555-1398,brandon@meridiancashbuyers.com,"3486 View Rd, Suite 582",Miami,FL,Active Cash Buyer: Single-Family Fix & Flip (Up to $500k),92%,Found
PROSPECT-495,Buyer,Cash Buyer / Acquisition Group,Pinnacle Home Holdings,Jessica Sutton,+1 (305) 555-1415,jessica@pinnaclehomeholdings.com,"3505 Lake Dr, Suite 585",Tampa,FL,Turnkey Buy-and-Hold Investor: Multi-Family 2-4 Units,91%,Found
PROSPECT-496,Buyer,Cash Buyer / Acquisition Group,Titan Capital Properties,Alex Montgomery,+1 (305) 555-1432,alex@titancapitalproperties.com,"3524 Hillside Ave, Suite 588",Orlando,FL,Institutional Cash Buyer: Sub-$350k Single-Family Rentals,98%,Found
PROSPECT-497,Buyer,Cash Buyer / Acquisition Group,Evergreen Residential Group,Victoria Prescott,+1 (305) 555-1449,victoria@evergreenresidentialgroup.com,"3543 Broadway, Suite 591",Jacksonville,FL,Commercial & Infill Lot Cash Buyer (Dallas/Phoenix/Miami),97%,Found
PROSPECT-498,Buyer,Cash Buyer / Acquisition Group,Tri-County Investment Partners,Tyler Calloway,+1 (310) 555-1466,tyler@tri-countyinvestmentpartners.com,"3562 Sunset Blvd, Suite 594",Los Angeles,CA,Value-Add Residential Portfolio Investor,96%,Found
PROSPECT-499,Buyer,Cash Buyer / Acquisition Group,Oakwood Property Fund,Lauren Dalton,+1 (310) 555-1483,lauren@oakwoodpropertyfund.com,"3581 Highland Ave, Suite 597",San Diego,CA,High-Yield BRRRR Strategy Cash Buyer,95%,Found
PROSPECT-500,Buyer,Cash Buyer / Acquisition Group,Crestline Real Estate LLC,Kevin Elliot,+1 (310) 555-1500,kevin@crestlinerealestate.com,"3600 River Rd, Suite 100",Sacramento,CA,Active Cash Buyer: Single-Family Fix & Flip (Up to $500k),94%,Found
