lead_id,first_name,last_name,phone,email,company,address,city,state,state_code,zip,lead_type,distress_signal,motivation_profile,asking_price,est_equity,score,grade,source,status
AL-S-0048,Mary,Roberts,+12057602466,mary.roberts@hotmail.com,,8996 Forest Blvd,Birmingham,Alabama,AL,35298,Seller,Code Violation,Financial Hardship - Needs Cash,579656,272219,98,A+,Nationwide Lead Gen,NEW
AZ-S-0113,James,Thompson,+14809449074,james.thompson@aol.com,,5173 Monroe Ct,Chandler,Arizona,AZ,26380,Seller,Vacant Property,Tired Landlord - Ready to Exit,662565,239679,98,A+,Nationwide Lead Gen,NEW
AR-S-0199,Jessica,Cox,+15014834598,jessica.cox@hotmail.com,,9799 Lake Ct,Little Rock,Arkansas,AR,72293,Seller,Fire Damage,Inherited Family Estate (Probate),360875,153285,98,A+,Nationwide Lead Gen,NEW
CA-S-0238,Justin,Martinez,+16199586478,justin.martinez@gmail.com,,481 Summit Way,San Diego,California,CA,92127,Seller,High Equity,Tired Landlord - Ready to Exit,189518,194589,98,A+,Nationwide Lead Gen,NEW
CO-S-0290,Angela,Cooper,+19703633970,angela.cooper@yahoo.com,,864 Business Pkwy,Fort Collins,Colorado,CO,59346,Seller,Vacant Property,Absentee Owner - Lives Out of State,549178,47221,98,A+,Nationwide Lead Gen,NEW
CO-S-0319,Rosa,Hughes,+19705336844,rosa.hughes@outlook.com,,1930 Jefferson Ln,Fort Collins,Colorado,CO,59149,Seller,Fire Damage,Job Relocation - Must Sell Fast,212479,335787,98,A+,Nationwide Lead Gen,NEW
CT-S-0366,Donald,Nelson,+19593228253,donald.nelson@aol.com,,4035 Washington Dr,Hartford,Connecticut,CT,6130,Seller,Tax Delinquent,Distressed Property - Code Violations,285696,120202,98,A+,Nationwide Lead Gen,NEW
CT-S-0380,Melissa,Rivera,+14755675304,melissa.rivera@aol.com,,7700 Washington St,New Haven,Connecticut,CT,17326,Seller,Tax Delinquent,Absentee Owner - Lives Out of State,646621,322469,98,A+,Nationwide Lead Gen,NEW
DE-S-0440,Elena,Scott,+13022088781,elena.scott@yahoo.com,,9997 Enterprise Blvd,Newark,Delaware,DE,36767,Seller,Fire Damage,Distressed Property - Code Violations,610134,203703,98,A+,Nationwide Lead Gen,NEW
ID-S-0660,Henry,Reed,+12082409203,henry.reed@aol.com,,5436 Enterprise Blvd,Boise,Idaho,ID,83764,Seller,Bankruptcy,Inherited Property - Not Interested,346544,370203,98,A+,Nationwide Lead Gen,NEW
IL-S-0709,Irene,Chavez,+16306489725,irene.chavez@hotmail.com,,3286 Monroe St,Aurora,Illinois,IL,66588,Seller,Condemned,Property Needs Major Repairs,926559,178934,98,A+,Nationwide Lead Gen,NEW
IN-S-0771,Samuel,Gutierrez,+13172829500,samuel.gutierrez@hotmail.com,,5538 Industrial Ave,Indianapolis,Indiana,IN,46206,Seller,Absentee Owner,Financial Hardship - Needs Cash,314681,357008,98,A+,Nationwide Lead Gen,NEW
MD-S-1080,Larry,Thompson,+13017094687,larry.thompson@yahoo.com,,1639 Hickory Blvd,Gaithersburg,Maryland,MD,99917,Seller,Lien,Property Needs Major Repairs,837648,115521,98,A+,Nationwide Lead Gen,NEW
MI-S-1245,Zachary,Kelly,+13135594113,zachary.kelly@outlook.com,,8045 River Pkwy,Detroit,Michigan,MI,48284,Seller,Absentee Owner,Divorce Settlement Required,775747,303479,98,A+,Nationwide Lead Gen,NEW
MN-S-1300,Benjamin,Jackson,+12187003861,benjamin.jackson@yahoo.com,,4639 Creek Rd,Duluth,Minnesota,MN,22120,Seller,Vacant Property,Divorce Settlement Required,355916,316485,98,A+,Nationwide Lead Gen,NEW
MN-S-1320,Shirley,Reyes,+16513464976,shirley.reyes@outlook.com,,9216 Chestnut Ave,St. Paul,Minnesota,MN,51363,Seller,Fire Damage,Out-of-State Absentee Landlord,826748,187458,98,A+,Nationwide Lead Gen,NEW
MN-S-1322,Carolyn,Collins,+15075765285,carolyn.collins@yahoo.com,,5824 Garden Ave,Rochester,Minnesota,MN,66370,Seller,Probate,Out-of-State Absentee Landlord,625440,88776,98,A+,Nationwide Lead Gen,NEW
NJ-S-1600,Jeffrey,Cooper,+12018387547,jeffrey.cooper@outlook.com,,4730 Garden Pl,Jersey City,New Jersey,NJ,17041,Seller,Code Violation,Distressed Property - Code Violations,869558,263658,98,A+,Nationwide Lead Gen,NEW
NJ-S-1604,Irene,Alvarez,+19736738364,irene.alvarez@hotmail.com,,763 Valley Ave,Newark,New Jersey,NJ,7155,Seller,Fire Damage,Job Relocation - Must Sell Fast,696544,346654,98,A+,Nationwide Lead Gen,NEW
NY-S-1718,Sarah,Reyes,+12127901471,sarah.reyes@yahoo.com,,6005 Enterprise Ct,New York City,New York,NY,10086,Seller,Absentee Owner,Behind on Mortgage Payments,221805,286608,98,A+,Nationwide Lead Gen,NEW
NY-S-1742,Angela,Lee,+15187487494,angela.lee@yahoo.com,,1468 Spring Ln,Albany,New York,NY,91564,Seller,Code Violation,Tired Landlord - Ready to Exit,853829,393580,98,A+,Nationwide Lead Gen,NEW
NC-S-1803,Samantha,Wood,+19199903285,samantha.wood@gmail.com,,8485 Summit Rd,Durham,North Carolina,NC,31022,Seller,Judgment,Inherited Family Estate (Probate),909557,268363,98,A+,Nationwide Lead Gen,NEW
NC-S-1811,Jessica,Turner,+19807335817,jessica.turner@yahoo.com,,2721 River Ln,Charlotte,North Carolina,NC,28217,Seller,Fire Damage,Financial Hardship - Needs Cash,374057,310756,98,A+,Nationwide Lead Gen,NEW
ND-S-1859,Elena,Gutierrez,+17012533793,elena.gutierrez@gmail.com,,8895 Industrial Pl,Fargo,North Dakota,ND,58141,Seller,Utility Shutoff,Avoiding Foreclosure Auction,708623,376037,98,A+,Nationwide Lead Gen,NEW
OH-S-1902,Angela,Cook,+12163521914,angela.cook@yahoo.com,,4501 Main Dr,Cleveland,Ohio,OH,81154,Seller,Code Violation,Tired Landlord - Ready to Exit,168744,180258,98,A+,Nationwide Lead Gen,NEW
OK-S-1953,Yolanda,Miller,+14056287674,yolanda.miller@outlook.com,,5670 Spring Pl,Norman,Oklahoma,OK,77231,Seller,Pre-Foreclosure,Property Needs Major Repairs,878790,149107,98,A+,Nationwide Lead Gen,NEW
OK-S-1971,Tyler,Cook,+19182877990,tyler.cook@gmail.com,,8238 Adams Rd,Broken Arrow,Oklahoma,OK,14886,Seller,Judgment,Tax Lien & Pre-Foreclosure Opportunity,295383,307654,98,A+,Nationwide Lead Gen,NEW
OK-S-1991,Raymond,Gomez,+14055532696,raymond.gomez@hotmail.com,,7053 Canyon Ct,Norman,Oklahoma,OK,45840,Seller,Eviction,Property in Probate - Estate Settlement,917117,346799,98,A+,Nationwide Lead Gen,NEW
OK-S-1997,Jonathan,Rodriguez,+14056313635,jonathan.rodriguez@gmail.com,,4174 Industrial Ln,Oklahoma City,Oklahoma,OK,73130,Seller,High Equity,Inherited Family Estate (Probate),426625,329722,98,A+,Nationwide Lead Gen,NEW
PA-S-2110,Samuel,Walker,+14123193253,samuel.walker@hotmail.com,,2700 Chestnut Dr,Pittsburgh,Pennsylvania,PA,55568,Seller,Code Violation,Absentee Owner - Lives Out of State,313080,180217,98,A+,Nationwide Lead Gen,NEW
PA-S-2112,Aaron,Brooks,+18145568447,aaron.brooks@gmail.com,,8694 Maple Rd,Erie,Pennsylvania,PA,82194,Seller,Fire Damage,Property Needs Major Repairs,214132,284550,98,A+,Nationwide Lead Gen,NEW
PA-S-2125,Timothy,Wright,+16104654402,timothy.wright@outlook.com,,8661 Madison Blvd,Allentown,Pennsylvania,PA,92095,Seller,Tax Delinquent,Job Relocation - Must Sell Fast,776236,184045,98,A+,Nationwide Lead Gen,NEW
RI-S-2181,Samuel,Howard,+14012319835,samuel.howard@gmail.com,,5256 Highland St,Providence,Rhode Island,RI,2947,Seller,Bankruptcy,Inherited Property - Not Interested,710116,218878,98,A+,Nationwide Lead Gen,NEW
SC-S-2247,Carol,Rivera,+18436132362,carol.rivera@hotmail.com,,6140 Lincoln St,Charleston,South Carolina,SC,29488,Seller,Probate,Tax Lien & Pre-Foreclosure Opportunity,160826,355371,98,A+,Nationwide Lead Gen,NEW
TN-S-2312,Steven,Gomez,+14238486938,steven.gomez@hotmail.com,,1206 Chestnut Ln,Chattanooga,Tennessee,TN,27901,Seller,Pre-Foreclosure,Inherited Property - Not Interested,501868,169105,98,A+,Nationwide Lead Gen,NEW
TN-S-2327,John,Taylor,+16152471746,john.taylor@yahoo.com,,4209 Adams St,Nashville,Tennessee,TN,37289,Seller,Judgment,Tax Lien & Pre-Foreclosure Opportunity,254968,248330,98,A+,Nationwide Lead Gen,NEW
TN-S-2331,Patricia,Hall,+14233222783,patricia.hall@gmail.com,,9752 Madison Pl,Chattanooga,Tennessee,TN,18996,Seller,Absentee Owner,Distressed Property - Code Violations,323698,260005,98,A+,Nationwide Lead Gen,NEW
TX-S-2398,Robert,Nguyen,+19158233492,robert.nguyen@aol.com,,4181 Industrial Blvd,El Paso,Texas,TX,85128,Seller,Utility Shutoff,Absentee Owner - Lives Out of State,349655,192612,98,A+,Nationwide Lead Gen,NEW
VA-S-2614,Nancy,Scott,+17579702807,nancy.scott@aol.com,,8839 Sunrise Pkwy,Norfolk,Virginia,VA,69680,Seller,Condemned,Job Relocation - Must Sell Fast,384074,240099,98,A+,Nationwide Lead Gen,NEW
WA-S-2686,Donna,Morgan,+12533147457,donna.morgan@gmail.com,,873 Main St,Tacoma,Washington,WA,39857,Seller,Probate,Tired Landlord - Ready to Exit,639660,239716,98,A+,Nationwide Lead Gen,NEW
WA-S-2688,Nicole,Murphy,+15095676579,nicole.murphy@aol.com,,1200 Forest Way,Spokane,Washington,WA,41247,Seller,Pre-Foreclosure,Property Needs Major Repairs,575158,287645,98,A+,Nationwide Lead Gen,NEW
WV-S-2718,Stephen,Hughes,+13047885467,stephen.hughes@yahoo.com,,6154 Lincoln St,Parkersburg,West Virginia,WV,54591,Seller,Tax Delinquent,Inherited Property - Not Interested,933840,342166,98,A+,Nationwide Lead Gen,NEW
WI-S-2747,Gregory,Ward,+16089855188,gregory.ward@outlook.com,,4774 River Rd,Madison,Wisconsin,WI,38644,Seller,Tax Delinquent,Absentee Owner - Lives Out of State,256637,228244,98,A+,Nationwide Lead Gen,NEW
AL-S-0006,Sandra,Ramirez,+13347552911,sandra.ramirez@hotmail.com,,9553 Park Way,Montgomery,Alabama,AL,36134,Seller,Code Violation,Inherited Property - Not Interested,390711,95887,97,A+,Nationwide Lead Gen,NEW
AL-S-0007,Emma,Ward,+12516631082,emma.ward@yahoo.com,,5604 Washington Way,Mobile,Alabama,AL,50053,Seller,High Equity,Avoiding Foreclosure Auction,485502,387944,97,A+,Nationwide Lead Gen,NEW
AL-S-0015,Carlos,Collins,+16593852898,carlos.collins@aol.com,,4704 Technology Dr,Birmingham,Alabama,AL,35218,Seller,Pre-Foreclosure,Property Needs Major Repairs,148049,283074,97,A+,Nationwide Lead Gen,NEW
AL-S-0029,Shirley,Sanchez,+12565575432,shirley.sanchez@yahoo.com,,7644 Elm Ct,Huntsville,Alabama,AL,66737,Seller,Lien,Job Relocation - Must Sell Fast,167325,323975,97,A+,Nationwide Lead Gen,NEW
AK-S-0078,Edward,Evans,+19078031012,edward.evans@gmail.com,,5863 Lake Ct,Juneau,Alaska,AK,12676,Seller,Condemned,Absentee Owner - Lives Out of State,922264,63718,97,A+,Nationwide Lead Gen,NEW
AZ-S-0125,Carlos,Bennett,+14803193493,carlos.bennett@hotmail.com,,5374 Hickory Way,Chandler,Arizona,AZ,80847,Seller,Fire Damage,Tired Landlord - Ready to Exit,471898,289134,97,A+,Nationwide Lead Gen,NEW
AR-S-0183,Douglas,Clark,+14793624473,douglas.clark@aol.com,,4007 Jackson St,Fayetteville,Arkansas,AR,32079,Seller,Bankruptcy,Tax Lien & Pre-Foreclosure Opportunity,659960,46910,97,A+,Nationwide Lead Gen,NEW
CO-S-0292,Douglas,Patel,+13036522988,douglas.patel@aol.com,,5807 Monroe Way,Denver,Colorado,CO,80226,Seller,Condemned,Avoiding Foreclosure Auction,144105,223284,97,A+,Nationwide Lead Gen,NEW
CO-S-0324,Carlos,Bennett,+19707891340,carlos.bennett@outlook.com,,8160 Harrison Pl,Fort Collins,Colorado,CO,74280,Seller,Condemned,Inherited Family Estate (Probate),156725,222746,97,A+,Nationwide Lead Gen,NEW
CT-S-0407,Karen,Walker,+12037936213,karen.walker@outlook.com,,1550 Harrison Pkwy,Stamford,Connecticut,CT,43171,Seller,Condemned,Out-of-State Absentee Landlord,479168,236121,97,A+,Nationwide Lead Gen,NEW
GA-S-0563,Steven,Howard,+17065986149,steven.howard@outlook.com,,6459 Summit Ct,Augusta,Georgia,GA,59837,Seller,Judgment,Tired Landlord - Ready to Exit,612762,124514,97,A+,Nationwide Lead Gen,NEW
ID-S-0664,Peter,Peterson,+12089107510,peter.peterson@yahoo.com,,3660 Spring Ct,Idaho Falls,Idaho,ID,46484,Seller,Tax Delinquent,Out-of-State Absentee Landlord,321000,242076,97,A+,Nationwide Lead Gen,NEW
IL-S-0692,Heather,James,+16307773675,heather.james@gmail.com,,736 Forest Dr,Aurora,Illinois,IL,76090,Seller,Tax Delinquent,Avoiding Foreclosure Auction,936237,104195,97,A+,Nationwide Lead Gen,NEW
IN-S-0766,Richard,Cox,+14632716660,richard.cox@aol.com,,6392 Commerce Rd,Indianapolis,Indiana,IN,46267,Seller,Eviction,Property Needs Major Repairs,398960,203537,97,A+,Nationwide Lead Gen,NEW
KY-S-0934,Kenneth,Jackson,+18595899386,kenneth.jackson@aol.com,,4734 Hickory St,Lexington,Kentucky,KY,36775,Seller,Lien,Job Relocation - Must Sell Fast,491290,317669,97,A+,Nationwide Lead Gen,NEW
LA-S-0985,Emma,Lewis,+15045573342,emma.lewis@aol.com,,2649 Vista Pl,New Orleans,Louisiana,LA,70195,Seller,Absentee Owner,Tax Lien & Pre-Foreclosure Opportunity,570039,151129,97,A+,Nationwide Lead Gen,NEW
LA-S-1002,Justin,Allen,+13184126642,justin.allen@hotmail.com,,9207 Valley Ln,Shreveport,Louisiana,LA,36647,Seller,Eviction,Distressed Property - Code Violations,385567,133956,97,A+,Nationwide Lead Gen,NEW
LA-S-1004,Samantha,Gray,+12259547759,samantha.gray@aol.com,,3112 Technology Way,Baton Rouge,Louisiana,LA,13074,Seller,Utility Shutoff,Financial Hardship - Needs Cash,796172,251527,97,A+,Nationwide Lead Gen,NEW
MA-S-1147,Michael,Anderson,+16172918946,michael.anderson@outlook.com,,5158 Peak Pl,Boston,Massachusetts,MA,2153,Seller,Absentee Owner,Tired Landlord - Ready to Exit,767846,187456,97,A+,Nationwide Lead Gen,NEW
MI-S-1232,Ryan,Ramos,+15174247861,ryan.ramos@yahoo.com,,8060 Oak Pkwy,Lansing,Michigan,MI,34857,Seller,Lien,Tax Lien & Pre-Foreclosure Opportunity,252830,105864,97,A+,Nationwide Lead Gen,NEW
MI-S-1253,Michael,Collins,+17348949679,michael.collins@outlook.com,,2226 Spring Blvd,Ann Arbor,Michigan,MI,40173,Seller,Vacant Property,Absentee Owner - Lives Out of State,781089,242540,97,A+,Nationwide Lead Gen,NEW
MN-S-1309,Pamela,Rivera,+16128606699,pamela.rivera@hotmail.com,,6602 Canyon Ln,Minneapolis,Minnesota,MN,55415,Seller,Probate,Behind on Mortgage Payments,244517,131394,97,A+,Nationwide Lead Gen,NEW
MO-S-1416,Carolyn,Peterson,+18163571420,carolyn.peterson@hotmail.com,,8917 Main Dr,Independence,Missouri,MO,75550,Seller,Fire Damage,Property in Probate - Estate Settlement,558905,320885,97,A+,Nationwide Lead Gen,NEW
MO-S-1432,Alexander,Long,+16365523624,alexander.long@aol.com,,718 Maple Blvd,St. Louis,Missouri,MO,90204,Seller,Tax Delinquent,Inherited Family Estate (Probate),162855,55087,97,A+,Nationwide Lead Gen,NEW
MT-S-1486,Nathan,Gutierrez,+14069439379,nathan.gutierrez@gmail.com,,3844 Lincoln Pkwy,Billings,Montana,MT,59126,Seller,Probate,Behind on Mortgage Payments,876817,278474,97,A+,Nationwide Lead Gen,NEW
NE-S-1516,Zachary,Wilson,+14027654422,zachary.wilson@aol.com,,2378 Forest Blvd,Lincoln,Nebraska,NE,35945,Seller,Lien,Distressed Property - Code Violations,517247,377064,97,A+,Nationwide Lead Gen,NEW
NV-S-1536,Shirley,Anderson,+17023645855,shirley.anderson@gmail.com,,4460 Technology Pl,Las Vegas,Nevada,NV,89144,Seller,Probate,Absentee Owner - Lives Out of State,296392,273582,97,A+,Nationwide Lead Gen,NEW
NJ-S-1592,Donna,Davis,+19736484005,donna.davis@gmail.com,,3945 Jefferson Ave,Paterson,New Jersey,NJ,29238,Seller,Judgment,Avoiding Foreclosure Auction,124395,288125,97,A+,Nationwide Lead Gen,NEW
NJ-S-1617,Gloria,Martinez,+19736098453,gloria.martinez@yahoo.com,,9562 Ridge Ave,Newark,New Jersey,NJ,7137,Seller,Tax Delinquent,Behind on Mortgage Payments,559825,236628,97,A+,Nationwide Lead Gen,NEW
NY-S-1743,Mark,Gray,+17168146768,mark.gray@hotmail.com,,6820 Creek Ln,Buffalo,New York,NY,14219,Seller,Code Violation,Inherited Property - Not Interested,131331,160339,97,A+,Nationwide Lead Gen,NEW
NY-S-1745,Stephanie,Turner,+15853153758,stephanie.turner@yahoo.com,,8916 Lake Ave,Rochester,New York,NY,42739,Seller,Absentee Owner,Inherited Family Estate (Probate),281199,391220,97,A+,Nationwide Lead Gen,NEW
NC-S-1804,Mark,Morris,+19194337079,mark.morris@yahoo.com,,2008 Peak Ave,Durham,North Carolina,NC,11052,Seller,Code Violation,Property Needs Major Repairs,261711,377979,97,A+,Nationwide Lead Gen,NEW
OH-S-1882,Margaret,Torres,+15135351470,margaret.torres@yahoo.com,,7113 Lake St,Cincinnati,Ohio,OH,66910,Seller,Tax Delinquent,Inherited Property - Not Interested,292548,360939,97,A+,Nationwide Lead Gen,NEW
OK-S-1960,Tyler,Diaz,+14056633905,tyler.diaz@outlook.com,,8133 Meadow Ct,Oklahoma City,Oklahoma,OK,73180,Seller,Utility Shutoff,Avoiding Foreclosure Auction,345077,88049,97,A+,Nationwide Lead Gen,NEW
OK-S-1961,Gloria,Morgan,+14057634509,gloria.morgan@gmail.com,,1317 Main St,Norman,Oklahoma,OK,73830,Seller,Utility Shutoff,Property Needs Major Repairs,639281,362192,97,A+,Nationwide Lead Gen,NEW
OK-S-1978,Kevin,Cruz,+14059495541,kevin.cruz@aol.com,,6820 Madison Pl,Norman,Oklahoma,OK,57824,Seller,Absentee Owner,Divorce Settlement Required,176448,272543,97,A+,Nationwide Lead Gen,NEW
OK-S-1999,George,Smith,+14059425948,george.smith@hotmail.com,,7048 Adams Ct,Norman,Oklahoma,OK,28147,Seller,Bankruptcy,Property in Probate - Estate Settlement,541481,112326,97,A+,Nationwide Lead Gen,NEW
OR-S-2029,Andrew,Morgan,+15418658983,andrew.morgan@gmail.com,,7623 Business Rd,Eugene,Oregon,OR,57325,Seller,Eviction,Out-of-State Absentee Landlord,737360,40038,97,A+,Nationwide Lead Gen,NEW
SC-S-2254,Kimberly,Scott,+18642563068,kimberly.scott@gmail.com,,7396 Meadow Way,Greenville,South Carolina,SC,69845,Seller,Probate,Property Needs Major Repairs,385946,361616,97,A+,Nationwide Lead Gen,NEW
TX-S-2419,Dennis,Jimenez,+17376856604,dennis.jimenez@aol.com,,4926 Business Pl,Austin,Texas,TX,37285,Seller,Utility Shutoff,Vacant Property - High Equity,722724,91558,97,A+,Nationwide Lead Gen,NEW
TX-S-2429,Barbara,Allen,+17379583875,barbara.allen@gmail.com,,2058 Jackson Way,Austin,Texas,TX,51265,Seller,Judgment,Inherited Family Estate (Probate),576591,142080,97,A+,Nationwide Lead Gen,NEW
UT-S-2470,David,Clark,+18013213666,david.clark@yahoo.com,,4237 Ridge Blvd,Ogden,Utah,UT,16495,Seller,Tax Delinquent,Inherited Family Estate (Probate),757311,372121,97,A+,Nationwide Lead Gen,NEW
UT-S-2509,Elizabeth,Allen,+18012448156,elizabeth.allen@aol.com,,8482 Business Ave,Ogden,Utah,UT,77610,Seller,Tax Delinquent,Behind on Mortgage Payments,314603,397869,97,A+,Nationwide Lead Gen,NEW
VT-S-2547,Nancy,Harris,+18026168534,nancy.harris@outlook.com,,1067 Birch Rd,Burlington,Vermont,VT,5492,Seller,Probate,Behind on Mortgage Payments,604968,162385,97,A+,Nationwide Lead Gen,NEW
WI-S-2755,Aaron,Garcia,+16082832028,aaron.garcia@outlook.com,,2630 Harrison St,Madison,Wisconsin,WI,56114,Seller,Tax Delinquent,Inherited Property - Not Interested,249919,168061,97,A+,Nationwide Lead Gen,NEW
AL-S-0013,Susan,Rogers,+12516301906,susan.rogers@yahoo.com,,3867 Peak Pl,Mobile,Alabama,AL,51116,Seller,Pre-Foreclosure,Tired Landlord - Ready to Exit,739078,286860,96,A+,Nationwide Lead Gen,NEW
AL-S-0028,Jacob,Anderson,+12512527693,jacob.anderson@gmail.com,,4051 Industrial Blvd,Mobile,Alabama,AL,36179,Seller,Code Violation,Property Needs Major Repairs,633887,45346,96,A+,Nationwide Lead Gen,NEW
AL-S-0040,Ashley,Carter,+12519751099,ashley.carter@aol.com,,4334 Lake Pl,Mobile,Alabama,AL,84380,Seller,Tax Delinquent,Divorce Settlement Required,900429,199509,96,A+,Nationwide Lead Gen,NEW
AL-S-0046,Gary,Evans,+12517313209,gary.evans@gmail.com,,9859 Hill Pl,Mobile,Alabama,AL,37439,Seller,Lien,Property Needs Major Repairs,687130,96376,96,A+,Nationwide Lead Gen,NEW
CO-S-0301,Jeffrey,Mendoza,+17207298443,jeffrey.mendoza@outlook.com,,1208 Innovation St,Denver,Colorado,CO,80225,Seller,Probate,Job Relocation - Must Sell Fast,443338,133077,96,A+,Nationwide Lead Gen,NEW
FL-S-0467,Emma,Hughes,+19546996933,emma.hughes@gmail.com,,261 River Ave,Fort Lauderdale,Florida,FL,25802,Seller,Fire Damage,Inherited Family Estate (Probate),240040,247995,96,A+,Nationwide Lead Gen,NEW
FL-S-0475,John,Collins,+16898884085,john.collins@aol.com,,8125 Ridge Blvd,Orlando,Florida,FL,32893,Seller,Eviction,Out-of-State Absentee Landlord,739850,172473,96,A+,Nationwide Lead Gen,NEW
FL-S-0476,Linda,Hill,+19545395546,linda.hill@gmail.com,,6297 Madison Way,Fort Lauderdale,Florida,FL,56243,Seller,Probate,Distressed Property - Code Violations,378747,95346,96,A+,Nationwide Lead Gen,NEW
GA-S-0551,Joshua,Parker,+17707978101,joshua.parker@hotmail.com,,1348 Park Dr,Atlanta,Georgia,GA,30311,Seller,Code Violation,Avoiding Foreclosure Auction,762324,221255,96,A+,Nationwide Lead Gen,NEW
GA-S-0572,Shirley,Taylor,+14047683745,shirley.taylor@aol.com,,369 Park Pkwy,Atlanta,Georgia,GA,30303,Seller,Eviction,Out-of-State Absentee Landlord,508359,60450,96,A+,Nationwide Lead Gen,NEW
ID-S-0652,Andrew,James,+12082028546,andrew.james@hotmail.com,,751 Walnut Pkwy,Nampa,Idaho,ID,53720,Seller,Fire Damage,Inherited Family Estate (Probate),524554,300618,96,A+,Nationwide Lead Gen,NEW
IL-S-0717,George,Mitchell,+16305099424,george.mitchell@aol.com,,9807 Spring Blvd,Aurora,Illinois,IL,64852,Seller,Condemned,Distressed Property - Code Violations,201049,103266,96,A+,Nationwide Lead Gen,NEW
IL-S-0721,Donna,Nelson,+18722316118,donna.nelson@aol.com,,7725 Innovation Pkwy,Chicago,Illinois,IL,60641,Seller,Pre-Foreclosure,Inherited Property - Not Interested,297512,79041,96,A+,Nationwide Lead Gen,NEW
IN-S-0765,Emma,Diaz,+12606086213,emma.diaz@outlook.com,,7928 Lake Way,Fort Wayne,Indiana,IN,21624,Seller,Condemned,Tax Lien & Pre-Foreclosure Opportunity,351545,284825,96,A+,Nationwide Lead Gen,NEW
IN-S-0774,Alexander,Morgan,+18125757116,alexander.morgan@gmail.com,,2125 Hill Rd,Evansville,Indiana,IN,74040,Seller,Vacant Property,Behind on Mortgage Payments,430986,305510,96,A+,Nationwide Lead Gen,NEW
IN-S-0785,Adam,Stewart,+18127042555,adam.stewart@aol.com,,200 Elm Ct,Evansville,Indiana,IN,55020,Seller,Bankruptcy,Property Needs Major Repairs,359601,112441,96,A+,Nationwide Lead Gen,NEW
KY-S-0895,Brenda,Hall,+18598228144,brenda.hall@aol.com,,7481 Peak Rd,Covington,Kentucky,KY,64169,Seller,Vacant Property,Property in Probate - Estate Settlement,904844,230165,96,A+,Nationwide Lead Gen,NEW
KY-S-0935,Gregory,Jimenez,+18595588583,gregory.jimenez@aol.com,,2505 Chestnut Pkwy,Lexington,Kentucky,KY,23595,Seller,Probate,Vacant Property - High Equity,787853,115271,96,A+,Nationwide Lead Gen,NEW
LA-S-0979,Joseph,James,+13187937381,joseph.james@aol.com,,4064 Cedar Ave,Shreveport,Louisiana,LA,93688,Seller,High Equity,Inherited Family Estate (Probate),734238,119945,96,A+,Nationwide Lead Gen,NEW
MA-S-1163,Karen,Morales,+16172052713,karen.morales@outlook.com,,7204 Valley Pl,Boston,Massachusetts,MA,2168,Seller,Condemned,Financial Hardship - Needs Cash,646953,180970,96,A+,Nationwide Lead Gen,NEW
MN-S-1301,Douglas,Wilson,+15074452556,douglas.wilson@gmail.com,,3673 Chestnut St,Rochester,Minnesota,MN,53761,Seller,Fire Damage,Distressed Property - Code Violations,349558,186808,96,A+,Nationwide Lead Gen,NEW
MN-S-1317,John,Smith,+16513455044,john.smith@outlook.com,,5529 Lincoln Blvd,St. Paul,Minnesota,MN,54769,Seller,Judgment,Behind on Mortgage Payments,276042,63460,96,A+,Nationwide Lead Gen,NEW
MO-S-1420,Charles,Richardson,+14178209609,charles.richardson@aol.com,,9784 Ridge Ave,Springfield,Missouri,MO,93552,Seller,Tax Delinquent,Out-of-State Absentee Landlord,817340,97825,96,A+,Nationwide Lead Gen,NEW
MO-S-1423,Kenneth,Howard,+18162922235,kenneth.howard@hotmail.com,,5657 Jefferson Blvd,Kansas City,Missouri,MO,64184,Seller,Utility Shutoff,Tax Lien & Pre-Foreclosure Opportunity,458985,367244,96,A+,Nationwide Lead Gen,NEW
MT-S-1484,Susan,Cook,+14066466712,susan.cook@aol.com,,8539 Peak Pkwy,Great Falls,Montana,MT,65225,Seller,High Equity,Tax Lien & Pre-Foreclosure Opportunity,149631,380825,96,A+,Nationwide Lead Gen,NEW
NH-S-1574,Yolanda,Parker,+16032264722,yolanda.parker@outlook.com,,8383 Meadow Dr,Nashua,New Hampshire,NH,14084,Seller,Eviction,Property in Probate - Estate Settlement,455967,54084,96,A+,Nationwide Lead Gen,NEW
NJ-S-1609,Nicole,Wilson,+19736142809,nicole.wilson@aol.com,,8490 Business Ln,Paterson,New Jersey,NJ,69444,Seller,Fire Damage,Job Relocation - Must Sell Fast,234494,230157,96,A+,Nationwide Lead Gen,NEW
NC-S-1799,Aaron,Gutierrez,+13365849775,aaron.gutierrez@aol.com,,1523 Valley St,Greensboro,North Carolina,NC,85521,Seller,Probate,Property in Probate - Estate Settlement,865286,282604,96,A+,Nationwide Lead Gen,NEW
OH-S-1880,Christine,King,+13303483890,christine.king@outlook.com,,4332 Business Way,Akron,Ohio,OH,36164,Seller,Pre-Foreclosure,Property Needs Major Repairs,445504,151339,96,A+,Nationwide Lead Gen,NEW
OR-S-2030,Carol,Reed,+15417222372,carol.reed@gmail.com,,6389 Oak Dr,Bend,Oregon,OR,26138,Seller,Bankruptcy,Distressed Property - Code Violations,948658,115212,96,A+,Nationwide Lead Gen,NEW
OR-S-2070,Jason,Watson,+15415674078,jason.watson@outlook.com,,5398 Birch Pl,Bend,Oregon,OR,77687,Seller,Absentee Owner,Divorce Settlement Required,133535,185176,96,A+,Nationwide Lead Gen,NEW
PA-S-2144,Anthony,Mendoza,+18789783140,anthony.mendoza@outlook.com,,3381 Innovation Way,Pittsburgh,Pennsylvania,PA,75012,Seller,Eviction,Inherited Property - Not Interested,290260,323898,96,A+,Nationwide Lead Gen,NEW
SC-S-2222,Anna,Sanders,+18433804961,anna.sanders@hotmail.com,,589 Technology Rd,Charleston,South Carolina,SC,29434,Seller,Probate,Out-of-State Absentee Landlord,553942,195194,96,A+,Nationwide Lead Gen,NEW
SD-S-2289,Elena,Gutierrez,+16057597907,elena.gutierrez@gmail.com,,2012 Monroe Pkwy,Rapid City,South Dakota,SD,55214,Seller,Code Violation,Absentee Owner - Lives Out of State,385701,127886,96,A+,Nationwide Lead Gen,NEW
SD-S-2293,Dorothy,Brown,+16054768368,dorothy.brown@outlook.com,,4208 Chestnut Pl,Aberdeen,South Dakota,SD,80587,Seller,Pre-Foreclosure,Avoiding Foreclosure Auction,615856,329970,96,A+,Nationwide Lead Gen,NEW
VA-S-2587,Henry,Clark,+17578592973,henry.clark@outlook.com,,3122 Pine St,Norfolk,Virginia,VA,22534,Seller,Tax Delinquent,Inherited Property - Not Interested,572776,159751,96,A+,Nationwide Lead Gen,NEW
WA-S-2687,Rosa,Ruiz,+14255072929,rosa.ruiz@outlook.com,,336 Birch St,Bellevue,Washington,WA,72271,Seller,Tax Delinquent,Inherited Family Estate (Probate),332100,213039,96,A+,Nationwide Lead Gen,NEW
WV-S-2721,Brenda,Brown,+13046801641,brenda.brown@hotmail.com,,1514 Main Ave,Morgantown,West Virginia,WV,22326,Seller,Utility Shutoff,Distressed Property - Code Violations,778278,350766,96,A+,Nationwide Lead Gen,NEW
WI-S-2784,Pamela,Hernandez,+12627835335,pamela.hernandez@gmail.com,,994 Adams Rd,Kenosha,Wisconsin,WI,72044,Seller,Tax Delinquent,Avoiding Foreclosure Auction,342607,53808,96,A+,Nationwide Lead Gen,NEW
AK-S-0087,Daniel,Phillips,+19075022242,daniel.phillips@outlook.com,,6091 Madison Pl,Fairbanks,Alaska,AK,95586,Seller,Eviction,Out-of-State Absentee Landlord,925072,274690,95,A+,Nationwide Lead Gen,NEW
AZ-S-0115,Debra,Wood,+14806441772,debra.wood@hotmail.com,,7709 Spring Dr,Mesa,Arizona,AZ,90703,Seller,Probate,Avoiding Foreclosure Auction,349368,139759,95,A+,Nationwide Lead Gen,NEW
AZ-S-0120,Mark,Garcia,+16027482891,mark.garcia@gmail.com,,3999 Oak St,Mesa,Arizona,AZ,40446,Seller,Bankruptcy,Out-of-State Absentee Landlord,573404,170130,95,A+,Nationwide Lead Gen,NEW
AZ-B-0180,Ruth,Taylor,+15207947855,ruth.taylor@gmail.com,Ruth Investments,,Tucson,Arizona,AZ,,Buyer,,REIT,0,0,95,A+,Nationwide Lead Gen,NEW
CA-S-0221,Timothy,Gomez,+12794087772,timothy.gomez@yahoo.com,,9905 Jefferson Way,Sacramento,California,CA,13022,Seller,Bankruptcy,Divorce Settlement Required,885621,304295,95,A+,Nationwide Lead Gen,NEW
CO-S-0321,Deborah,Hall,+17199085165,deborah.hall@hotmail.com,,3972 Ridge Ct,Colorado Springs,Colorado,CO,23278,Seller,Condemned,Property Needs Major Repairs,562144,324824,95,A+,Nationwide Lead Gen,NEW
CO-B-0355,Thomas,Young,+19708357652,thomas.young@gmail.com,Thomas Solutions,,Fort Collins,Colorado,CO,,Buyer,,REIT,0,0,95,A+,Nationwide Lead Gen,NEW
CT-S-0390,Edward,Carter,+19594932904,edward.carter@outlook.com,,9712 Technology Ln,Hartford,Connecticut,CT,6156,Seller,Eviction,Tired Landlord - Ready to Exit,658983,137817,95,A+,Nationwide Lead Gen,NEW
CT-S-0395,Jeffrey,Morales,+12033914356,jeffrey.morales@yahoo.com,,2117 Walnut Blvd,Stamford,Connecticut,CT,14967,Seller,Utility Shutoff,Vacant Property - High Equity,453972,251089,95,A+,Nationwide Lead Gen,NEW
CT-S-0401,Kimberly,Jackson,+14758399650,kimberly.jackson@hotmail.com,,3531 Pine Pl,Bridgeport,Connecticut,CT,90639,Seller,Code Violation,Job Relocation - Must Sell Fast,628997,146325,95,A+,Nationwide Lead Gen,NEW
CT-B-0416,Alexander,Taylor,+12033865187,alexander.taylor@outlook.com,Alexander Realty,,New Haven,Connecticut,CT,,Buyer,,Wholesaler,0,0,95,A+,Nationwide Lead Gen,NEW
DE-S-0443,Gloria,Jones,+13024754719,gloria.jones@aol.com,,226 Industrial Blvd,Dover,Delaware,DE,50646,Seller,High Equity,Job Relocation - Must Sell Fast,186496,375321,95,A+,Nationwide Lead Gen,NEW
FL-B-0527,Jonathan,Hernandez,+18138683583,jonathan.hernandez@gmail.com,,,Tampa,Florida,FL,,Buyer,,Fix & Flip,0,0,95,A+,Nationwide Lead Gen,NEW
FL-B-0529,Barbara,Martinez,+14078459154,barbara.martinez@gmail.com,Barbara Capital,,Orlando,Florida,FL,,Buyer,,Cash Buyer,0,0,95,A+,Nationwide Lead Gen,NEW
GA-S-0549,Mary,Foster,+17064589841,mary.foster@yahoo.com,,8569 Spring Pl,Augusta,Georgia,GA,76126,Seller,Pre-Foreclosure,Job Relocation - Must Sell Fast,500444,358713,95,A+,Nationwide Lead Gen,NEW
GA-B-0591,Patricia,Ramirez,+19128722426,patricia.ramirez@outlook.com,,,Savannah,Georgia,GA,,Buyer,,Investor,0,0,95,A+,Nationwide Lead Gen,NEW
GA-B-0602,Rosa,White,+19123004984,rosa.white@gmail.com,,,Savannah,Georgia,GA,,Buyer,,Fix & Flip,0,0,95,A+,Nationwide Lead Gen,NEW
HI-B-0644,Betty,Ramos,+18087618890,betty.ramos@outlook.com,Betty Home Buyers,,Hilo,Hawaii,HI,,Buyer,,REIT,0,0,95,A+,Nationwide Lead Gen,NEW
ID-B-0667,Jerry,Mendoza,+12084818455,jerry.mendoza@gmail.com,Jerry Realty,,Boise,Idaho,ID,,Buyer,,Cash Buyer,0,0,95,A+,Nationwide Lead Gen,NEW
IL-B-0731,Timothy,Foster,+13127527339,timothy.foster@yahoo.com,Timothy Holdings,,Chicago,Illinois,IL,,Buyer,,Cash Buyer,0,0,95,A+,Nationwide Lead Gen,NEW
IL-B-0742,Angela,King,+18729458982,angela.king@gmail.com,,,Chicago,Illinois,IL,,Buyer,,Wholesaler,0,0,95,A+,Nationwide Lead Gen,NEW
IL-B-0743,Donna,Jackson,+18728165427,donna.jackson@outlook.com,Donna Investments,,Chicago,Illinois,IL,,Buyer,,Investor,0,0,95,A+,Nationwide Lead Gen,NEW
IN-S-0791,Brenda,Turner,+12607309635,brenda.turner@gmail.com,,1418 Forest Pkwy,Fort Wayne,Indiana,IN,13311,Seller,Pre-Foreclosure,Job Relocation - Must Sell Fast,745345,61055,95,A+,Nationwide Lead Gen,NEW
IN-S-0798,Carolyn,Rodriguez,+12608778334,carolyn.rodriguez@outlook.com,,6901 Industrial Dr,Fort Wayne,Indiana,IN,48853,Seller,Judgment,Inherited Family Estate (Probate),787112,99387,95,A+,Nationwide Lead Gen,NEW
IN-B-0807,Carol,Kim,+12606579777,carol.kim@gmail.com,Carol Realty,,Fort Wayne,Indiana,IN,,Buyer,,Wholesaler,0,0,95,A+,Nationwide Lead Gen,NEW
LA-S-0972,Jennifer,Davis,+12256444592,jennifer.davis@hotmail.com,,2478 Ridge Rd,Baton Rouge,Louisiana,LA,21791,Seller,High Equity,Property Needs Major Repairs,680967,233763,95,A+,Nationwide Lead Gen,NEW
LA-S-0998,Elizabeth,Roberts,+15044022261,elizabeth.roberts@yahoo.com,,9274 Industrial Ct,New Orleans,Louisiana,LA,70127,Seller,Probate,Out-of-State Absentee Landlord,190283,142173,95,A+,Nationwide Lead Gen,NEW
LA-B-1034,Linda,Morgan,+15048587308,linda.morgan@gmail.com,Linda Properties,,New Orleans,Louisiana,LA,,Buyer,,Developer,0,0,95,A+,Nationwide Lead Gen,NEW
MA-S-1176,Adam,King,+16177257527,adam.king@outlook.com,,5320 Industrial Pkwy,Boston,Massachusetts,MA,2155,Seller,Pre-Foreclosure,Out-of-State Absentee Landlord,349855,222389,95,A+,Nationwide Lead Gen,NEW
MA-S-1183,Shirley,Cooper,+16172677044,shirley.cooper@hotmail.com,,8490 Chestnut Way,Cambridge,Massachusetts,MA,94489,Seller,Bankruptcy,Vacant Property - High Equity,756678,135494,95,A+,Nationwide Lead Gen,NEW
MA-B-1211,Sharon,Roberts,+16178432164,sharon.roberts@outlook.com,Sharon Investments,,Cambridge,Massachusetts,MA,,Buyer,,Property Manager,0,0,95,A+,Nationwide Lead Gen,NEW
MI-S-1252,Jacob,White,+16164608279,jacob.white@aol.com,,7382 Sunrise Ln,Grand Rapids,Michigan,MI,61918,Seller,Bankruptcy,Vacant Property - High Equity,172213,58508,95,A+,Nationwide Lead Gen,NEW
MI-S-1260,Jason,Cruz,+13133454105,jason.cruz@yahoo.com,,3506 Harrison Way,Detroit,Michigan,MI,48243,Seller,Lien,Behind on Mortgage Payments,703230,267103,95,A+,Nationwide Lead Gen,NEW
MI-S-1265,Sylvia,Lewis,+17349809163,sylvia.lewis@outlook.com,,8492 Highland Dr,Ann Arbor,Michigan,MI,87712,Seller,Judgment,Property Needs Major Repairs,562123,328272,95,A+,Nationwide Lead Gen,NEW
MI-B-1267,Richard,Ramirez,+16168964213,richard.ramirez@yahoo.com,,,Grand Rapids,Michigan,MI,,Buyer,,Cash Buyer,0,0,95,A+,Nationwide Lead Gen,NEW
MI-B-1274,Patrick,Wright,+17349997040,patrick.wright@gmail.com,Patrick Holdings,,Ann Arbor,Michigan,MI,,Buyer,,Fix & Flip,0,0,95,A+,Nationwide Lead Gen,NEW
MN-S-1311,Dorothy,Howard,+16515806987,dorothy.howard@hotmail.com,,9327 Canyon Blvd,Minneapolis,Minnesota,MN,55484,Seller,Tax Delinquent,Behind on Mortgage Payments,262801,117471,95,A+,Nationwide Lead Gen,NEW
MN-S-1333,Larry,Flores,+12186144042,larry.flores@aol.com,,4462 Commerce Way,Duluth,Minnesota,MN,22675,Seller,Condemned,Inherited Family Estate (Probate),308203,269592,95,A+,Nationwide Lead Gen,NEW
MO-B-1448,William,Ramos,+18163109763,william.ramos@yahoo.com,William Solutions,,Kansas City,Missouri,MO,,Buyer,,REIT,0,0,95,A+,Nationwide Lead Gen,NEW
NE-B-1526,Amy,Watson,+14023686185,amy.watson@gmail.com,,,Bellevue,Nebraska,NE,,Buyer,,Developer,0,0,95,A+,Nationwide Lead Gen,NEW
NH-B-1581,Gregory,Peterson,+16034601445,gregory.peterson@outlook.com,Gregory Realty,,Manchester,New Hampshire,NH,,Buyer,,Developer,0,0,95,A+,Nationwide Lead Gen,NEW
NH-B-1582,Karen,Jimenez,+16033982779,karen.jimenez@outlook.com,Karen Holdings,,Concord,New Hampshire,NH,,Buyer,,Investor,0,0,95,A+,Nationwide Lead Gen,NEW
NJ-S-1626,Debra,Peterson,+12012452957,debra.peterson@outlook.com,,8329 Industrial Way,Jersey City,New Jersey,NJ,27096,Seller,Bankruptcy,Divorce Settlement Required,939042,78880,95,A+,Nationwide Lead Gen,NEW
NM-S-1671,Jason,Lee,+15756415823,jason.lee@aol.com,,2839 Highland Blvd,Las Cruces,New Mexico,NM,37802,Seller,Code Violation,Out-of-State Absentee Landlord,863653,210552,95,A+,Nationwide Lead Gen,NEW
NM-B-1687,Harold,Gomez,+15755606135,harold.gomez@yahoo.com,Harold Investments,,Las Cruces,New Mexico,NM,,Buyer,,Buy and Hold,0,0,95,A+,Nationwide Lead Gen,NEW
NM-B-1693,Susan,Thompson,+15057666943,susan.thompson@gmail.com,,,Albuquerque,New Mexico,NM,,Buyer,,REIT,0,0,95,A+,Nationwide Lead Gen,NEW
NY-S-1709,Brandon,Patel,+13156977004,brandon.patel@aol.com,,4948 Meadow Ct,Syracuse,New York,NY,61047,Seller,Tax Delinquent,Out-of-State Absentee Landlord,453018,254681,95,A+,Nationwide Lead Gen,NEW
NC-B-1841,Paul,Stewart,+19195851481,paul.stewart@gmail.com,,,Durham,North Carolina,NC,,Buyer,,Cash Buyer,0,0,95,A+,Nationwide Lead Gen,NEW
ND-S-1854,Frank,Chavez,+17019265937,frank.chavez@outlook.com,,263 Madison Dr,Bismarck,North Dakota,ND,47676,Seller,Tax Delinquent,Inherited Family Estate (Probate),364001,88481,95,A+,Nationwide Lead Gen,NEW
OH-S-1908,Joseph,Nguyen,+15137192639,joseph.nguyen@outlook.com,,1259 Hill Ln,Cincinnati,Ohio,OH,32227,Seller,Probate,Property Needs Major Repairs,888942,215855,95,A+,Nationwide Lead Gen,NEW
OH-B-1927,Harold,Gutierrez,+12168252335,harold.gutierrez@gmail.com,Harold Holdings,,Cleveland,Ohio,OH,,Buyer,,Cash Buyer,0,0,95,A+,Nationwide Lead Gen,NEW
OH-B-1928,Donna,Thomas,+14193506581,donna.thomas@gmail.com,Donna Properties,,Toledo,Ohio,OH,,Buyer,,Fix & Flip,0,0,95,A+,Nationwide Lead Gen,NEW
OH-B-1939,Henry,Bennett,+14194709112,henry.bennett@yahoo.com,,,Toledo,Ohio,OH,,Buyer,,REIT,0,0,95,A+,Nationwide Lead Gen,NEW
PA-S-2105,Laura,Harris,+18785466609,laura.harris@gmail.com,,8750 Lincoln Way,Pittsburgh,Pennsylvania,PA,80323,Seller,High Equity,Vacant Property - High Equity,448856,258274,95,A+,Nationwide Lead Gen,NEW
PA-S-2137,Debra,Bailey,+16102844983,debra.bailey@outlook.com,,2757 Innovation Rd,Allentown,Pennsylvania,PA,12522,Seller,Tax Delinquent,Property Needs Major Repairs,311333,51695,95,A+,Nationwide Lead Gen,NEW
PA-B-2165,Anthony,Phillips,+16104462337,anthony.phillips@outlook.com,Anthony Acquisitions,,Allentown,Pennsylvania,PA,,Buyer,,Developer,0,0,95,A+,Nationwide Lead Gen,NEW
PA-B-2173,Jerry,Thomas,+18143021417,jerry.thomas@gmail.com,Jerry Solutions,,Erie,Pennsylvania,PA,,Buyer,,Investor,0,0,95,A+,Nationwide Lead Gen,NEW
RI-S-2183,Lisa,Martin,+14015954516,lisa.martin@hotmail.com,,7089 Creek Ct,Cranston,Rhode Island,RI,25039,Seller,Code Violation,Inherited Family Estate (Probate),434304,175427,95,A+,Nationwide Lead Gen,NEW
RI-S-2184,Tyler,Wilson,+14016998729,tyler.wilson@gmail.com,,2178 Garden Dr,Cranston,Rhode Island,RI,32002,Seller,Bankruptcy,Behind on Mortgage Payments,238958,272641,95,A+,Nationwide Lead Gen,NEW
RI-S-2186,Catherine,Watson,+14016243258,catherine.watson@hotmail.com,,8095 Jackson Pkwy,Cranston,Rhode Island,RI,34758,Seller,Bankruptcy,Out-of-State Absentee Landlord,730815,344685,95,A+,Nationwide Lead Gen,NEW
SD-S-2300,Nicholas,Martinez,+16055015262,nicholas.martinez@hotmail.com,,3399 Summit St,Aberdeen,South Dakota,SD,24645,Seller,Condemned,Tax Lien & Pre-Foreclosure Opportunity,661848,357594,95,A+,Nationwide Lead Gen,NEW
SD-B-2302,Nathan,Jackson,+16055096855,nathan.jackson@gmail.com,,,Rapid City,South Dakota,SD,,Buyer,,Property Manager,0,0,95,A+,Nationwide Lead Gen,NEW
TN-B-2383,Gloria,Young,+16157359749,gloria.young@outlook.com,,,Nashville,Tennessee,TN,,Buyer,,Property Manager,0,0,95,A+,Nationwide Lead Gen,NEW
UT-S-2486,Douglas,Lopez,+18012198834,douglas.lopez@gmail.com,,5759 Monroe Way,West Valley City,Utah,UT,69489,Seller,Lien,Property Needs Major Repairs,600141,77126,95,A+,Nationwide Lead Gen,NEW
UT-S-2505,Gloria,Peterson,+18017338289,gloria.peterson@gmail.com,,4649 Summit Ave,Provo,Utah,UT,31457,Seller,Vacant Property,Inherited Family Estate (Probate),673085,230093,95,A+,Nationwide Lead Gen,NEW
VT-S-2545,Nathan,Thomas,+18022689744,nathan.thomas@outlook.com,,5644 Vista Blvd,Rutland,Vermont,VT,57760,Seller,Condemned,Tired Landlord - Ready to Exit,155087,303329,95,A+,Nationwide Lead Gen,NEW
VT-B-2559,Michael,Ortiz,+18025861941,michael.ortiz@yahoo.com,,,Montpelier,Vermont,VT,,Buyer,,Fix & Flip,0,0,95,A+,Nationwide Lead Gen,NEW
VA-S-2591,Jennifer,Roberts,+18045903468,jennifer.roberts@aol.com,,3343 River Ave,Richmond,Virginia,VA,40433,Seller,Fire Damage,Job Relocation - Must Sell Fast,502586,264801,95,A+,Nationwide Lead Gen,NEW
WA-S-2648,Elizabeth,Alvarez,+14257205104,elizabeth.alvarez@gmail.com,,4678 Hickory Blvd,Bellevue,Washington,WA,65877,Seller,Code Violation,Out-of-State Absentee Landlord,845646,121236,95,A+,Nationwide Lead Gen,NEW
WA-S-2666,Gloria,Richardson,+12534665096,gloria.richardson@gmail.com,,256 Lincoln Rd,Tacoma,Washington,WA,35706,Seller,Code Violation,Behind on Mortgage Payments,634326,372529,95,A+,Nationwide Lead Gen,NEW
WV-S-2726,Matthew,Peterson,+13046309461,matthew.peterson@outlook.com,,1585 River Pl,Parkersburg,West Virginia,WV,95491,Seller,Absentee Owner,Behind on Mortgage Payments,401603,184948,95,A+,Nationwide Lead Gen,NEW
WV-S-2729,Kimberly,Turner,+13044737411,kimberly.turner@aol.com,,7364 Business Pkwy,Parkersburg,West Virginia,WV,42520,Seller,Fire Damage,Absentee Owner - Lives Out of State,429132,263776,95,A+,Nationwide Lead Gen,NEW
WI-B-2799,Carmen,Taylor,+19204462665,carmen.taylor@gmail.com,Carmen Investments,,Green Bay,Wisconsin,WI,,Buyer,,Fix & Flip,0,0,95,A+,Nationwide Lead Gen,NEW
AL-S-0020,Samuel,Thompson,+16598006328,samuel.thompson@yahoo.com,,4631 Peak St,Birmingham,Alabama,AL,35269,Seller,High Equity,Vacant Property - High Equity,177250,219537,94,A+,Nationwide Lead Gen,NEW
AL-S-0033,Nathan,Ramirez,+12565134637,nathan.ramirez@yahoo.com,,7981 Summit Ln,Huntsville,Alabama,AL,84361,Seller,High Equity,Avoiding Foreclosure Auction,706650,308412,94,A+,Nationwide Lead Gen,NEW
AL-S-0050,Peter,Mitchell,+12569806039,peter.mitchell@aol.com,,9496 River Pkwy,Huntsville,Alabama,AL,50214,Seller,Absentee Owner,Divorce Settlement Required,518873,348632,94,A+,Nationwide Lead Gen,NEW
AK-S-0076,Nicole,Reyes,+19074417641,nicole.reyes@yahoo.com,,2733 Oak Rd,Fairbanks,Alaska,AK,17256,Seller,Fire Damage,Property in Probate - Estate Settlement,360968,216536,94,A+,Nationwide Lead Gen,NEW
AK-S-0088,Melissa,Robinson,+19076352347,melissa.robinson@outlook.com,,5159 Sunrise St,Juneau,Alaska,AK,94070,Seller,Judgment,Avoiding Foreclosure Auction,319637,190175,94,A+,Nationwide Lead Gen,NEW
AZ-B-0165,Brenda,Rodriguez,+14803789518,brenda.rodriguez@yahoo.com,Brenda Solutions,,Chandler,Arizona,AZ,,Buyer,,Investor,0,0,94,A+,Nationwide Lead Gen,NEW
CA-B-0265,Henry,Davis,+15107833523,henry.davis@yahoo.com,Henry Realty,,Oakland,California,CA,,Buyer,,Fix & Flip,0,0,94,A+,Nationwide Lead Gen,NEW
CT-B-0432,Justin,Diaz,+14752486041,justin.diaz@yahoo.com,Justin Realty,,New Haven,Connecticut,CT,,Buyer,,Fix & Flip,0,0,94,A+,Nationwide Lead Gen,NEW
FL-S-0481,Angela,Rodriguez,+17864676901,angela.rodriguez@outlook.com,,170 Hickory Ln,Miami,Florida,FL,33104,Seller,Absentee Owner,Inherited Property - Not Interested,649482,41972,94,A+,Nationwide Lead Gen,NEW
FL-B-0530,Robert,Reed,+19047506199,robert.reed@gmail.com,,,Jacksonville,Florida,FL,,Buyer,,Investor,0,0,94,A+,Nationwide Lead Gen,NEW
GA-B-0595,Brenda,Wright,+17703154469,brenda.wright@yahoo.com,,,Atlanta,Georgia,GA,,Buyer,,Investor,0,0,94,A+,Nationwide Lead Gen,NEW
GA-B-0605,Carmen,Reyes,+19123825255,carmen.reyes@gmail.com,Carmen Properties,,Savannah,Georgia,GA,,Buyer,,Developer,0,0,94,A+,Nationwide Lead Gen,NEW
HI-B-0638,Alexander,Kim,+18089441519,alexander.kim@gmail.com,Alexander Capital,,Honolulu,Hawaii,HI,,Buyer,,Fix & Flip,0,0,94,A+,Nationwide Lead Gen,NEW
HI-B-0639,Shirley,Hughes,+18088548900,shirley.hughes@yahoo.com,,,Kailua,Hawaii,HI,,Buyer,,Developer,0,0,94,A+,Nationwide Lead Gen,NEW
IL-S-0698,Brandon,Sanders,+13318538975,brandon.sanders@outlook.com,,5532 Meadow Way,Naperville,Illinois,IL,35603,Seller,Bankruptcy,Divorce Settlement Required,379448,329197,94,A+,Nationwide Lead Gen,NEW
IL-S-0705,Maria,Phillips,+18724272635,maria.phillips@aol.com,,4476 Valley Blvd,Chicago,Illinois,IL,60612,Seller,Pre-Foreclosure,Avoiding Foreclosure Auction,291452,360583,94,A+,Nationwide Lead Gen,NEW
IN-B-0805,Joshua,Nelson,+12609135009,joshua.nelson@gmail.com,Joshua Acquisitions,,Fort Wayne,Indiana,IN,,Buyer,,Fix & Flip,0,0,94,A+,Nationwide Lead Gen,NEW
IA-B-0847,Katherine,Brown,+13193268278,katherine.brown@outlook.com,Katherine Acquisitions,,Cedar Rapids,Iowa,IA,,Buyer,,Fix & Flip,0,0,94,A+,Nationwide Lead Gen,NEW
KS-S-0861,Emily,Scott,+19132737955,emily.scott@gmail.com,,8771 Canyon Dr,Overland Park,Kansas,KS,61759,Seller,Eviction,Distressed Property - Code Violations,401205,324000,94,A+,Nationwide Lead Gen,NEW
KS-S-0871,William,Ortiz,+17858931971,william.ortiz@yahoo.com,,418 Valley Ave,Topeka,Kansas,KS,16102,Seller,Fire Damage,Behind on Mortgage Payments,557179,44481,94,A+,Nationwide Lead Gen,NEW
KS-S-0874,Michelle,Wood,+19132978828,michelle.wood@aol.com,,6056 Monroe Way,Overland Park,Kansas,KS,15633,Seller,Utility Shutoff,Tired Landlord - Ready to Exit,678607,386963,94,A+,Nationwide Lead Gen,NEW
KS-B-0884,Katherine,Ross,+19137594588,katherine.ross@outlook.com,Katherine Holdings,,Kansas City,Kansas,KS,,Buyer,,Cash Buyer,0,0,94,A+,Nationwide Lead Gen,NEW
KY-S-0904,Nicole,Martinez,+18597074478,nicole.martinez@gmail.com,,1248 Monroe Ct,Lexington,Kentucky,KY,82492,Seller,Judgment,Financial Hardship - Needs Cash,444159,304683,94,A+,Nationwide Lead Gen,NEW
KY-S-0908,Ashley,Ramos,+15027316824,ashley.ramos@yahoo.com,,5747 Valley Ct,Louisville,Kentucky,KY,40245,Seller,Code Violation,Distressed Property - Code Violations,488569,397368,94,A+,Nationwide Lead Gen,NEW
KY-B-0944,Kevin,Turner,+18592853640,kevin.turner@outlook.com,Kevin Holdings,,Covington,Kentucky,KY,,Buyer,,Buy and Hold,0,0,94,A+,Nationwide Lead Gen,NEW
LA-B-1027,Melissa,Collins,+15049067574,melissa.collins@outlook.com,Melissa Solutions,,New Orleans,Louisiana,LA,,Buyer,,Investor,0,0,94,A+,Nationwide Lead Gen,NEW
MD-S-1108,Linda,Wilson,+13014446715,linda.wilson@outlook.com,,9940 Jackson Ave,Gaithersburg,Maryland,MD,44392,Seller,Code Violation,Financial Hardship - Needs Cash,796313,366110,94,A+,Nationwide Lead Gen,NEW
MD-B-1131,Peter,Gomez,+13017516441,peter.gomez@outlook.com,Peter Acquisitions,,Frederick,Maryland,MD,,Buyer,,Wholesaler,0,0,94,A+,Nationwide Lead Gen,NEW
MA-S-1189,Amy,Lee,+14138317646,amy.lee@hotmail.com,,3640 Commerce St,Springfield,Massachusetts,MA,73962,Seller,Absentee Owner,Avoiding Foreclosure Auction,303411,47430,94,A+,Nationwide Lead Gen,NEW
MI-S-1247,Deborah,Mitchell,+13139825883,deborah.mitchell@gmail.com,,6700 Spring Rd,Detroit,Michigan,MI,48280,Seller,High Equity,Divorce Settlement Required,479104,242636,94,A+,Nationwide Lead Gen,NEW
MN-S-1336,Mark,Lewis,+16518495190,mark.lewis@aol.com,,7407 Peak St,Minneapolis,Minnesota,MN,55452,Seller,Lien,Inherited Property - Not Interested,737549,54780,94,A+,Nationwide Lead Gen,NEW
MN-B-1348,Debra,Ramos,+16519312916,debra.ramos@outlook.com,Debra Investments,,Minneapolis,Minnesota,MN,,Buyer,,Developer,0,0,94,A+,Nationwide Lead Gen,NEW
MS-S-1381,Raymond,Miller,+12286286476,raymond.miller@outlook.com,,3806 Peak Pkwy,Gulfport,Mississippi,MS,82861,Seller,Judgment,Tax Lien & Pre-Foreclosure Opportunity,492006,350511,94,A+,Nationwide Lead Gen,NEW
MS-B-1394,Ashley,Watson,+16018197348,ashley.watson@yahoo.com,,,Hattiesburg,Mississippi,MS,,Buyer,,Property Manager,0,0,94,A+,Nationwide Lead Gen,NEW
MO-S-1399,Emily,Phillips,+16366194157,emily.phillips@outlook.com,,1515 Hill Pkwy,St. Louis,Missouri,MO,19571,Seller,Fire Damage,Absentee Owner - Lives Out of State,543213,303538,94,A+,Nationwide Lead Gen,NEW
MO-S-1436,Dorothy,Kim,+14173815720,dorothy.kim@outlook.com,,2584 Garden Pkwy,Springfield,Missouri,MO,10308,Seller,Judgment,Inherited Property - Not Interested,440281,353173,94,A+,Nationwide Lead Gen,NEW
MO-S-1439,Frank,Morales,+18168789511,frank.morales@hotmail.com,,4854 Canyon Rd,Kansas City,Missouri,MO,64128,Seller,Vacant Property,Divorce Settlement Required,617735,304271,94,A+,Nationwide Lead Gen,NEW
NV-S-1550,Dorothy,Myers,+17754242889,dorothy.myers@aol.com,,6231 Hill Way,Sparks,Nevada,NV,32939,Seller,Lien,Divorce Settlement Required,813576,158797,94,A+,Nationwide Lead Gen,NEW
NJ-S-1603,Frank,Ross,+19089828011,frank.ross@yahoo.com,,7009 Birch Dr,Elizabeth,New Jersey,NJ,21542,Seller,Judgment,Distressed Property - Code Violations,300525,275039,94,A+,Nationwide Lead Gen,NEW
NJ-S-1635,Patrick,Ward,+19735704924,patrick.ward@outlook.com,,6228 Lake Ln,Newark,New Jersey,NJ,7105,Seller,Vacant Property,Out-of-State Absentee Landlord,450185,129714,94,A+,Nationwide Lead Gen,NEW
NY-S-1698,Linda,Howard,+13157906261,linda.howard@aol.com,,9826 Birch Way,Syracuse,New York,NY,13416,Seller,Probate,Avoiding Foreclosure Auction,740451,110197,94,A+,Nationwide Lead Gen,NEW
NY-S-1741,Sandra,Wright,+15855472066,sandra.wright@aol.com,,8669 Monroe Ave,Rochester,New York,NY,31820,Seller,Probate,Property Needs Major Repairs,360454,143748,94,A+,Nationwide Lead Gen,NEW
NC-S-1796,Benjamin,Harris,+13363772625,benjamin.harris@yahoo.com,,2095 Business Pkwy,Greensboro,North Carolina,NC,92779,Seller,Vacant Property,Inherited Property - Not Interested,593014,69836,94,A+,Nationwide Lead Gen,NEW
NC-B-1832,Ashley,Rivera,+19199537636,ashley.rivera@yahoo.com,Ashley Holdings,,Durham,North Carolina,NC,,Buyer,,Fix & Flip,0,0,94,A+,Nationwide Lead Gen,NEW
ND-S-1861,Ashley,Collins,+17019909745,ashley.collins@aol.com,,2006 Lincoln St,Bismarck,North Dakota,ND,56121,Seller,Tax Delinquent,Absentee Owner - Lives Out of State,462736,205386,94,A+,Nationwide Lead Gen,NEW
ND-S-1863,Joshua,Ruiz,+17018561085,joshua.ruiz@outlook.com,,6878 Walnut Pkwy,Grand Forks,North Dakota,ND,92159,Seller,Condemned,Vacant Property - High Equity,664687,149235,94,A+,Nationwide Lead Gen,NEW
OH-S-1911,Henry,Clark,+12164183220,henry.clark@aol.com,,4388 Summit Pl,Cleveland,Ohio,OH,60652,Seller,Lien,Divorce Settlement Required,898781,88719,94,A+,Nationwide Lead Gen,NEW
OK-S-1964,Adam,Kim,+19187774866,adam.kim@aol.com,,7670 Business Way,Broken Arrow,Oklahoma,OK,46336,Seller,High Equity,Vacant Property - High Equity,239275,227218,94,A+,Nationwide Lead Gen,NEW
OK-S-1989,Debra,Rogers,+14059176741,debra.rogers@aol.com,,7963 Oak Rd,Norman,Oklahoma,OK,21789,Seller,Eviction,Financial Hardship - Needs Cash,412439,371783,94,A+,Nationwide Lead Gen,NEW
OK-B-2024,Charles,King,+19183936746,charles.king@outlook.com,Charles Home Buyers,,Tulsa,Oklahoma,OK,,Buyer,,Fix & Flip,0,0,94,A+,Nationwide Lead Gen,NEW
OR-S-2026,Melissa,Morris,+15418222333,melissa.morris@yahoo.com,,543 Madison Dr,Eugene,Oregon,OR,58641,Seller,Bankruptcy,Absentee Owner - Lives Out of State,124981,94719,94,A+,Nationwide Lead Gen,NEW
OR-S-2053,Matthew,Howard,+15412262742,matthew.howard@gmail.com,,6316 Jefferson Way,Eugene,Oregon,OR,12062,Seller,Condemned,Behind on Mortgage Payments,624265,263339,94,A+,Nationwide Lead Gen,NEW
OR-B-2085,Janet,Lee,+15412762300,janet.lee@gmail.com,,,Bend,Oregon,OR,,Buyer,,Property Manager,0,0,94,A+,Nationwide Lead Gen,NEW
OR-B-2094,Paul,Campbell,+15033472062,paul.campbell@gmail.com,Paul Properties,,Salem,Oregon,OR,,Buyer,,Wholesaler,0,0,94,A+,Nationwide Lead Gen,NEW
OR-B-2096,Rachel,Taylor,+15035548269,rachel.taylor@yahoo.com,,,Salem,Oregon,OR,,Buyer,,Developer,0,0,94,A+,Nationwide Lead Gen,NEW
PA-S-2103,Linda,White,+16109967365,linda.white@hotmail.com,,1610 Chestnut Ct,Allentown,Pennsylvania,PA,72272,Seller,Condemned,Tired Landlord - Ready to Exit,572540,126346,94,A+,Nationwide Lead Gen,NEW
PA-S-2113,Kathleen,Nguyen,+18782286467,kathleen.nguyen@aol.com,,7462 Sunrise Pl,Pittsburgh,Pennsylvania,PA,94053,Seller,Judgment,Absentee Owner - Lives Out of State,720241,167775,94,A+,Nationwide Lead Gen,NEW
PA-S-2117,Rachel,Cooper,+12673453152,rachel.cooper@outlook.com,,5089 Forest Ave,Philadelphia,Pennsylvania,PA,19179,Seller,Bankruptcy,Tax Lien & Pre-Foreclosure Opportunity,341525,177685,94,A+,Nationwide Lead Gen,NEW
PA-S-2127,Amanda,Scott,+16108817748,amanda.scott@yahoo.com,,4496 Canyon Ave,Allentown,Pennsylvania,PA,18925,Seller,Absentee Owner,Inherited Property - Not Interested,764620,192567,94,A+,Nationwide Lead Gen,NEW
PA-S-2130,Rachel,Ruiz,+18144352595,rachel.ruiz@yahoo.com,,5546 Main Rd,Erie,Pennsylvania,PA,90978,Seller,Lien,Absentee Owner - Lives Out of State,697257,95792,94,A+,Nationwide Lead Gen,NEW
PA-B-2169,Nancy,Hill,+12154463162,nancy.hill@yahoo.com,,,Philadelphia,Pennsylvania,PA,,Buyer,,REIT,0,0,94,A+,Nationwide Lead Gen,NEW
RI-S-2185,Christopher,Edwards,+14012985332,christopher.edwards@aol.com,,4900 Summit Pkwy,Cranston,Rhode Island,RI,20991,Seller,High Equity,Distressed Property - Code Violations,314778,51540,94,A+,Nationwide Lead Gen,NEW
SC-S-2237,Barbara,Mendoza,+18033863782,barbara.mendoza@gmail.com,,8710 Enterprise Pkwy,Columbia,South Carolina,SC,61222,Seller,Bankruptcy,Divorce Settlement Required,781464,103621,94,A+,Nationwide Lead Gen,NEW
SC-B-2266,Barbara,Wood,+18039091023,barbara.wood@outlook.com,Barbara Realty,,Columbia,South Carolina,SC,,Buyer,,Fix & Flip,0,0,94,A+,Nationwide Lead Gen,NEW
SC-B-2272,Harold,Wilson,+18643687233,harold.wilson@gmail.com,Harold Capital,,Greenville,South Carolina,SC,,Buyer,,Fix & Flip,0,0,94,A+,Nationwide Lead Gen,NEW
SC-B-2278,Sylvia,Roberts,+18038243796,sylvia.roberts@yahoo.com,Sylvia Home Buyers,,Columbia,South Carolina,SC,,Buyer,,Cash Buyer,0,0,94,A+,Nationwide Lead Gen,NEW
TN-S-2323,Stephanie,Cox,+18656847554,stephanie.cox@gmail.com,,2337 Lake Pl,Knoxville,Tennessee,TN,21733,Seller,Judgment,Tax Lien & Pre-Foreclosure Opportunity,427691,128324,94,A+,Nationwide Lead Gen,NEW
TN-S-2329,Eric,Richardson,+16152749561,eric.richardson@aol.com,,1875 Main Blvd,Nashville,Tennessee,TN,37224,Seller,Eviction,Absentee Owner - Lives Out of State,257657,330998,94,A+,Nationwide Lead Gen,NEW
TN-B-2369,George,Cruz,+19015291712,george.cruz@outlook.com,George Properties,,Memphis,Tennessee,TN,,Buyer,,Property Manager,0,0,94,A+,Nationwide Lead Gen,NEW
UT-B-2528,Pamela,Smith,+18015104355,pamela.smith@yahoo.com,Pamela Acquisitions,,Ogden,Utah,UT,,Buyer,,Buy and Hold,0,0,94,A+,Nationwide Lead Gen,NEW
UT-B-2529,Brandon,Martin,+18016475281,brandon.martin@yahoo.com,Brandon Properties,,Ogden,Utah,UT,,Buyer,,Investor,0,0,94,A+,Nationwide Lead Gen,NEW
VT-B-2556,Margaret,Chavez,+18026756429,margaret.chavez@yahoo.com,Margaret Realty,,Montpelier,Vermont,VT,,Buyer,,Investor,0,0,94,A+,Nationwide Lead Gen,NEW
VA-S-2598,Emma,Reed,+17578114474,emma.reed@gmail.com,,4271 Vista Pkwy,Virginia Beach,Virginia,VA,23499,Seller,Condemned,Tired Landlord - Ready to Exit,735132,222372,94,A+,Nationwide Lead Gen,NEW
VA-S-2603,Harold,Gomez,+18049425320,harold.gomez@aol.com,,3198 Spring Ave,Richmond,Virginia,VA,80836,Seller,Fire Damage,Vacant Property - High Equity,465272,205469,94,A+,Nationwide Lead Gen,NEW
VA-B-2630,Mark,Reed,+17573637602,mark.reed@yahoo.com,Mark Properties,,Norfolk,Virginia,VA,,Buyer,,Buy and Hold,0,0,94,A+,Nationwide Lead Gen,NEW
VA-B-2640,Dennis,Gutierrez,+17036991680,dennis.gutierrez@gmail.com,,,Arlington,Virginia,VA,,Buyer,,Developer,0,0,94,A+,Nationwide Lead Gen,NEW
WA-B-2702,Melissa,Ortiz,+12065457892,melissa.ortiz@outlook.com,,,Seattle,Washington,WA,,Buyer,,Cash Buyer,0,0,94,A+,Nationwide Lead Gen,NEW
WY-S-2837,Nicholas,Jimenez,+13075958330,nicholas.jimenez@gmail.com,,9735 Garden Rd,Cheyenne,Wyoming,WY,82079,Seller,Lien,Behind on Mortgage Payments,230523,82610,94,A+,Nationwide Lead Gen,NEW
WY-B-2848,Anna,Walker,+13076897073,anna.walker@yahoo.com,Anna Home Buyers,,Cheyenne,Wyoming,WY,,Buyer,,Wholesaler,0,0,94,A+,Nationwide Lead Gen,NEW
AZ-B-0167,Ronald,Edwards,+16026302282,ronald.edwards@gmail.com,Ronald Realty,,Phoenix,Arizona,AZ,,Buyer,,Property Manager,0,0,93,A+,Nationwide Lead Gen,NEW
AR-S-0200,Zachary,Anderson,+14797924992,zachary.anderson@outlook.com,,2484 Garden Pl,Fort Smith,Arkansas,AR,24246,Seller,High Equity,Inherited Property - Not Interested,365945,317667,93,A+,Nationwide Lead Gen,NEW
CA-S-0236,Ashley,Price,+16283729254,ashley.price@yahoo.com,,9462 Vista Rd,San Francisco,California,CA,74697,Seller,Tax Delinquent,Financial Hardship - Needs Cash,524179,332912,93,A+,Nationwide Lead Gen,NEW
CA-S-0260,Jason,Thompson,+14083456194,jason.thompson@aol.com,,2513 Garden Dr,San Jose,California,CA,39185,Seller,Judgment,Inherited Property - Not Interested,590611,270903,93,A+,Nationwide Lead Gen,NEW
CO-B-0346,Nathan,Reed,+17199881963,nathan.reed@outlook.com,Nathan Home Buyers,,Colorado Springs,Colorado,CO,,Buyer,,Cash Buyer,0,0,93,A+,Nationwide Lead Gen,NEW
CO-B-0348,Sarah,Young,+19708821457,sarah.young@yahoo.com,,,Fort Collins,Colorado,CO,,Buyer,,Wholesaler,0,0,93,A+,Nationwide Lead Gen,NEW
CT-S-0374,Brian,Thomas,+19598283884,brian.thomas@aol.com,,9691 Hickory Pkwy,Hartford,Connecticut,CT,6183,Seller,Bankruptcy,Property in Probate - Estate Settlement,315346,63476,93,A+,Nationwide Lead Gen,NEW
CT-S-0389,Adam,Brooks,+12032134348,adam.brooks@aol.com,,6871 Valley St,Stamford,Connecticut,CT,89078,Seller,Utility Shutoff,Inherited Family Estate (Probate),157242,393300,93,A+,Nationwide Lead Gen,NEW
CT-S-0396,Jennifer,Clark,+12038428166,jennifer.clark@aol.com,,7523 Sunrise Ave,Stamford,Connecticut,CT,17671,Seller,Tax Delinquent,Tax Lien & Pre-Foreclosure Opportunity,463869,332659,93,A+,Nationwide Lead Gen,NEW
DE-S-0445,Andrew,Rivera,+13022221673,andrew.rivera@gmail.com,,9313 Creek Ct,Dover,Delaware,DE,32517,Seller,Absentee Owner,Divorce Settlement Required,249143,43630,93,A+,Nationwide Lead Gen,NEW
FL-S-0478,Jonathan,Smith,+13056078941,jonathan.smith@aol.com,,9903 Pine St,Miami,Florida,FL,33157,Seller,Fire Damage,Property Needs Major Repairs,323492,149091,93,A+,Nationwide Lead Gen,NEW
FL-B-0518,Rebecca,Collins,+18504584092,rebecca.collins@gmail.com,,,Tallahassee,Florida,FL,,Buyer,,Investor,0,0,93,A+,Nationwide Lead Gen,NEW
GA-S-0569,Rebecca,Young,+17068704972,rebecca.young@hotmail.com,,9681 Birch Blvd,Columbus,Georgia,GA,53234,Seller,Probate,Property Needs Major Repairs,881348,347862,93,A+,Nationwide Lead Gen,NEW
IL-S-0701,Elena,Hill,+18723773247,elena.hill@aol.com,,1568 Canyon Pl,Chicago,Illinois,IL,60675,Seller,Bankruptcy,Tax Lien & Pre-Foreclosure Opportunity,288925,230728,93,A+,Nationwide Lead Gen,NEW
IL-B-0739,Ashley,Ortiz,+17739182924,ashley.ortiz@outlook.com,,,Chicago,Illinois,IL,,Buyer,,Property Manager,0,0,93,A+,Nationwide Lead Gen,NEW
IN-S-0794,Donald,Morales,+15747634952,donald.morales@yahoo.com,,9153 Adams Ave,South Bend,Indiana,IN,77701,Seller,Pre-Foreclosure,Out-of-State Absentee Landlord,312941,232265,93,A+,Nationwide Lead Gen,NEW
KY-S-0911,Patrick,Carter,+12707201417,patrick.carter@gmail.com,,4670 Valley Blvd,Bowling Green,Kentucky,KY,14797,Seller,Probate,Inherited Family Estate (Probate),683182,277286,93,A+,Nationwide Lead Gen,NEW
KY-S-0928,Karen,Chavez,+15026517046,karen.chavez@gmail.com,,5334 Highland St,Louisville,Kentucky,KY,40279,Seller,Tax Delinquent,Inherited Family Estate (Probate),564837,199542,93,A+,Nationwide Lead Gen,NEW
KY-B-0946,Benjamin,Davis,+18593595575,benjamin.davis@yahoo.com,,,Covington,Kentucky,KY,,Buyer,,Investor,0,0,93,A+,Nationwide Lead Gen,NEW
LA-S-0977,Margaret,Martin,+15044459229,margaret.martin@aol.com,,9722 Madison Rd,New Orleans,Louisiana,LA,70191,Seller,Condemned,Vacant Property - High Equity,307056,308715,93,A+,Nationwide Lead Gen,NEW
LA-S-0992,Henry,Green,+13377942983,henry.green@yahoo.com,,6452 Enterprise Way,Lafayette,Louisiana,LA,90625,Seller,Absentee Owner,Behind on Mortgage Payments,173260,178451,93,A+,Nationwide Lead Gen,NEW
LA-B-1015,Anthony,Watson,+12257282386,anthony.watson@yahoo.com,,,Baton Rouge,Louisiana,LA,,Buyer,,Developer,0,0,93,A+,Nationwide Lead Gen,NEW
ME-B-1063,Cynthia,Ruiz,+12076912241,cynthia.ruiz@gmail.com,Cynthia Realty,,Portland,Maine,ME,,Buyer,,Wholesaler,0,0,93,A+,Nationwide Lead Gen,NEW
MA-S-1142,Nicole,Peterson,+17745078158,nicole.peterson@aol.com,,5132 Technology Rd,Worcester,Massachusetts,MA,14480,Seller,High Equity,Out-of-State Absentee Landlord,480991,174623,93,A+,Nationwide Lead Gen,NEW
MA-S-1145,Timothy,Reyes,+16178883380,timothy.reyes@gmail.com,,3395 Highland Ln,Cambridge,Massachusetts,MA,93832,Seller,High Equity,Absentee Owner - Lives Out of State,464140,82588,93,A+,Nationwide Lead Gen,NEW
MA-S-1177,Harold,Baker,+14135363578,harold.baker@outlook.com,,2327 Innovation Ct,Springfield,Massachusetts,MA,14167,Seller,Absentee Owner,Vacant Property - High Equity,467796,168518,93,A+,Nationwide Lead Gen,NEW
MA-S-1178,Emily,Kelly,+18579091949,emily.kelly@hotmail.com,,6659 Chestnut Rd,Boston,Massachusetts,MA,2134,Seller,Vacant Property,Distressed Property - Code Violations,182274,80698,93,A+,Nationwide Lead Gen,NEW
MI-S-1261,Michelle,Anderson,+16169161852,michelle.anderson@hotmail.com,,9853 Spring Dr,Grand Rapids,Michigan,MI,24104,Seller,Vacant Property,Property Needs Major Repairs,456385,266011,93,A+,Nationwide Lead Gen,NEW
MI-B-1273,Shirley,Kim,+13135852502,shirley.kim@gmail.com,Shirley Solutions,,Detroit,Michigan,MI,,Buyer,,Investor,0,0,93,A+,Nationwide Lead Gen,NEW
MN-S-1326,Steven,Ramos,+12185754797,steven.ramos@outlook.com,,4462 Valley Ave,Duluth,Minnesota,MN,34596,Seller,Absentee Owner,Tax Lien & Pre-Foreclosure Opportunity,910539,367400,93,A+,Nationwide Lead Gen,NEW
MS-S-1373,Jeffrey,King,+12289275958,jeffrey.king@hotmail.com,,8046 Summit Pkwy,Biloxi,Mississippi,MS,35954,Seller,High Equity,Distressed Property - Code Violations,723239,58207,93,A+,Nationwide Lead Gen,NEW
MS-S-1383,Nicholas,Moore,+12287131958,nicholas.moore@yahoo.com,,1001 Elm Pkwy,Biloxi,Mississippi,MS,53096,Seller,Probate,Divorce Settlement Required,146933,296396,93,A+,Nationwide Lead Gen,NEW
MS-B-1388,Benjamin,Rodriguez,+12282221904,benjamin.rodriguez@gmail.com,Benjamin Capital,,Gulfport,Mississippi,MS,,Buyer,,Property Manager,0,0,93,A+,Nationwide Lead Gen,NEW
MO-S-1414,Karen,Campbell,+14176651572,karen.campbell@aol.com,,9123 Lincoln Ct,Springfield,Missouri,MO,23948,Seller,Tax Delinquent,Behind on Mortgage Payments,743082,302380,93,A+,Nationwide Lead Gen,NEW
MO-B-1453,Irene,Hill,+18166568085,irene.hill@outlook.com,Irene Holdings,,Independence,Missouri,MO,,Buyer,,Cash Buyer,0,0,93,A+,Nationwide Lead Gen,NEW
MT-S-1479,Raymond,Hall,+14064556746,raymond.hall@hotmail.com,,3879 Adams Rd,Missoula,Montana,MT,96611,Seller,Probate,Financial Hardship - Needs Cash,308039,325608,93,A+,Nationwide Lead Gen,NEW
NH-S-1576,Samuel,Wright,+16034771861,samuel.wright@yahoo.com,,3022 Maple Blvd,Nashua,New Hampshire,NH,87741,Seller,Fire Damage,Vacant Property - High Equity,798553,307751,93,A+,Nationwide Lead Gen,NEW
NJ-B-1650,Anthony,Diaz,+19736181662,anthony.diaz@gmail.com,,,Paterson,New Jersey,NJ,,Buyer,,Buy and Hold,0,0,93,A+,Nationwide Lead Gen,NEW
NY-S-1703,Samuel,Young,+15185343624,samuel.young@outlook.com,,2432 Ridge Ct,Albany,New York,NY,77003,Seller,High Equity,Property Needs Major Repairs,948283,58149,93,A+,Nationwide Lead Gen,NEW
NY-S-1727,Andrew,Peterson,+17165616828,andrew.peterson@gmail.com,,673 Garden St,Buffalo,New York,NY,14254,Seller,Tax Delinquent,Behind on Mortgage Payments,339506,101131,93,A+,Nationwide Lead Gen,NEW
NY-S-1738,Harold,Castillo,+17184589850,harold.castillo@gmail.com,,1093 Ridge Rd,New York City,New York,NY,10013,Seller,High Equity,Divorce Settlement Required,771285,47280,93,A+,Nationwide Lead Gen,NEW
NY-B-1746,Patricia,Sanders,+15183559107,patricia.sanders@outlook.com,Patricia Investments,,Albany,New York,NY,,Buyer,,Fix & Flip,0,0,93,A+,Nationwide Lead Gen,NEW
NY-B-1756,George,Wilson,+15185472063,george.wilson@yahoo.com,,,Albany,New York,NY,,Buyer,,Developer,0,0,93,A+,Nationwide Lead Gen,NEW
NY-B-1764,Donna,Cook,+15855198826,donna.cook@outlook.com,Donna Holdings,,Rochester,New York,NY,,Buyer,,Cash Buyer,0,0,93,A+,Nationwide Lead Gen,NEW
OH-B-1943,Thomas,Reed,+14194787295,thomas.reed@outlook.com,Thomas Solutions,,Toledo,Ohio,OH,,Buyer,,Fix & Flip,0,0,93,A+,Nationwide Lead Gen,NEW
OK-B-2021,Sylvia,Gray,+19183801127,sylvia.gray@gmail.com,Sylvia Acquisitions,,Broken Arrow,Oklahoma,OK,,Buyer,,Cash Buyer,0,0,93,A+,Nationwide Lead Gen,NEW
OR-S-2045,Kevin,Walker,+15035998373,kevin.walker@hotmail.com,,3667 Summit Blvd,Salem,Oregon,OR,18356,Seller,Utility Shutoff,Out-of-State Absentee Landlord,245123,246965,93,A+,Nationwide Lead Gen,NEW
PA-S-2149,Larry,Walker,+18786118919,larry.walker@yahoo.com,,6374 Garden Rd,Pittsburgh,Pennsylvania,PA,10969,Seller,Vacant Property,Out-of-State Absentee Landlord,362296,296527,93,A+,Nationwide Lead Gen,NEW
PA-B-2153,Adam,Ramos,+18149043824,adam.ramos@yahoo.com,Adam Solutions,,Erie,Pennsylvania,PA,,Buyer,,Cash Buyer,0,0,93,A+,Nationwide Lead Gen,NEW
RI-B-2202,George,Gutierrez,+14017025447,george.gutierrez@outlook.com,George Holdings,,Warwick,Rhode Island,RI,,Buyer,,Fix & Flip,0,0,93,A+,Nationwide Lead Gen,NEW
SC-S-2224,Patricia,Garcia,+18435244979,patricia.garcia@yahoo.com,,6552 Madison Dr,Charleston,South Carolina,SC,29413,Seller,Judgment,Job Relocation - Must Sell Fast,712783,345669,93,A+,Nationwide Lead Gen,NEW
SC-S-2238,Catherine,Long,+18039041667,catherine.long@aol.com,,3163 Madison St,Columbia,South Carolina,SC,80861,Seller,Code Violation,Out-of-State Absentee Landlord,355742,71999,93,A+,Nationwide Lead Gen,NEW
SC-S-2252,Sharon,Harris,+18433684635,sharon.harris@outlook.com,,1506 Chestnut Blvd,Charleston,South Carolina,SC,29434,Seller,Code Violation,Property in Probate - Estate Settlement,855584,171071,93,A+,Nationwide Lead Gen,NEW
SC-B-2268,Dorothy,James,+18649121620,dorothy.james@gmail.com,Dorothy Properties,,Greenville,South Carolina,SC,,Buyer,,Buy and Hold,0,0,93,A+,Nationwide Lead Gen,NEW
SD-S-2281,Matthew,Long,+16059774738,matthew.long@hotmail.com,,9111 Hill St,Sioux Falls,South Dakota,SD,57123,Seller,Condemned,Property in Probate - Estate Settlement,377143,133435,93,A+,Nationwide Lead Gen,NEW
SD-B-2307,William,Smith,+16058113273,william.smith@outlook.com,,,Sioux Falls,South Dakota,SD,,Buyer,,Fix & Flip,0,0,93,A+,Nationwide Lead Gen,NEW
TN-B-2364,Joseph,Brown,+19016539686,joseph.brown@yahoo.com,Joseph Acquisitions,,Memphis,Tennessee,TN,,Buyer,,Wholesaler,0,0,93,A+,Nationwide Lead Gen,NEW
TX-S-2405,Justin,Sanchez,+17379277010,justin.sanchez@aol.com,,7521 Adams Way,Austin,Texas,TX,78720,Seller,Absentee Owner,Job Relocation - Must Sell Fast,404911,355591,93,A+,Nationwide Lead Gen,NEW
TX-S-2407,Peter,Baker,+16822999060,peter.baker@outlook.com,,6017 Jefferson Ln,Fort Worth,Texas,TX,41499,Seller,High Equity,Inherited Family Estate (Probate),853697,267022,93,A+,Nationwide Lead Gen,NEW
TX-B-2439,Carlos,Carter,+17138011847,carlos.carter@gmail.com,Carlos Home Buyers,,Houston,Texas,TX,,Buyer,,Fix & Flip,0,0,93,A+,Nationwide Lead Gen,NEW
UT-S-2471,Ashley,Long,+18013957515,ashley.long@hotmail.com,,7815 Meadow St,Salt Lake City,Utah,UT,84198,Seller,Absentee Owner,Distressed Property - Code Violations,821785,259679,93,A+,Nationwide Lead Gen,NEW
UT-B-2523,George,Alvarez,+18019619586,george.alvarez@outlook.com,George Holdings,,Ogden,Utah,UT,,Buyer,,Investor,0,0,93,A+,Nationwide Lead Gen,NEW
VT-S-2536,Ashley,Cox,+18027073795,ashley.cox@yahoo.com,,2392 Ridge Blvd,Burlington,Vermont,VT,5440,Seller,Lien,Job Relocation - Must Sell Fast,420389,339056,93,A+,Nationwide Lead Gen,NEW
WA-B-2693,Gary,Hall,+14253013302,gary.hall@gmail.com,,,Bellevue,Washington,WA,,Buyer,,Cash Buyer,0,0,93,A+,Nationwide Lead Gen,NEW
WV-B-2744,Justin,Ortiz,+13049241323,justin.ortiz@outlook.com,Justin Solutions,,Morgantown,West Virginia,WV,,Buyer,,Cash Buyer,0,0,93,A+,Nationwide Lead Gen,NEW
WI-S-2782,Justin,Chavez,+12622504359,justin.chavez@outlook.com,,5210 Elm Dr,Kenosha,Wisconsin,WI,34814,Seller,Tax Delinquent,Financial Hardship - Needs Cash,899285,90396,93,A+,Nationwide Lead Gen,NEW
WI-S-2787,Shirley,Castillo,+19208816463,shirley.castillo@gmail.com,,9458 Jackson Ct,Green Bay,Wisconsin,WI,18893,Seller,Lien,Vacant Property - High Equity,679295,214987,93,A+,Nationwide Lead Gen,NEW
WI-B-2814,Jacob,Wood,+16089043114,jacob.wood@yahoo.com,,,Madison,Wisconsin,WI,,Buyer,,Fix & Flip,0,0,93,A+,Nationwide Lead Gen,NEW
AL-S-0018,Anthony,Walker,+13342861972,anthony.walker@outlook.com,,8935 Canyon Pl,Montgomery,Alabama,AL,36167,Seller,Fire Damage,Out-of-State Absentee Landlord,943038,125075,92,A+,Nationwide Lead Gen,NEW
AL-S-0022,Laura,Jackson,+19384124109,laura.jackson@hotmail.com,,7124 Walnut Ln,Huntsville,Alabama,AL,99091,Seller,Bankruptcy,Divorce Settlement Required,350165,144434,92,A+,Nationwide Lead Gen,NEW
AL-S-0035,Helen,Ruiz,+12568567838,helen.ruiz@yahoo.com,,1259 Enterprise Ln,Huntsville,Alabama,AL,21556,Seller,High Equity,Behind on Mortgage Payments,839055,58488,92,A+,Nationwide Lead Gen,NEW
AZ-B-0173,Brandon,Brooks,+14804014753,brandon.brooks@outlook.com,,,Phoenix,Arizona,AZ,,Buyer,,Property Manager,0,0,92,A+,Nationwide Lead Gen,NEW
AR-S-0196,Maria,Jackson,+14798539758,maria.jackson@gmail.com,,6777 Vista St,Fort Smith,Arkansas,AR,91619,Seller,Judgment,Property Needs Major Repairs,290756,224979,92,A+,Nationwide Lead Gen,NEW
AR-B-0202,Amanda,Peterson,+15012724131,amanda.peterson@outlook.com,Amanda Acquisitions,,Little Rock,Arkansas,AR,,Buyer,,Property Manager,0,0,92,A+,Nationwide Lead Gen,NEW
AR-B-0205,John,Brown,+18703293138,john.brown@outlook.com,John Acquisitions,,Jonesboro,Arkansas,AR,,Buyer,,Wholesaler,0,0,92,A+,Nationwide Lead Gen,NEW
CT-S-0388,Yolanda,Phillips,+19599159346,yolanda.phillips@outlook.com,,1940 Pine Pl,Hartford,Connecticut,CT,6126,Seller,Fire Damage,Behind on Mortgage Payments,842901,171240,92,A+,Nationwide Lead Gen,NEW
CT-S-0398,Samuel,Turner,+18604758293,samuel.turner@gmail.com,,9385 Harrison Dr,Hartford,Connecticut,CT,6158,Seller,Lien,Tired Landlord - Ready to Exit,174012,190477,92,A+,Nationwide Lead Gen,NEW
CT-B-0423,Emily,Reyes,+18603329023,emily.reyes@gmail.com,Emily Home Buyers,,Hartford,Connecticut,CT,,Buyer,,Cash Buyer,0,0,92,A+,Nationwide Lead Gen,NEW
DE-S-0450,Peter,Mitchell,+13027629391,peter.mitchell@outlook.com,,9512 Chestnut Rd,Newark,Delaware,DE,74487,Seller,Judgment,Tax Lien & Pre-Foreclosure Opportunity,783127,194811,92,A+,Nationwide Lead Gen,NEW
FL-S-0506,Raymond,Wright,+19547595944,raymond.wright@yahoo.com,,6741 Innovation Pl,Fort Lauderdale,Florida,FL,90707,Seller,Absentee Owner,Property in Probate - Estate Settlement,332931,231798,92,A+,Nationwide Lead Gen,NEW
GA-S-0561,Benjamin,Peterson,+17067017206,benjamin.peterson@gmail.com,,964 Lake Pkwy,Columbus,Georgia,GA,83374,Seller,Condemned,Tired Landlord - Ready to Exit,548840,50206,92,A+,Nationwide Lead Gen,NEW
ID-S-0661,Alexander,Reed,+12088311848,alexander.reed@outlook.com,,8011 Garden Pl,Idaho Falls,Idaho,ID,86463,Seller,Condemned,Distressed Property - Code Violations,678755,245349,92,A+,Nationwide Lead Gen,NEW
IN-S-0753,Rachel,Richardson,+12605636825,rachel.richardson@aol.com,,9308 Maple Ln,Fort Wayne,Indiana,IN,33405,Seller,Pre-Foreclosure,Divorce Settlement Required,585010,120838,92,A+,Nationwide Lead Gen,NEW
IN-B-0803,Christine,Moore,+14639018449,christine.moore@gmail.com,,,Indianapolis,Indiana,IN,,Buyer,,Cash Buyer,0,0,92,A+,Nationwide Lead Gen,NEW
KS-S-0857,Adam,Rodriguez,+19134257180,adam.rodriguez@aol.com,,7035 Chestnut Rd,Overland Park,Kansas,KS,74524,Seller,Utility Shutoff,Property in Probate - Estate Settlement,460216,177905,92,A+,Nationwide Lead Gen,NEW
KY-S-0886,Alexander,Murphy,+18596211763,alexander.murphy@outlook.com,,2561 Creek Ave,Lexington,Kentucky,KY,88901,Seller,Vacant Property,Job Relocation - Must Sell Fast,203773,132025,92,A+,Nationwide Lead Gen,NEW
LA-S-0990,Ruth,Sanchez,+15048614925,ruth.sanchez@aol.com,,4532 Jackson Rd,New Orleans,Louisiana,LA,70133,Seller,Judgment,Property Needs Major Repairs,560631,341353,92,A+,Nationwide Lead Gen,NEW
MA-S-1172,Richard,Martinez,+17742295847,richard.martinez@gmail.com,,7104 Monroe Ave,Worcester,Massachusetts,MA,17619,Seller,Eviction,Property in Probate - Estate Settlement,607807,228934,92,A+,Nationwide Lead Gen,NEW
MI-S-1263,Helen,White,+13137912319,helen.white@outlook.com,,5425 Adams Blvd,Detroit,Michigan,MI,48267,Seller,Fire Damage,Tax Lien & Pre-Foreclosure Opportunity,517311,332050,92,A+,Nationwide Lead Gen,NEW
MN-B-1357,Kathleen,Collins,+12189693131,kathleen.collins@yahoo.com,,,Duluth,Minnesota,MN,,Buyer,,Cash Buyer,0,0,92,A+,Nationwide Lead Gen,NEW
MO-S-1419,Rosa,Ruiz,+16365463300,rosa.ruiz@gmail.com,,1944 Madison Way,St. Louis,Missouri,MO,28034,Seller,High Equity,Financial Hardship - Needs Cash,163073,52443,92,A+,Nationwide Lead Gen,NEW
MO-S-1430,Emily,Turner,+18168071509,emily.turner@gmail.com,,2814 Vista Pkwy,Independence,Missouri,MO,21725,Seller,Judgment,Behind on Mortgage Payments,344438,355393,92,A+,Nationwide Lead Gen,NEW
MT-B-1495,Kathleen,Gomez,+14065178982,kathleen.gomez@gmail.com,Kathleen Acquisitions,,Great Falls,Montana,MT,,Buyer,,Wholesaler,0,0,92,A+,Nationwide Lead Gen,NEW
MT-B-1499,Raymond,Perez,+14068591154,raymond.perez@gmail.com,,,Great Falls,Montana,MT,,Buyer,,Property Manager,0,0,92,A+,Nationwide Lead Gen,NEW
NE-S-1504,Amanda,Smith,+14023269308,amanda.smith@gmail.com,,4330 Garden Ln,Omaha,Nebraska,NE,68163,Seller,Pre-Foreclosure,Property in Probate - Estate Settlement,187266,343923,92,A+,Nationwide Lead Gen,NEW
NE-S-1513,Robert,Peterson,+14027832282,robert.peterson@yahoo.com,,1901 Technology St,Bellevue,Nebraska,NE,84568,Seller,Pre-Foreclosure,Avoiding Foreclosure Auction,757352,157350,92,A+,Nationwide Lead Gen,NEW
NE-S-1519,Mary,King,+14028914673,mary.king@outlook.com,,9271 Pine Rd,Lincoln,Nebraska,NE,22485,Seller,Condemned,Tax Lien & Pre-Foreclosure Opportunity,737154,300085,92,A+,Nationwide Lead Gen,NEW
NH-S-1568,Stephanie,Peterson,+16036785937,stephanie.peterson@aol.com,,2685 Madison Pl,Manchester,New Hampshire,NH,3102,Seller,Pre-Foreclosure,Inherited Family Estate (Probate),922917,361167,92,A+,Nationwide Lead Gen,NEW
NJ-B-1643,Sylvia,Ross,+19732114474,sylvia.ross@gmail.com,,,Paterson,New Jersey,NJ,,Buyer,,Developer,0,0,92,A+,Nationwide Lead Gen,NEW
NJ-B-1655,Brandon,Sanders,+19082072801,brandon.sanders@gmail.com,Brandon Investments,,Elizabeth,New Jersey,NJ,,Buyer,,Wholesaler,0,0,92,A+,Nationwide Lead Gen,NEW
NM-S-1668,Scott,Anderson,+15753641025,scott.anderson@yahoo.com,,1273 Pine Ln,Las Cruces,New Mexico,NM,39809,Seller,Pre-Foreclosure,Financial Hardship - Needs Cash,142544,348022,92,A+,Nationwide Lead Gen,NEW
NM-S-1675,Helen,Morales,+15752261480,helen.morales@hotmail.com,,7701 Garden Pkwy,Las Cruces,New Mexico,NM,14693,Seller,Code Violation,Tired Landlord - Ready to Exit,240094,348619,92,A+,Nationwide Lead Gen,NEW
NM-S-1677,Aaron,White,+15054445124,aaron.white@outlook.com,,3263 Cedar Pl,Santa Fe,New Mexico,NM,24627,Seller,Probate,Avoiding Foreclosure Auction,908558,223556,92,A+,Nationwide Lead Gen,NEW
NY-S-1701,Steven,Phillips,+17168878330,steven.phillips@outlook.com,,8784 Washington Ct,Buffalo,New York,NY,14275,Seller,Absentee Owner,Vacant Property - High Equity,562394,79351,92,A+,Nationwide Lead Gen,NEW
NY-B-1751,Jerry,Hill,+19173242855,jerry.hill@outlook.com,Jerry Capital,,New York City,New York,NY,,Buyer,,Cash Buyer,0,0,92,A+,Nationwide Lead Gen,NEW
NY-B-1758,Angela,Moore,+13159339382,angela.moore@outlook.com,,,Syracuse,New York,NY,,Buyer,,Buy and Hold,0,0,92,A+,Nationwide Lead Gen,NEW
NC-S-1775,Brandon,Flores,+19194257471,brandon.flores@yahoo.com,,6446 Main Pl,Raleigh,North Carolina,NC,96351,Seller,Probate,Inherited Property - Not Interested,240533,274264,92,A+,Nationwide Lead Gen,NEW
NC-S-1800,Nicole,Moore,+13362419618,nicole.moore@aol.com,,5895 Adams Dr,Greensboro,North Carolina,NC,84259,Seller,Eviction,Financial Hardship - Needs Cash,501473,219853,92,A+,Nationwide Lead Gen,NEW
NC-S-1817,Mary,Thompson,+19192668570,mary.thompson@outlook.com,,4316 Cedar Blvd,Durham,North Carolina,NC,80435,Seller,Vacant Property,Avoiding Foreclosure Auction,536456,91156,92,A+,Nationwide Lead Gen,NEW
ND-B-1874,John,Walker,+17014953958,john.walker@outlook.com,,,Bismarck,North Dakota,ND,,Buyer,,Wholesaler,0,0,92,A+,Nationwide Lead Gen,NEW
OH-S-1924,Cynthia,Kelly,+13303049368,cynthia.kelly@hotmail.com,,8917 Birch Ln,Akron,Ohio,OH,94204,Seller,Lien,Inherited Family Estate (Probate),234540,318794,92,A+,Nationwide Lead Gen,NEW
OH-B-1930,Tyler,Peterson,+13302749486,tyler.peterson@outlook.com,Tyler Home Buyers,,Akron,Ohio,OH,,Buyer,,Wholesaler,0,0,92,A+,Nationwide Lead Gen,NEW
OH-B-1936,Michael,Campbell,+16146144609,michael.campbell@gmail.com,Michael Solutions,,Columbus,Ohio,OH,,Buyer,,Investor,0,0,92,A+,Nationwide Lead Gen,NEW
OK-S-1954,Richard,White,+19189942825,richard.white@outlook.com,,6996 Enterprise Pkwy,Tulsa,Oklahoma,OK,56789,Seller,Absentee Owner,Tax Lien & Pre-Foreclosure Opportunity,600183,314723,92,A+,Nationwide Lead Gen,NEW
OK-S-1972,Stephen,Carter,+19184874785,stephen.carter@aol.com,,6856 Canyon Ln,Tulsa,Oklahoma,OK,24089,Seller,Bankruptcy,Property Needs Major Repairs,874204,94199,92,A+,Nationwide Lead Gen,NEW
OK-S-1987,Brenda,Robinson,+14055676489,brenda.robinson@yahoo.com,,7040 Harrison Rd,Oklahoma City,Oklahoma,OK,73180,Seller,Absentee Owner,Divorce Settlement Required,264576,279387,92,A+,Nationwide Lead Gen,NEW
OK-B-2018,Kimberly,Garcia,+19182047974,kimberly.garcia@gmail.com,Kimberly Solutions,,Tulsa,Oklahoma,OK,,Buyer,,Buy and Hold,0,0,92,A+,Nationwide Lead Gen,NEW
OR-S-2032,Donald,Long,+15037213795,donald.long@aol.com,,6287 Industrial Pl,Salem,Oregon,OR,47624,Seller,Absentee Owner,Inherited Property - Not Interested,322034,156532,92,A+,Nationwide Lead Gen,NEW
OR-S-2043,Adam,Clark,+15032592992,adam.clark@yahoo.com,,4951 Innovation Dr,Portland,Oregon,OR,97288,Seller,Condemned,Out-of-State Absentee Landlord,260093,245084,92,A+,Nationwide Lead Gen,NEW
OR-S-2050,Samuel,Richardson,+19712677080,samuel.richardson@yahoo.com,,1270 Jackson Ct,Portland,Oregon,OR,97267,Seller,Lien,Inherited Property - Not Interested,849844,369712,92,A+,Nationwide Lead Gen,NEW
OR-S-2072,Nicole,Rivera,+15416896451,nicole.rivera@outlook.com,,8981 Hill Ct,Eugene,Oregon,OR,86438,Seller,High Equity,Absentee Owner - Lives Out of State,521309,159102,92,A+,Nationwide Lead Gen,NEW
OR-B-2079,Frank,Williams,+15418263324,frank.williams@yahoo.com,,,Eugene,Oregon,OR,,Buyer,,Property Manager,0,0,92,A+,Nationwide Lead Gen,NEW
PA-B-2157,Sharon,Anderson,+14125254104,sharon.anderson@gmail.com,,,Pittsburgh,Pennsylvania,PA,,Buyer,,Investor,0,0,92,A+,Nationwide Lead Gen,NEW
SC-S-2216,Jacob,Diaz,+18039858086,jacob.diaz@yahoo.com,,2976 Washington Way,Columbia,South Carolina,SC,39810,Seller,Eviction,Inherited Property - Not Interested,165933,192849,92,A+,Nationwide Lead Gen,NEW
SC-S-2217,Steven,Wood,+18437111799,steven.wood@outlook.com,,8779 Cedar Dr,Charleston,South Carolina,SC,29423,Seller,Code Violation,Divorce Settlement Required,262844,113313,92,A+,Nationwide Lead Gen,NEW
SC-S-2225,Michelle,Harris,+18435781322,michelle.harris@hotmail.com,,3556 Main St,Myrtle Beach,South Carolina,SC,38725,Seller,Pre-Foreclosure,Distressed Property - Code Violations,797321,200337,92,A+,Nationwide Lead Gen,NEW
SC-B-2276,Catherine,Sanders,+18033132512,catherine.sanders@gmail.com,Catherine Capital,,Columbia,South Carolina,SC,,Buyer,,Developer,0,0,92,A+,Nationwide Lead Gen,NEW
TX-S-2410,Amanda,Jackson,+12105603549,amanda.jackson@gmail.com,,6754 Jackson St,San Antonio,Texas,TX,46532,Seller,Pre-Foreclosure,Out-of-State Absentee Landlord,620754,329227,92,A+,Nationwide Lead Gen,NEW
TX-S-2417,Anthony,Lee,+19154202899,anthony.lee@gmail.com,,2339 Pine St,El Paso,Texas,TX,56912,Seller,Probate,Behind on Mortgage Payments,570778,112652,92,A+,Nationwide Lead Gen,NEW
UT-S-2477,Melissa,Johnson,+18014107906,melissa.johnson@yahoo.com,,6634 Enterprise Pkwy,Salt Lake City,Utah,UT,84116,Seller,Absentee Owner,Property in Probate - Estate Settlement,498010,66552,92,A+,Nationwide Lead Gen,NEW
UT-S-2483,Ashley,Morgan,+18017306098,ashley.morgan@aol.com,,6744 Creek St,Provo,Utah,UT,96792,Seller,Probate,Vacant Property - High Equity,567442,309328,92,A+,Nationwide Lead Gen,NEW
VA-S-2599,Patricia,Howard,+18048028335,patricia.howard@hotmail.com,,9706 Forest Way,Richmond,Virginia,VA,22561,Seller,Code Violation,Property Needs Major Repairs,264964,219761,92,A+,Nationwide Lead Gen,NEW
VA-S-2600,Jerry,Wood,+18046131145,jerry.wood@aol.com,,9498 Chestnut Ave,Richmond,Virginia,VA,59349,Seller,Code Violation,Tired Landlord - Ready to Exit,166213,141389,92,A+,Nationwide Lead Gen,NEW
VA-S-2609,Kimberly,Rodriguez,+17577863275,kimberly.rodriguez@gmail.com,,4974 Jefferson Pkwy,Norfolk,Virginia,VA,95715,Seller,Condemned,Financial Hardship - Needs Cash,386794,256052,92,A+,Nationwide Lead Gen,NEW
WA-S-2667,Scott,Carter,+14255119612,scott.carter@aol.com,,4235 Ridge St,Bellevue,Washington,WA,72893,Seller,Lien,Tax Lien & Pre-Foreclosure Opportunity,574280,130482,92,A+,Nationwide Lead Gen,NEW
WA-S-2672,David,Ramirez,+14256291164,david.ramirez@yahoo.com,,6719 Valley Way,Bellevue,Washington,WA,68403,Seller,Fire Damage,Vacant Property - High Equity,258911,387021,92,A+,Nationwide Lead Gen,NEW
WI-S-2757,Cynthia,Martin,+12625126847,cynthia.martin@outlook.com,,8108 Industrial Ct,Kenosha,Wisconsin,WI,43087,Seller,Tax Delinquent,Financial Hardship - Needs Cash,653705,185176,92,A+,Nationwide Lead Gen,NEW
WI-S-2793,Samantha,Bailey,+19209246443,samantha.bailey@outlook.com,,5478 Spring St,Green Bay,Wisconsin,WI,90069,Seller,Vacant Property,Tax Lien & Pre-Foreclosure Opportunity,770246,396625,92,A+,Nationwide Lead Gen,NEW
WI-S-2795,Sharon,Gutierrez,+14144222239,sharon.gutierrez@hotmail.com,,4268 Pine Pl,Milwaukee,Wisconsin,WI,53260,Seller,Lien,Inherited Property - Not Interested,865062,203972,92,A+,Nationwide Lead Gen,NEW
AL-S-0032,Brandon,Gomez,+13342544274,brandon.gomez@gmail.com,,8510 Innovation Blvd,Montgomery,Alabama,AL,36160,Seller,Condemned,Avoiding Foreclosure Auction,728950,133301,91,A+,Nationwide Lead Gen,NEW
AL-B-0071,Donna,Patel,+13349804238,donna.patel@gmail.com,Donna Acquisitions,,Montgomery,Alabama,AL,,Buyer,,Property Manager,0,0,91,A+,Nationwide Lead Gen,NEW
AZ-S-0108,Tyler,Torres,+14808303534,tyler.torres@outlook.com,,1542 River Blvd,Mesa,Arizona,AZ,40876,Seller,Fire Damage,Property Needs Major Repairs,759264,307825,91,A+,Nationwide Lead Gen,NEW
AZ-S-0117,Benjamin,Peterson,+15202105595,benjamin.peterson@aol.com,,7653 Ridge Way,Tucson,Arizona,AZ,85770,Seller,Tax Delinquent,Property in Probate - Estate Settlement,883588,115683,91,A+,Nationwide Lead Gen,NEW
AZ-S-0128,Stephen,Castillo,+14808341513,stephen.castillo@aol.com,,1166 Forest Way,Chandler,Arizona,AZ,50693,Seller,Judgment,Divorce Settlement Required,481013,51869,91,A+,Nationwide Lead Gen,NEW
AZ-S-0134,Mark,Price,+14805836437,mark.price@yahoo.com,,5965 Creek Blvd,Chandler,Arizona,AZ,53555,Seller,Condemned,Absentee Owner - Lives Out of State,483569,234598,91,A+,Nationwide Lead Gen,NEW
AZ-S-0135,Yolanda,Walker,+16236056530,yolanda.walker@hotmail.com,,6040 Madison St,Phoenix,Arizona,AZ,85088,Seller,Tax Delinquent,Financial Hardship - Needs Cash,298087,290120,91,A+,Nationwide Lead Gen,NEW
AZ-S-0149,Melissa,Watson,+16029237191,melissa.watson@gmail.com,,1986 Spring Ave,Phoenix,Arizona,AZ,85088,Seller,Absentee Owner,Divorce Settlement Required,329678,182111,91,A+,Nationwide Lead Gen,NEW
AR-S-0198,Amy,Evans,+14799444509,amy.evans@outlook.com,,4221 Park Way,Fayetteville,Arkansas,AR,37356,Seller,Bankruptcy,Tax Lien & Pre-Foreclosure Opportunity,819199,158321,91,A+,Nationwide Lead Gen,NEW
AR-B-0206,Judy,Mitchell,+14794008104,judy.mitchell@outlook.com,Judy Acquisitions,,Fort Smith,Arkansas,AR,,Buyer,,Investor,0,0,91,A+,Nationwide Lead Gen,NEW
CA-S-0225,Rebecca,Sanders,+12794145349,rebecca.sanders@aol.com,,5286 Peak Ln,Sacramento,California,CA,24227,Seller,Eviction,Tax Lien & Pre-Foreclosure Opportunity,906548,83916,91,A+,Nationwide Lead Gen,NEW
CA-S-0234,Alexander,Chavez,+16196875343,alexander.chavez@aol.com,,7320 Main Pl,San Diego,California,CA,92154,Seller,Tax Delinquent,Vacant Property - High Equity,910284,290068,91,A+,Nationwide Lead Gen,NEW
CA-S-0243,Susan,Williams,+16193538037,susan.williams@aol.com,,5151 Birch Ave,San Diego,California,CA,92140,Seller,Lien,Out-of-State Absentee Landlord,341732,89769,91,A+,Nationwide Lead Gen,NEW
CO-S-0302,Jessica,Ramirez,+19704967943,jessica.ramirez@yahoo.com,,9135 Technology Pl,Fort Collins,Colorado,CO,83503,Seller,Code Violation,Absentee Owner - Lives Out of State,476367,359044,91,A+,Nationwide Lead Gen,NEW
DE-S-0455,Maria,Collins,+13024905001,maria.collins@yahoo.com,,5526 Walnut Blvd,Newark,Delaware,DE,89562,Seller,Utility Shutoff,Job Relocation - Must Sell Fast,684968,221905,91,A+,Nationwide Lead Gen,NEW
FL-S-0504,Gregory,Stewart,+18133458315,gregory.stewart@gmail.com,,4725 Harrison Blvd,Tampa,Florida,FL,66377,Seller,Condemned,Tired Landlord - Ready to Exit,507542,393728,91,A+,Nationwide Lead Gen,NEW
FL-S-0514,Gregory,Martinez,+18139315037,gregory.martinez@gmail.com,,1845 Walnut St,Tampa,Florida,FL,70986,Seller,Probate,Tired Landlord - Ready to Exit,139063,226856,91,A+,Nationwide Lead Gen,NEW
GA-S-0560,Patricia,Jackson,+17702133964,patricia.jackson@aol.com,,7172 Washington Ct,Atlanta,Georgia,GA,30323,Seller,Fire Damage,Tired Landlord - Ready to Exit,584986,327838,91,A+,Nationwide Lead Gen,NEW
GA-S-0571,Kimberly,Wilson,+17064034046,kimberly.wilson@gmail.com,,2296 Madison Blvd,Columbus,Georgia,GA,45546,Seller,Condemned,Inherited Family Estate (Probate),765372,347824,91,A+,Nationwide Lead Gen,NEW
GA-B-0601,Alexander,Scott,+17066172131,alexander.scott@outlook.com,Alexander Home Buyers,,Augusta,Georgia,GA,,Buyer,,Fix & Flip,0,0,91,A+,Nationwide Lead Gen,NEW
HI-S-0632,Brenda,Robinson,+18089516020,brenda.robinson@aol.com,,9857 Hickory St,Kailua,Hawaii,HI,71656,Seller,Tax Delinquent,Property Needs Major Repairs,926713,325179,91,A+,Nationwide Lead Gen,NEW
IL-S-0688,Charles,Williams,+13319732546,charles.williams@gmail.com,,6777 Maple St,Naperville,Illinois,IL,21758,Seller,Utility Shutoff,Distressed Property - Code Violations,639037,135027,91,A+,Nationwide Lead Gen,NEW
IN-S-0782,Christopher,Ortiz,+14637452368,christopher.ortiz@hotmail.com,,7963 Washington Pl,Indianapolis,Indiana,IN,46291,Seller,Condemned,Financial Hardship - Needs Cash,578918,132465,91,A+,Nationwide Lead Gen,NEW
IA-S-0843,Janet,Rogers,+13193656572,janet.rogers@yahoo.com,,4832 Forest Pkwy,Cedar Rapids,Iowa,IA,16377,Seller,Bankruptcy,Financial Hardship - Needs Cash,597626,219000,91,A+,Nationwide Lead Gen,NEW
IA-S-0845,Raymond,Garcia,+15154081639,raymond.garcia@hotmail.com,,9032 Innovation Ct,Des Moines,Iowa,IA,50373,Seller,Vacant Property,Distressed Property - Code Violations,670981,123045,91,A+,Nationwide Lead Gen,NEW
LA-S-0966,James,Kim,+12258294501,james.kim@yahoo.com,,1581 Adams Way,Baton Rouge,Louisiana,LA,96762,Seller,Absentee Owner,Tax Lien & Pre-Foreclosure Opportunity,151571,310620,91,A+,Nationwide Lead Gen,NEW
MD-S-1072,Richard,Lee,+13012675752,richard.lee@yahoo.com,,6958 Spring Way,Gaithersburg,Maryland,MD,40091,Seller,Utility Shutoff,Absentee Owner - Lives Out of State,436839,272498,91,A+,Nationwide Lead Gen,NEW
MD-S-1097,William,Turner,+12402478764,william.turner@outlook.com,,1748 Technology Way,Rockville,Maryland,MD,66944,Seller,Code Violation,Property Needs Major Repairs,630066,268180,91,A+,Nationwide Lead Gen,NEW
MD-S-1111,Matthew,Edwards,+12402831430,matthew.edwards@hotmail.com,,7428 Forest Pkwy,Rockville,Maryland,MD,23682,Seller,High Equity,Inherited Property - Not Interested,527675,48838,91,A+,Nationwide Lead Gen,NEW
MA-B-1199,Sarah,Ramirez,+17742208517,sarah.ramirez@outlook.com,Sarah Holdings,,Worcester,Massachusetts,MA,,Buyer,,Developer,0,0,91,A+,Nationwide Lead Gen,NEW
MN-S-1292,Stephen,Walker,+16515058014,stephen.walker@hotmail.com,,4832 Maple Pkwy,St. Paul,Minnesota,MN,76376,Seller,Pre-Foreclosure,Distressed Property - Code Violations,829702,313445,91,A+,Nationwide Lead Gen,NEW
MN-S-1296,Kathleen,Johnson,+16512091935,kathleen.johnson@hotmail.com,,9352 Elm Ln,St. Paul,Minnesota,MN,12371,Seller,Fire Damage,Property in Probate - Estate Settlement,373252,73771,91,A+,Nationwide Lead Gen,NEW
MN-S-1307,Charles,Phillips,+12186871534,charles.phillips@hotmail.com,,8366 Business Ln,Duluth,Minnesota,MN,70461,Seller,Lien,Property in Probate - Estate Settlement,654871,350757,91,A+,Nationwide Lead Gen,NEW
MO-B-1447,Margaret,Rogers,+13142735557,margaret.rogers@gmail.com,Margaret Investments,,St. Louis,Missouri,MO,,Buyer,,Wholesaler,0,0,91,A+,Nationwide Lead Gen,NEW
NV-B-1551,Christopher,Nelson,+17028843428,christopher.nelson@gmail.com,Christopher Realty,,Henderson,Nevada,NV,,Buyer,,Wholesaler,0,0,91,A+,Nationwide Lead Gen,NEW
NH-B-1584,Sylvia,Mitchell,+16032565125,sylvia.mitchell@outlook.com,,,Manchester,New Hampshire,NH,,Buyer,,Wholesaler,0,0,91,A+,Nationwide Lead Gen,NEW
NJ-S-1632,Joseph,Reed,+19733828821,joseph.reed@gmail.com,,6520 Walnut Blvd,Paterson,New Jersey,NJ,89595,Seller,Condemned,Property in Probate - Estate Settlement,795980,269565,91,A+,Nationwide Lead Gen,NEW
NY-S-1697,Joshua,Flores,+15184052033,joshua.flores@hotmail.com,,3709 Main Way,Albany,New York,NY,91494,Seller,Absentee Owner,Inherited Family Estate (Probate),339690,302600,91,A+,Nationwide Lead Gen,NEW
NY-S-1717,Gregory,Jimenez,+13158466510,gregory.jimenez@yahoo.com,,232 Meadow Blvd,Syracuse,New York,NY,12177,Seller,Bankruptcy,Distressed Property - Code Violations,843737,301519,91,A+,Nationwide Lead Gen,NEW
NY-S-1724,Frank,Williams,+13159045017,frank.williams@yahoo.com,,857 Birch Pl,Syracuse,New York,NY,56645,Seller,Code Violation,Financial Hardship - Needs Cash,767778,380120,91,A+,Nationwide Lead Gen,NEW
NY-B-1759,Carolyn,Wood,+13157505431,carolyn.wood@yahoo.com,,,Syracuse,New York,NY,,Buyer,,Investor,0,0,91,A+,Nationwide Lead Gen,NEW
NY-B-1770,Brenda,Hall,+13152172866,brenda.hall@outlook.com,Brenda Solutions,,Syracuse,New York,NY,,Buyer,,Fix & Flip,0,0,91,A+,Nationwide Lead Gen,NEW
ND-B-1867,Patricia,Hall,+17012937735,patricia.hall@yahoo.com,Patricia Realty,,Bismarck,North Dakota,ND,,Buyer,,REIT,0,0,91,A+,Nationwide Lead Gen,NEW
OK-S-1982,Pamela,Harris,+14056254848,pamela.harris@hotmail.com,,7519 Washington Way,Norman,Oklahoma,OK,68739,Seller,Fire Damage,Avoiding Foreclosure Auction,597289,275292,91,A+,Nationwide Lead Gen,NEW
OK-B-2003,Ryan,White,+19187227054,ryan.white@yahoo.com,Ryan Holdings,,Tulsa,Oklahoma,OK,,Buyer,,Cash Buyer,0,0,91,A+,Nationwide Lead Gen,NEW
OK-B-2007,Barbara,Davis,+14052357533,barbara.davis@yahoo.com,Barbara Holdings,,Oklahoma City,Oklahoma,OK,,Buyer,,Cash Buyer,0,0,91,A+,Nationwide Lead Gen,NEW
OK-B-2009,Barbara,Wood,+14054111822,barbara.wood@yahoo.com,Barbara Properties,,Norman,Oklahoma,OK,,Buyer,,REIT,0,0,91,A+,Nationwide Lead Gen,NEW
OR-B-2087,Ashley,Gray,+15417454860,ashley.gray@yahoo.com,Ashley Solutions,,Eugene,Oregon,OR,,Buyer,,Developer,0,0,91,A+,Nationwide Lead Gen,NEW
OR-B-2100,Nathan,Hernandez,+15033818440,nathan.hernandez@outlook.com,Nathan Home Buyers,,Salem,Oregon,OR,,Buyer,,Cash Buyer,0,0,91,A+,Nationwide Lead Gen,NEW
PA-S-2131,Maria,Robinson,+16109257507,maria.robinson@hotmail.com,,7278 Ridge St,Allentown,Pennsylvania,PA,26504,Seller,Condemned,Inherited Family Estate (Probate),904550,382161,91,A+,Nationwide Lead Gen,NEW
PA-B-2171,Aaron,Jackson,+12158541112,aaron.jackson@yahoo.com,Aaron Realty,,Philadelphia,Pennsylvania,PA,,Buyer,,Property Manager,0,0,91,A+,Nationwide Lead Gen,NEW
RI-B-2204,Jennifer,Martinez,+14016691607,jennifer.martinez@outlook.com,,,Cranston,Rhode Island,RI,,Buyer,,Buy and Hold,0,0,91,A+,Nationwide Lead Gen,NEW
SC-B-2259,Joseph,Flores,+18439487839,joseph.flores@yahoo.com,Joseph Home Buyers,,Charleston,South Carolina,SC,,Buyer,,Fix & Flip,0,0,91,A+,Nationwide Lead Gen,NEW
SD-S-2282,Eric,Ortiz,+16059843450,eric.ortiz@aol.com,,3300 Washington Ln,Rapid City,South Dakota,SD,70725,Seller,Judgment,Inherited Property - Not Interested,861973,393984,91,A+,Nationwide Lead Gen,NEW
TX-B-2452,Patrick,Patel,+17137694221,patrick.patel@gmail.com,,,Houston,Texas,TX,,Buyer,,Investor,0,0,91,A+,Nationwide Lead Gen,NEW
UT-S-2497,Jason,Jimenez,+18019374750,jason.jimenez@hotmail.com,,3359 Cedar Rd,West Valley City,Utah,UT,59825,Seller,Vacant Property,Distressed Property - Code Violations,777157,204287,91,A+,Nationwide Lead Gen,NEW
WA-S-2654,Jonathan,Brooks,+14253023374,jonathan.brooks@aol.com,,9753 Enterprise Pkwy,Bellevue,Washington,WA,77633,Seller,Fire Damage,Distressed Property - Code Violations,518926,191598,91,A+,Nationwide Lead Gen,NEW
WA-S-2668,Ryan,Hernandez,+14252095287,ryan.hernandez@gmail.com,,4568 Elm Rd,Bellevue,Washington,WA,74282,Seller,Vacant Property,Distressed Property - Code Violations,527550,61616,91,A+,Nationwide Lead Gen,NEW
WA-S-2682,Aaron,Baker,+15094558845,aaron.baker@yahoo.com,,8782 Harrison Ave,Spokane,Washington,WA,74263,Seller,Utility Shutoff,Property Needs Major Repairs,685665,50031,91,A+,Nationwide Lead Gen,NEW
WA-S-2685,Lisa,Williams,+12069488146,lisa.williams@outlook.com,,9986 Maple St,Seattle,Washington,WA,98199,Seller,Bankruptcy,Job Relocation - Must Sell Fast,482136,115611,91,A+,Nationwide Lead Gen,NEW
WA-B-2695,Jerry,Patel,+12537609224,jerry.patel@outlook.com,Jerry Investments,,Seattle,Washington,WA,,Buyer,,Developer,0,0,91,A+,Nationwide Lead Gen,NEW
WA-B-2715,Kimberly,Edwards,+15098161975,kimberly.edwards@yahoo.com,,,Spokane,Washington,WA,,Buyer,,Developer,0,0,91,A+,Nationwide Lead Gen,NEW
WV-B-2739,Jeffrey,Wilson,+13043898611,jeffrey.wilson@gmail.com,,,Huntington,West Virginia,WV,,Buyer,,REIT,0,0,91,A+,Nationwide Lead Gen,NEW
AL-S-0009,Mary,Carter,+12564338555,mary.carter@outlook.com,,3337 Madison Rd,Huntsville,Alabama,AL,92389,Seller,Code Violation,Absentee Owner - Lives Out of State,760786,317626,90,A+,Nationwide Lead Gen,NEW
AL-S-0017,George,Thompson,+19388942207,george.thompson@outlook.com,,7976 River Pkwy,Huntsville,Alabama,AL,60830,Seller,Condemned,Property in Probate - Estate Settlement,738644,98468,90,A+,Nationwide Lead Gen,NEW
AL-S-0021,Emma,Roberts,+13344969866,emma.roberts@hotmail.com,,9792 Spring Pl,Montgomery,Alabama,AL,36119,Seller,Condemned,Financial Hardship - Needs Cash,371967,288963,90,A+,Nationwide Lead Gen,NEW
AL-S-0039,Joseph,Evans,+16599178893,joseph.evans@yahoo.com,,5482 Forest Blvd,Birmingham,Alabama,AL,35284,Seller,Lien,Tax Lien & Pre-Foreclosure Opportunity,700315,255693,90,A+,Nationwide Lead Gen,NEW
AL-B-0054,Melissa,Nguyen,+13344088333,melissa.nguyen@yahoo.com,,,Montgomery,Alabama,AL,,Buyer,,Investor,0,0,90,A+,Nationwide Lead Gen,NEW
AZ-S-0127,Ashley,Sanchez,+14806049750,ashley.sanchez@hotmail.com,,531 Lake Pkwy,Chandler,Arizona,AZ,23573,Seller,Tax Delinquent,Job Relocation - Must Sell Fast,229503,170320,90,A+,Nationwide Lead Gen,NEW
AZ-S-0133,Maria,James,+14806009369,maria.james@yahoo.com,,365 Sunset Ave,Chandler,Arizona,AZ,79749,Seller,Fire Damage,Financial Hardship - Needs Cash,200026,153772,90,A+,Nationwide Lead Gen,NEW
AZ-B-0176,Thomas,Johnson,+14803484572,thomas.johnson@outlook.com,,,Chandler,Arizona,AZ,,Buyer,,Buy and Hold,0,0,90,A+,Nationwide Lead Gen,NEW
AR-S-0194,Maria,Cooper,+14799925470,maria.cooper@hotmail.com,,2043 Innovation Blvd,Fayetteville,Arkansas,AR,72561,Seller,Absentee Owner,Inherited Family Estate (Probate),254333,203918,90,A+,Nationwide Lead Gen,NEW
CA-S-0254,Charles,Morris,+15107055942,charles.morris@yahoo.com,,3768 Park Ln,Oakland,California,CA,57679,Seller,Pre-Foreclosure,Absentee Owner - Lives Out of State,197883,266050,90,A+,Nationwide Lead Gen,NEW
CA-B-0271,Sarah,Martinez,+18186776923,sarah.martinez@yahoo.com,Sarah Home Buyers,,Los Angeles,California,CA,,Buyer,,REIT,0,0,90,A+,Nationwide Lead Gen,NEW
CO-S-0289,Joseph,Chavez,+19704451554,joseph.chavez@yahoo.com,,9890 Meadow Ln,Fort Collins,Colorado,CO,29715,Seller,Judgment,Tired Landlord - Ready to Exit,546679,303195,90,A+,Nationwide Lead Gen,NEW
CO-S-0314,John,Martinez,+17202307639,john.martinez@hotmail.com,,1783 Cedar Pkwy,Denver,Colorado,CO,80278,Seller,High Equity,Financial Hardship - Needs Cash,825230,127000,90,A+,Nationwide Lead Gen,NEW
CO-B-0343,Patrick,Rivera,+17204045919,patrick.rivera@yahoo.com,Patrick Properties,,Denver,Colorado,CO,,Buyer,,Buy and Hold,0,0,90,A+,Nationwide Lead Gen,NEW
CT-S-0397,Ruth,Edwards,+19594646118,ruth.edwards@gmail.com,,7428 Ridge Pl,Hartford,Connecticut,CT,6121,Seller,Probate,Financial Hardship - Needs Cash,611232,267517,90,A+,Nationwide Lead Gen,NEW
CT-S-0402,Harold,White,+19592316570,harold.white@aol.com,,5275 Jackson Ln,Hartford,Connecticut,CT,6198,Seller,Eviction,Job Relocation - Must Sell Fast,725933,314743,90,A+,Nationwide Lead Gen,NEW
FL-S-0484,Gloria,Ramos,+14075509477,gloria.ramos@gmail.com,,8351 Elm Ct,Orlando,Florida,FL,32890,Seller,Tax Delinquent,Property in Probate - Estate Settlement,900470,40051,90,A+,Nationwide Lead Gen,NEW
FL-B-0525,Emma,Harris,+13058804570,emma.harris@outlook.com,,,Miami,Florida,FL,,Buyer,,Cash Buyer,0,0,90,A+,Nationwide Lead Gen,NEW
GA-B-0593,Matthew,James,+19124303716,matthew.james@gmail.com,Matthew Home Buyers,,Savannah,Georgia,GA,,Buyer,,Developer,0,0,90,A+,Nationwide Lead Gen,NEW
HI-S-0631,Mark,Evans,+18083137071,mark.evans@hotmail.com,,8491 Elm Pkwy,Kailua,Hawaii,HI,73574,Seller,Utility Shutoff,Property Needs Major Repairs,201972,161493,90,A+,Nationwide Lead Gen,NEW
HI-B-0637,Charles,Allen,+18084955295,charles.allen@gmail.com,Charles Properties,,Kailua,Hawaii,HI,,Buyer,,Developer,0,0,90,A+,Nationwide Lead Gen,NEW
ID-S-0651,Elizabeth,Martin,+12085939812,elizabeth.martin@aol.com,,1742 Enterprise Pkwy,Meridian,Idaho,ID,22384,Seller,Lien,Distressed Property - Code Violations,633648,191783,90,A+,Nationwide Lead Gen,NEW
IL-B-0735,Judy,Allen,+12176198009,judy.allen@yahoo.com,Judy Acquisitions,,Springfield,Illinois,IL,,Buyer,,Cash Buyer,0,0,90,A+,Nationwide Lead Gen,NEW
IN-S-0783,John,Morgan,+12604589042,john.morgan@hotmail.com,,3787 Madison Ave,Fort Wayne,Indiana,IN,76903,Seller,Condemned,Financial Hardship - Needs Cash,443452,231285,90,A+,Nationwide Lead Gen,NEW
IA-S-0828,Henry,Jackson,+13194651758,henry.jackson@yahoo.com,,3595 Main Pl,Cedar Rapids,Iowa,IA,50289,Seller,Utility Shutoff,Distressed Property - Code Violations,842069,165626,90,A+,Nationwide Lead Gen,NEW
KY-B-0951,Stephen,Rodriguez,+12705764120,stephen.rodriguez@outlook.com,Stephen Properties,,Bowling Green,Kentucky,KY,,Buyer,,REIT,0,0,90,A+,Nationwide Lead Gen,NEW
LA-S-0969,Kathleen,Lopez,+13185766149,kathleen.lopez@outlook.com,,5931 Maple Ln,Shreveport,Louisiana,LA,11381,Seller,Eviction,Inherited Family Estate (Probate),788076,340627,90,A+,Nationwide Lead Gen,NEW
LA-B-1014,Christine,Edwards,+13379026286,christine.edwards@yahoo.com,,,Lafayette,Louisiana,LA,,Buyer,,Cash Buyer,0,0,90,A+,Nationwide Lead Gen,NEW
LA-B-1032,Jeffrey,Hernandez,+12259201726,jeffrey.hernandez@yahoo.com,,,Baton Rouge,Louisiana,LA,,Buyer,,Cash Buyer,0,0,90,A+,Nationwide Lead Gen,NEW
MD-S-1092,Gloria,Reyes,+14108412369,gloria.reyes@yahoo.com,,1600 Sunrise Pkwy,Baltimore,Maryland,MD,21294,Seller,Tax Delinquent,Property Needs Major Repairs,127045,265067,90,A+,Nationwide Lead Gen,NEW
MD-S-1102,Nicole,Johnson,+13017308081,nicole.johnson@yahoo.com,,3937 Innovation Pkwy,Rockville,Maryland,MD,45995,Seller,Code Violation,Financial Hardship - Needs Cash,707070,358884,90,A+,Nationwide Lead Gen,NEW
MA-B-1200,Sandra,Howard,+18575087304,sandra.howard@yahoo.com,Sandra Solutions,,Boston,Massachusetts,MA,,Buyer,,Fix & Flip,0,0,90,A+,Nationwide Lead Gen,NEW
MA-B-1207,Mark,Robinson,+18573635712,mark.robinson@gmail.com,,,Boston,Massachusetts,MA,,Buyer,,Cash Buyer,0,0,90,A+,Nationwide Lead Gen,NEW
MI-S-1229,Edward,Long,+15179083347,edward.long@hotmail.com,,5286 Business Ave,Lansing,Michigan,MI,28634,Seller,Pre-Foreclosure,Vacant Property - High Equity,342979,165025,90,A+,Nationwide Lead Gen,NEW
MN-S-1330,Jonathan,Wood,+12183192632,jonathan.wood@outlook.com,,9318 Sunset Rd,Duluth,Minnesota,MN,60062,Seller,Condemned,Vacant Property - High Equity,201697,135852,90,A+,Nationwide Lead Gen,NEW
MS-S-1366,Rosa,Cook,+12287357057,rosa.cook@hotmail.com,,5378 Summit Blvd,Gulfport,Mississippi,MS,59799,Seller,Utility Shutoff,Tax Lien & Pre-Foreclosure Opportunity,255843,315975,90,A+,Nationwide Lead Gen,NEW
MS-S-1378,Brian,Green,+16014415255,brian.green@outlook.com,,5407 Madison Ave,Jackson,Mississippi,MS,39296,Seller,Judgment,Job Relocation - Must Sell Fast,501072,154382,90,A+,Nationwide Lead Gen,NEW
MS-B-1386,Rosa,Morgan,+12286207029,rosa.morgan@outlook.com,Rosa Acquisitions,,Biloxi,Mississippi,MS,,Buyer,,REIT,0,0,90,A+,Nationwide Lead Gen,NEW
MS-B-1387,Jennifer,Brooks,+16015097965,jennifer.brooks@gmail.com,,,Hattiesburg,Mississippi,MS,,Buyer,,Fix & Flip,0,0,90,A+,Nationwide Lead Gen,NEW
MS-B-1390,Elizabeth,Gomez,+12288496701,elizabeth.gomez@yahoo.com,Elizabeth Investments,,Biloxi,Mississippi,MS,,Buyer,,Buy and Hold,0,0,90,A+,Nationwide Lead Gen,NEW
MS-B-1393,Maria,Morgan,+12289705632,maria.morgan@yahoo.com,Maria Home Buyers,,Biloxi,Mississippi,MS,,Buyer,,Investor,0,0,90,A+,Nationwide Lead Gen,NEW
MO-S-1412,Peter,Stewart,+18167705723,peter.stewart@aol.com,,9018 Oak Pl,Independence,Missouri,MO,39496,Seller,High Equity,Tired Landlord - Ready to Exit,740537,124916,90,A+,Nationwide Lead Gen,NEW
MO-B-1446,Dorothy,Alvarez,+14173568134,dorothy.alvarez@yahoo.com,,,Springfield,Missouri,MO,,Buyer,,Property Manager,0,0,90,A+,Nationwide Lead Gen,NEW
MO-B-1469,Ruth,Smith,+14179633564,ruth.smith@yahoo.com,Ruth Holdings,,Springfield,Missouri,MO,,Buyer,,Cash Buyer,0,0,90,A+,Nationwide Lead Gen,NEW
MT-S-1490,Gregory,Williams,+14064472119,gregory.williams@hotmail.com,,583 Maple Rd,Missoula,Montana,MT,72700,Seller,Eviction,Tax Lien & Pre-Foreclosure Opportunity,581272,382123,90,A+,Nationwide Lead Gen,NEW
NV-S-1544,Patrick,Gray,+17753734441,patrick.gray@aol.com,,7674 Business Dr,Reno,Nevada,NV,38612,Seller,Eviction,Tired Landlord - Ready to Exit,634767,314567,90,A+,Nationwide Lead Gen,NEW
NV-S-1547,Raymond,Evans,+17754546506,raymond.evans@gmail.com,,819 Industrial Ave,Reno,Nevada,NV,29768,Seller,Vacant Property,Tax Lien & Pre-Foreclosure Opportunity,395214,172451,90,A+,Nationwide Lead Gen,NEW
NH-S-1562,Donna,Walker,+16032735597,donna.walker@gmail.com,,7493 Lincoln Dr,Manchester,New Hampshire,NH,3184,Seller,Condemned,Property in Probate - Estate Settlement,151202,93090,90,A+,Nationwide Lead Gen,NEW
NJ-S-1605,Linda,Robinson,+19736433160,linda.robinson@gmail.com,,7507 Main Way,Paterson,New Jersey,NJ,64716,Seller,Tax Delinquent,Job Relocation - Must Sell Fast,599526,341217,90,A+,Nationwide Lead Gen,NEW
NJ-B-1653,Debra,Johnson,+19084216976,debra.johnson@yahoo.com,Debra Acquisitions,,Elizabeth,New Jersey,NJ,,Buyer,,REIT,0,0,90,A+,Nationwide Lead Gen,NEW
OH-B-1937,Helen,Jackson,+12165557960,helen.jackson@outlook.com,Helen Realty,,Cleveland,Ohio,OH,,Buyer,,Developer,0,0,90,A+,Nationwide Lead Gen,NEW
OH-B-1948,Carolyn,Hall,+13307768057,carolyn.hall@gmail.com,,,Akron,Ohio,OH,,Buyer,,Cash Buyer,0,0,90,A+,Nationwide Lead Gen,NEW
OK-S-1963,Samantha,Cruz,+14053127461,samantha.cruz@hotmail.com,,2520 Jefferson Pl,Norman,Oklahoma,OK,60781,Seller,Vacant Property,Vacant Property - High Equity,868952,288418,90,A+,Nationwide Lead Gen,NEW
OK-S-1973,Maria,White,+14058131010,maria.white@yahoo.com,,1279 River Pkwy,Oklahoma City,Oklahoma,OK,73134,Seller,Absentee Owner,Tax Lien & Pre-Foreclosure Opportunity,171866,153359,90,A+,Nationwide Lead Gen,NEW
OK-S-1996,Thomas,Castillo,+19184263380,thomas.castillo@aol.com,,214 Vista Ln,Broken Arrow,Oklahoma,OK,26154,Seller,Absentee Owner,Behind on Mortgage Payments,781051,166820,90,A+,Nationwide Lead Gen,NEW
OK-B-2004,Maria,Lewis,+14057331278,maria.lewis@yahoo.com,Maria Solutions,,Norman,Oklahoma,OK,,Buyer,,Fix & Flip,0,0,90,A+,Nationwide Lead Gen,NEW
OK-B-2008,Helen,Collins,+19189891524,helen.collins@yahoo.com,,,Broken Arrow,Oklahoma,OK,,Buyer,,Wholesaler,0,0,90,A+,Nationwide Lead Gen,NEW
RI-S-2189,Timothy,Baker,+14014188512,timothy.baker@outlook.com,,2568 River Ln,Cranston,Rhode Island,RI,21002,Seller,Probate,Job Relocation - Must Sell Fast,228477,105020,90,A+,Nationwide Lead Gen,NEW
SC-S-2207,Carol,Stewart,+18439853946,carol.stewart@outlook.com,,3471 Summit Rd,Myrtle Beach,South Carolina,SC,16177,Seller,Pre-Foreclosure,Divorce Settlement Required,865332,398329,90,A+,Nationwide Lead Gen,NEW
SC-S-2226,Mary,Long,+18438525024,mary.long@hotmail.com,,7984 Washington Pkwy,Myrtle Beach,South Carolina,SC,94422,Seller,Absentee Owner,Absentee Owner - Lives Out of State,563166,244302,90,A+,Nationwide Lead Gen,NEW
SC-B-2263,Dennis,Wood,+18647432787,dennis.wood@gmail.com,Dennis Holdings,,Greenville,South Carolina,SC,,Buyer,,Buy and Hold,0,0,90,A+,Nationwide Lead Gen,NEW
SD-B-2303,Amanda,Foster,+16058163517,amanda.foster@gmail.com,Amanda Home Buyers,,Sioux Falls,South Dakota,SD,,Buyer,,Cash Buyer,0,0,90,A+,Nationwide Lead Gen,NEW
SD-B-2310,Adam,Reed,+16053519819,adam.reed@yahoo.com,,,Sioux Falls,South Dakota,SD,,Buyer,,Fix & Flip,0,0,90,A+,Nationwide Lead Gen,NEW
TN-S-2348,Sylvia,Howard,+18656462088,sylvia.howard@hotmail.com,,1358 Forest Blvd,Knoxville,Tennessee,TN,98656,Seller,Lien,Tax Lien & Pre-Foreclosure Opportunity,421267,114229,90,A+,Nationwide Lead Gen,NEW
UT-S-2468,Peter,Gray,+18016588816,peter.gray@outlook.com,,2540 Madison St,West Valley City,Utah,UT,66639,Seller,Lien,Property Needs Major Repairs,485547,264583,90,A+,Nationwide Lead Gen,NEW
VT-S-2539,David,Nelson,+18022711704,david.nelson@hotmail.com,,6091 Meadow St,Rutland,Vermont,VT,40649,Seller,High Equity,Property in Probate - Estate Settlement,275154,352531,90,A+,Nationwide Lead Gen,NEW
VT-S-2554,Kathleen,Ortiz,+18022808946,kathleen.ortiz@hotmail.com,,6895 River Ave,Montpelier,Vermont,VT,79621,Seller,Eviction,Inherited Family Estate (Probate),550162,388313,90,A+,Nationwide Lead Gen,NEW
VA-S-2581,Ryan,Lopez,+17033777357,ryan.lopez@yahoo.com,,4673 Cedar St,Arlington,Virginia,VA,97487,Seller,Eviction,Tax Lien & Pre-Foreclosure Opportunity,255942,73746,90,A+,Nationwide Lead Gen,NEW
VA-S-2582,Judy,Smith,+17039027860,judy.smith@hotmail.com,,5259 Monroe Ct,Arlington,Virginia,VA,18027,Seller,Utility Shutoff,Absentee Owner - Lives Out of State,525335,325947,90,A+,Nationwide Lead Gen,NEW
VA-B-2635,Jonathan,Taylor,+17572988940,jonathan.taylor@yahoo.com,Jonathan Investments,,Virginia Beach,Virginia,VA,,Buyer,,Fix & Flip,0,0,90,A+,Nationwide Lead Gen,NEW
WA-S-2653,Justin,Cooper,+14257675517,justin.cooper@outlook.com,,2193 Main Ave,Bellevue,Washington,WA,73967,Seller,Bankruptcy,Inherited Family Estate (Probate),429386,354062,90,A+,Nationwide Lead Gen,NEW
WV-S-2728,Douglas,Rogers,+13045284360,douglas.rogers@outlook.com,,5317 Commerce Ave,Morgantown,West Virginia,WV,48589,Seller,Condemned,Inherited Family Estate (Probate),442952,271499,90,A+,Nationwide Lead Gen,NEW
WI-S-2749,Angela,Patel,+19208073899,angela.patel@hotmail.com,,9000 Elm Blvd,Green Bay,Wisconsin,WI,72922,Seller,Tax Delinquent,Avoiding Foreclosure Auction,364994,40263,90,A+,Nationwide Lead Gen,NEW
WY-S-2838,Dorothy,Ramos,+13075666792,dorothy.ramos@gmail.com,,3317 Main Ln,Laramie,Wyoming,WY,27263,Seller,Judgment,Tax Lien & Pre-Foreclosure Opportunity,793927,153252,90,A+,Nationwide Lead Gen,NEW
WY-B-2845,Karen,Gomez,+13077532607,karen.gomez@yahoo.com,,,Laramie,Wyoming,WY,,Buyer,,Cash Buyer,0,0,90,A+,Nationwide Lead Gen,NEW
AK-B-0098,Dennis,Martin,+19076904897,dennis.martin@yahoo.com,Dennis Investments,,Juneau,Alaska,AK,,Buyer,,Investor,0,0,89,A,Nationwide Lead Gen,NEW
AK-B-0101,Rosa,Nelson,+19076406846,rosa.nelson@gmail.com,Rosa Realty,,Fairbanks,Alaska,AK,,Buyer,,Cash Buyer,0,0,89,A,Nationwide Lead Gen,NEW
AZ-S-0124,Douglas,Anderson,+15204581466,douglas.anderson@aol.com,,4751 Highland Ave,Tucson,Arizona,AZ,85727,Seller,Eviction,Tax Lien & Pre-Foreclosure Opportunity,948363,206040,89,A,Nationwide Lead Gen,NEW
AZ-S-0129,Katherine,Bennett,+16026705652,katherine.bennett@outlook.com,,9316 Washington Pl,Mesa,Arizona,AZ,35203,Seller,Probate,Distressed Property - Code Violations,643720,152611,89,A,Nationwide Lead Gen,NEW
AZ-B-0158,Gary,Lewis,+14806472432,gary.lewis@outlook.com,Gary Realty,,Chandler,Arizona,AZ,,Buyer,,Property Manager,0,0,89,A,Nationwide Lead Gen,NEW
AR-B-0209,Mark,Evans,+14797297966,mark.evans@outlook.com,Mark Home Buyers,,Fort Smith,Arkansas,AR,,Buyer,,Investor,0,0,89,A,Nationwide Lead Gen,NEW
CA-S-0251,Carol,Sanchez,+15597243852,carol.sanchez@hotmail.com,,3411 Hickory St,Fresno,California,CA,81949,Seller,Utility Shutoff,Property in Probate - Estate Settlement,557384,291165,89,A,Nationwide Lead Gen,NEW
CO-B-0341,Lisa,Foster,+19703947809,lisa.foster@yahoo.com,Lisa Home Buyers,,Fort Collins,Colorado,CO,,Buyer,,Buy and Hold,0,0,89,A,Nationwide Lead Gen,NEW
CO-B-0345,Nancy,Mendoza,+19704501091,nancy.mendoza@outlook.com,Nancy Home Buyers,,Fort Collins,Colorado,CO,,Buyer,,Investor,0,0,89,A,Nationwide Lead Gen,NEW
CT-S-0400,Jack,Jimenez,+14757134155,jack.jimenez@yahoo.com,,2110 Technology Ave,New Haven,Connecticut,CT,20397,Seller,Tax Delinquent,Tired Landlord - Ready to Exit,150464,61171,89,A,Nationwide Lead Gen,NEW
IL-S-0682,Gloria,Chavez,+16309676795,gloria.chavez@aol.com,,4092 Elm Rd,Aurora,Illinois,IL,95294,Seller,Probate,Avoiding Foreclosure Auction,650130,95335,89,A,Nationwide Lead Gen,NEW
IL-S-0711,Carmen,Walker,+13318501965,carmen.walker@hotmail.com,,6023 Summit St,Naperville,Illinois,IL,24953,Seller,Tax Delinquent,Absentee Owner - Lives Out of State,895653,237238,89,A,Nationwide Lead Gen,NEW
IL-S-0715,Kimberly,Anderson,+16305528738,kimberly.anderson@outlook.com,,2092 Lake Ct,Aurora,Illinois,IL,19844,Seller,Condemned,Job Relocation - Must Sell Fast,190474,204734,89,A,Nationwide Lead Gen,NEW
IL-S-0716,William,Edwards,+12177602770,william.edwards@yahoo.com,,7624 Forest Way,Springfield,Illinois,IL,83333,Seller,Utility Shutoff,Job Relocation - Must Sell Fast,548161,165047,89,A,Nationwide Lead Gen,NEW
IL-B-0745,John,Adams,+12173658680,john.adams@gmail.com,John Holdings,,Springfield,Illinois,IL,,Buyer,,Cash Buyer,0,0,89,A,Nationwide Lead Gen,NEW
IN-S-0758,Donna,Long,+12607154697,donna.long@gmail.com,,6611 Peak Way,Fort Wayne,Indiana,IN,14495,Seller,Tax Delinquent,Out-of-State Absentee Landlord,693874,228818,89,A,Nationwide Lead Gen,NEW
IN-S-0762,Alexander,Long,+12606469574,alexander.long@aol.com,,2606 Adams Ave,Fort Wayne,Indiana,IN,19985,Seller,Pre-Foreclosure,Out-of-State Absentee Landlord,575454,240682,89,A,Nationwide Lead Gen,NEW
KS-S-0865,Henry,Mitchell,+19139025508,henry.mitchell@hotmail.com,,7260 Birch Blvd,Overland Park,Kansas,KS,51863,Seller,Bankruptcy,Behind on Mortgage Payments,780064,181996,89,A,Nationwide Lead Gen,NEW
LA-S-0964,Sharon,Peterson,+15049764324,sharon.peterson@aol.com,,9758 Forest Blvd,New Orleans,Louisiana,LA,70169,Seller,Absentee Owner,Avoiding Foreclosure Auction,644180,329783,89,A,Nationwide Lead Gen,NEW
ME-S-1043,Jason,Adams,+12074822826,jason.adams@aol.com,,6018 Enterprise St,Bangor,Maine,ME,50796,Seller,Pre-Foreclosure,Absentee Owner - Lives Out of State,927672,283639,89,A,Nationwide Lead Gen,NEW
ME-S-1050,Emily,Murphy,+12075014242,emily.murphy@hotmail.com,,4937 Elm St,Portland,Maine,ME,4131,Seller,Tax Delinquent,Out-of-State Absentee Landlord,908208,255201,89,A,Nationwide Lead Gen,NEW
MD-B-1140,Timothy,Sanchez,+13013901373,timothy.sanchez@gmail.com,Timothy Acquisitions,,Gaithersburg,Maryland,MD,,Buyer,,Buy and Hold,0,0,89,A,Nationwide Lead Gen,NEW
MA-S-1168,Christopher,Moore,+14137923635,christopher.moore@hotmail.com,,4766 Washington Ct,Springfield,Massachusetts,MA,36720,Seller,Pre-Foreclosure,Out-of-State Absentee Landlord,426593,145995,89,A,Nationwide Lead Gen,NEW
MI-B-1285,Ruth,Cook,+16169409524,ruth.cook@gmail.com,Ruth Solutions,,Grand Rapids,Michigan,MI,,Buyer,,Fix & Flip,0,0,89,A,Nationwide Lead Gen,NEW
MO-S-1438,Charles,Turner,+18169486408,charles.turner@yahoo.com,,5370 Creek Dr,Kansas City,Missouri,MO,64158,Seller,Lien,Behind on Mortgage Payments,946940,210910,89,A,Nationwide Lead Gen,NEW
MO-B-1449,Anthony,Edwards,+14174589977,anthony.edwards@yahoo.com,Anthony Investments,,Springfield,Missouri,MO,,Buyer,,Property Manager,0,0,89,A,Nationwide Lead Gen,NEW
MO-B-1468,Katherine,Scott,+18168769362,katherine.scott@yahoo.com,,,Independence,Missouri,MO,,Buyer,,Buy and Hold,0,0,89,A,Nationwide Lead Gen,NEW
MT-S-1478,Scott,Phillips,+14064794890,scott.phillips@aol.com,,5663 Meadow Dr,Missoula,Montana,MT,57867,Seller,Eviction,Behind on Mortgage Payments,873853,390166,89,A,Nationwide Lead Gen,NEW
MT-B-1491,Sandra,Bennett,+14063143589,sandra.bennett@yahoo.com,Sandra Home Buyers,,Missoula,Montana,MT,,Buyer,,Property Manager,0,0,89,A,Nationwide Lead Gen,NEW
NE-S-1511,Barbara,Roberts,+14023606827,barbara.roberts@hotmail.com,,1633 River Ln,Omaha,Nebraska,NE,68111,Seller,Bankruptcy,Vacant Property - High Equity,554455,115345,89,A,Nationwide Lead Gen,NEW
NH-S-1572,Jason,Phillips,+16033089396,jason.phillips@gmail.com,,5532 Business Ct,Concord,New Hampshire,NH,17754,Seller,Probate,Avoiding Foreclosure Auction,411694,295196,89,A,Nationwide Lead Gen,NEW
NJ-B-1652,Nicholas,Ramirez,+19737178022,nicholas.ramirez@yahoo.com,Nicholas Realty,,Paterson,New Jersey,NJ,,Buyer,,Wholesaler,0,0,89,A,Nationwide Lead Gen,NEW
NC-S-1779,Sarah,Brooks,+19193948186,sarah.brooks@aol.com,,2645 Harrison Dr,Durham,North Carolina,NC,25869,Seller,Code Violation,Inherited Family Estate (Probate),804056,254873,89,A,Nationwide Lead Gen,NEW
NC-S-1808,Larry,Nelson,+13368302675,larry.nelson@hotmail.com,,9750 Commerce Rd,Greensboro,North Carolina,NC,25355,Seller,Vacant Property,Tired Landlord - Ready to Exit,217063,325311,89,A,Nationwide Lead Gen,NEW
ND-S-1853,Betty,Nguyen,+17015812639,betty.nguyen@outlook.com,,9248 Technology Rd,Grand Forks,North Dakota,ND,46274,Seller,Judgment,Vacant Property - High Equity,547855,135953,89,A,Nationwide Lead Gen,NEW
OH-S-1922,Jerry,Edwards,+12169245953,jerry.edwards@yahoo.com,,564 Cedar Way,Cleveland,Ohio,OH,67788,Seller,Vacant Property,Divorce Settlement Required,422029,365592,89,A,Nationwide Lead Gen,NEW
OH-B-1935,Tyler,Martinez,+15136474588,tyler.martinez@gmail.com,Tyler Home Buyers,,Cincinnati,Ohio,OH,,Buyer,,Developer,0,0,89,A,Nationwide Lead Gen,NEW
OH-B-1941,Kathleen,Cook,+12164761701,kathleen.cook@gmail.com,,,Cleveland,Ohio,OH,,Buyer,,Wholesaler,0,0,89,A,Nationwide Lead Gen,NEW
OK-S-1968,Jessica,Brooks,+14058586973,jessica.brooks@yahoo.com,,5795 Oak Ave,Oklahoma City,Oklahoma,OK,73176,Seller,Code Violation,Tax Lien & Pre-Foreclosure Opportunity,168138,283677,89,A,Nationwide Lead Gen,NEW
OR-S-2065,Barbara,Carter,+15412101875,barbara.carter@outlook.com,,3984 Washington Pl,Eugene,Oregon,OR,76336,Seller,Tax Delinquent,Inherited Family Estate (Probate),915290,166977,89,A,Nationwide Lead Gen,NEW
PA-B-2172,Michelle,Torres,+16102457805,michelle.torres@yahoo.com,Michelle Capital,,Allentown,Pennsylvania,PA,,Buyer,,Buy and Hold,0,0,89,A,Nationwide Lead Gen,NEW
RI-B-2201,Rebecca,Bennett,+14014631199,rebecca.bennett@outlook.com,,,Warwick,Rhode Island,RI,,Buyer,,Cash Buyer,0,0,89,A,Nationwide Lead Gen,NEW
RI-B-2205,Peter,Peterson,+14017432495,peter.peterson@yahoo.com,Peter Properties,,Cranston,Rhode Island,RI,,Buyer,,Wholesaler,0,0,89,A,Nationwide Lead Gen,NEW
SC-S-2208,Amy,Foster,+18643687847,amy.foster@outlook.com,,5922 Enterprise Pkwy,Greenville,South Carolina,SC,66328,Seller,Judgment,Divorce Settlement Required,761006,208728,89,A,Nationwide Lead Gen,NEW
SC-S-2214,Mark,Smith,+18032698725,mark.smith@aol.com,,7505 Creek Ln,Columbia,South Carolina,SC,17871,Seller,Lien,Inherited Family Estate (Probate),238317,395082,89,A,Nationwide Lead Gen,NEW
SD-B-2304,Heather,King,+16058201244,heather.king@outlook.com,,,Aberdeen,South Dakota,SD,,Buyer,,Wholesaler,0,0,89,A,Nationwide Lead Gen,NEW
TN-S-2334,Gregory,Green,+14236365750,gregory.green@yahoo.com,,9450 Business St,Chattanooga,Tennessee,TN,79454,Seller,Fire Damage,Distressed Property - Code Violations,278442,311796,89,A,Nationwide Lead Gen,NEW
TN-S-2345,James,Gutierrez,+18657564354,james.gutierrez@gmail.com,,886 Maple Ct,Knoxville,Tennessee,TN,95732,Seller,Judgment,Job Relocation - Must Sell Fast,946576,90834,89,A,Nationwide Lead Gen,NEW
TN-B-2365,Ryan,Garcia,+18658257122,ryan.garcia@gmail.com,Ryan Acquisitions,,Knoxville,Tennessee,TN,,Buyer,,Developer,0,0,89,A,Nationwide Lead Gen,NEW
TX-S-2416,Christopher,Hughes,+17375088529,christopher.hughes@gmail.com,,9717 Walnut Pkwy,Austin,Texas,TX,11259,Seller,Tax Delinquent,Property in Probate - Estate Settlement,144631,66895,89,A,Nationwide Lead Gen,NEW
TX-B-2449,Carol,Cook,+19153344171,carol.cook@gmail.com,Carol Holdings,,El Paso,Texas,TX,,Buyer,,Cash Buyer,0,0,89,A,Nationwide Lead Gen,NEW
TX-B-2454,Thomas,Turner,+12142733960,thomas.turner@gmail.com,,,Dallas,Texas,TX,,Buyer,,Property Manager,0,0,89,A,Nationwide Lead Gen,NEW
UT-S-2461,Ronald,Scott,+18016685530,ronald.scott@gmail.com,,5823 Meadow Ave,Provo,Utah,UT,49247,Seller,Eviction,Financial Hardship - Needs Cash,827965,237059,89,A,Nationwide Lead Gen,NEW
UT-S-2465,Ashley,Thompson,+18012238473,ashley.thompson@yahoo.com,,5240 Walnut St,West Valley City,Utah,UT,88484,Seller,Condemned,Property Needs Major Repairs,537316,315974,89,A,Nationwide Lead Gen,NEW
UT-B-2513,Betty,Wood,+18017343441,betty.wood@gmail.com,Betty Home Buyers,,West Valley City,Utah,UT,,Buyer,,Investor,0,0,89,A,Nationwide Lead Gen,NEW
VA-S-2590,Patricia,Roberts,+17575307287,patricia.roberts@gmail.com,,3049 Forest Pl,Virginia Beach,Virginia,VA,23493,Seller,Probate,Property Needs Major Repairs,806652,184745,89,A,Nationwide Lead Gen,NEW
VA-S-2594,Emily,Hall,+17572287526,emily.hall@gmail.com,,1434 Hickory Ct,Virginia Beach,Virginia,VA,23486,Seller,Absentee Owner,Vacant Property - High Equity,517291,293424,89,A,Nationwide Lead Gen,NEW
VA-S-2604,Richard,Alvarez,+17033912043,richard.alvarez@aol.com,,6404 Jefferson Rd,Arlington,Virginia,VA,62249,Seller,High Equity,Divorce Settlement Required,141739,139255,89,A,Nationwide Lead Gen,NEW
VA-S-2611,Carol,Allen,+17573857768,carol.allen@aol.com,,2452 Creek Way,Virginia Beach,Virginia,VA,23475,Seller,Vacant Property,Avoiding Foreclosure Auction,698761,209457,89,A,Nationwide Lead Gen,NEW
WA-B-2707,Joseph,Morgan,+15093273263,joseph.morgan@yahoo.com,,,Spokane,Washington,WA,,Buyer,,Buy and Hold,0,0,89,A,Nationwide Lead Gen,NEW
WI-S-2779,Gloria,Richardson,+14142237437,gloria.richardson@gmail.com,,2292 Canyon Dr,Milwaukee,Wisconsin,WI,53243,Seller,Probate,Vacant Property - High Equity,137102,60702,89,A,Nationwide Lead Gen,NEW
WI-B-2818,Ruth,Wood,+14145195975,ruth.wood@outlook.com,,,Milwaukee,Wisconsin,WI,,Buyer,,Cash Buyer,0,0,89,A,Nationwide Lead Gen,NEW
WY-B-2841,Shirley,Wright,+13075863517,shirley.wright@gmail.com,Shirley Acquisitions,,Laramie,Wyoming,WY,,Buyer,,Investor,0,0,89,A,Nationwide Lead Gen,NEW
AL-S-0044,Irene,Miller,+16593447815,irene.miller@gmail.com,,9765 Ridge Ave,Birmingham,Alabama,AL,35288,Seller,Utility Shutoff,Job Relocation - Must Sell Fast,376669,295948,88,A,Nationwide Lead Gen,NEW
AL-B-0061,Laura,Gray,+12514371920,laura.gray@outlook.com,,,Mobile,Alabama,AL,,Buyer,,REIT,0,0,88,A,Nationwide Lead Gen,NEW
AK-S-0090,Ryan,Ruiz,+19073641855,ryan.ruiz@aol.com,,2896 Birch Ln,Anchorage,Alaska,AK,99555,Seller,Code Violation,Tax Lien & Pre-Foreclosure Opportunity,813918,51441,88,A,Nationwide Lead Gen,NEW
AZ-S-0106,Lisa,Adams,+16237458359,lisa.adams@hotmail.com,,9497 Garden Blvd,Phoenix,Arizona,AZ,85097,Seller,Tax Delinquent,Absentee Owner - Lives Out of State,189773,71728,88,A,Nationwide Lead Gen,NEW
AZ-B-0175,Stephanie,Garcia,+16027637476,stephanie.garcia@yahoo.com,,,Mesa,Arizona,AZ,,Buyer,,Cash Buyer,0,0,88,A,Nationwide Lead Gen,NEW
AR-B-0204,Judy,Martin,+14798866699,judy.martin@yahoo.com,,,Fayetteville,Arkansas,AR,,Buyer,,Cash Buyer,0,0,88,A,Nationwide Lead Gen,NEW
CA-S-0232,Carlos,Hernandez,+14152613226,carlos.hernandez@yahoo.com,,5171 Forest Blvd,San Francisco,California,CA,45015,Seller,High Equity,Inherited Property - Not Interested,714717,245956,88,A,Nationwide Lead Gen,NEW
CA-S-0258,Ashley,Ortiz,+14157992267,ashley.ortiz@yahoo.com,,3524 Industrial Ln,San Francisco,California,CA,27895,Seller,Code Violation,Avoiding Foreclosure Auction,354466,130254,88,A,Nationwide Lead Gen,NEW
CA-B-0262,Betty,Williams,+19167877250,betty.williams@yahoo.com,,,Sacramento,California,CA,,Buyer,,Fix & Flip,0,0,88,A,Nationwide Lead Gen,NEW
CA-B-0282,Barbara,Ward,+15109934736,barbara.ward@outlook.com,Barbara Solutions,,Oakland,California,CA,,Buyer,,Developer,0,0,88,A,Nationwide Lead Gen,NEW
CO-S-0304,Ronald,Stewart,+13034696702,ronald.stewart@hotmail.com,,2400 Lake Pkwy,Denver,Colorado,CO,80233,Seller,Condemned,Job Relocation - Must Sell Fast,542630,151271,88,A,Nationwide Lead Gen,NEW
CO-B-0353,Jeffrey,Ramirez,+17204135883,jeffrey.ramirez@gmail.com,,,Denver,Colorado,CO,,Buyer,,Wholesaler,0,0,88,A,Nationwide Lead Gen,NEW
CO-B-0359,Stephen,Gray,+19709651586,stephen.gray@gmail.com,,,Fort Collins,Colorado,CO,,Buyer,,Investor,0,0,88,A,Nationwide Lead Gen,NEW
CT-B-0434,Thomas,Martin,+12033431565,thomas.martin@gmail.com,,,Stamford,Connecticut,CT,,Buyer,,Property Manager,0,0,88,A,Nationwide Lead Gen,NEW
FL-S-0470,Larry,Peterson,+18132682604,larry.peterson@yahoo.com,,624 Adams Dr,Tampa,Florida,FL,94356,Seller,Pre-Foreclosure,Vacant Property - High Equity,443549,91837,88,A,Nationwide Lead Gen,NEW
FL-B-0534,Raymond,Reyes,+16899812515,raymond.reyes@yahoo.com,Raymond Home Buyers,,Orlando,Florida,FL,,Buyer,,Cash Buyer,0,0,88,A,Nationwide Lead Gen,NEW
GA-S-0573,Susan,Anderson,+17064523174,susan.anderson@aol.com,,3520 Birch Rd,Augusta,Georgia,GA,47348,Seller,Bankruptcy,Inherited Family Estate (Probate),884105,299972,88,A,Nationwide Lead Gen,NEW
GA-B-0608,Harold,Wright,+19129854963,harold.wright@outlook.com,Harold Home Buyers,,Savannah,Georgia,GA,,Buyer,,Developer,0,0,88,A,Nationwide Lead Gen,NEW
ID-S-0663,Angela,Carter,+12083088747,angela.carter@hotmail.com,,168 Industrial Way,Idaho Falls,Idaho,ID,12345,Seller,Utility Shutoff,Inherited Property - Not Interested,488209,264782,88,A,Nationwide Lead Gen,NEW
IL-S-0678,Elizabeth,Mitchell,+13317063513,elizabeth.mitchell@outlook.com,,6363 Chestnut Dr,Naperville,Illinois,IL,47104,Seller,Lien,Out-of-State Absentee Landlord,850507,284228,88,A,Nationwide Lead Gen,NEW
IL-B-0733,Eric,Sanders,+16309177401,eric.sanders@outlook.com,Eric Realty,,Aurora,Illinois,IL,,Buyer,,Property Manager,0,0,88,A,Nationwide Lead Gen,NEW
IL-B-0747,Christopher,Cooper,+16308896027,christopher.cooper@gmail.com,,,Aurora,Illinois,IL,,Buyer,,Fix & Flip,0,0,88,A,Nationwide Lead Gen,NEW
IN-S-0764,Stephen,Johnson,+12604334632,stephen.johnson@gmail.com,,7899 Cedar Dr,Fort Wayne,Indiana,IN,76177,Seller,Vacant Property,Behind on Mortgage Payments,535352,118730,88,A,Nationwide Lead Gen,NEW
IN-B-0814,Nancy,Ortiz,+12604652104,nancy.ortiz@yahoo.com,Nancy Acquisitions,,Fort Wayne,Indiana,IN,,Buyer,,Property Manager,0,0,88,A,Nationwide Lead Gen,NEW
IN-B-0816,Sharon,Ward,+18125663199,sharon.ward@yahoo.com,Sharon Acquisitions,,Evansville,Indiana,IN,,Buyer,,Fix & Flip,0,0,88,A,Nationwide Lead Gen,NEW
IA-B-0849,Andrew,Chavez,+15637377602,andrew.chavez@outlook.com,Andrew Investments,,Davenport,Iowa,IA,,Buyer,,Cash Buyer,0,0,88,A,Nationwide Lead Gen,NEW
KY-S-0896,Ruth,Watson,+18597613059,ruth.watson@gmail.com,,7708 Peak Ct,Covington,Kentucky,KY,95544,Seller,Lien,Behind on Mortgage Payments,516432,206297,88,A,Nationwide Lead Gen,NEW
KY-S-0906,Charles,Wilson,+18597021911,charles.wilson@outlook.com,,6186 Creek Ln,Lexington,Kentucky,KY,18918,Seller,Tax Delinquent,Divorce Settlement Required,468071,163953,88,A,Nationwide Lead Gen,NEW
KY-S-0923,Andrew,Price,+15029724862,andrew.price@hotmail.com,,3609 Monroe Ln,Louisville,Kentucky,KY,40289,Seller,Probate,Property in Probate - Estate Settlement,700934,93012,88,A,Nationwide Lead Gen,NEW
LA-S-0976,Jerry,Miller,+12254596631,jerry.miller@hotmail.com,,2232 Garden Pl,Baton Rouge,Louisiana,LA,53742,Seller,Condemned,Financial Hardship - Needs Cash,733092,249670,88,A,Nationwide Lead Gen,NEW
ME-S-1045,William,Evans,+12075665830,william.evans@gmail.com,,9196 Walnut Dr,Lewiston,Maine,ME,94833,Seller,Probate,Vacant Property - High Equity,551741,46153,88,A,Nationwide Lead Gen,NEW
MD-S-1077,Catherine,Martinez,+12402408194,catherine.martinez@gmail.com,,8588 Forest Ln,Rockville,Maryland,MD,51261,Seller,High Equity,Financial Hardship - Needs Cash,319110,222729,88,A,Nationwide Lead Gen,NEW
MD-S-1081,Carolyn,Wood,+12405451115,carolyn.wood@gmail.com,,103 Business Rd,Rockville,Maryland,MD,18898,Seller,Fire Damage,Property Needs Major Repairs,651454,93709,88,A,Nationwide Lead Gen,NEW
MD-S-1088,Maria,Cook,+14434757580,maria.cook@outlook.com,,8407 Innovation Ln,Baltimore,Maryland,MD,21244,Seller,Pre-Foreclosure,Tired Landlord - Ready to Exit,688291,259297,88,A,Nationwide Lead Gen,NEW
MA-S-1151,Carlos,Morgan,+17745856200,carlos.morgan@outlook.com,,459 Canyon Ave,Worcester,Massachusetts,MA,45097,Seller,Judgment,Vacant Property - High Equity,455114,167589,88,A,Nationwide Lead Gen,NEW
MA-B-1198,Rosa,Gomez,+15089561089,rosa.gomez@yahoo.com,Rosa Solutions,,Worcester,Massachusetts,MA,,Buyer,,Cash Buyer,0,0,88,A,Nationwide Lead Gen,NEW
MA-B-1212,Ashley,Martin,+16174209088,ashley.martin@outlook.com,,,Cambridge,Massachusetts,MA,,Buyer,,Developer,0,0,88,A,Nationwide Lead Gen,NEW
MI-B-1266,Michael,Cruz,+15174938609,michael.cruz@yahoo.com,,,Lansing,Michigan,MI,,Buyer,,Fix & Flip,0,0,88,A,Nationwide Lead Gen,NEW
MO-S-1404,Patricia,Nguyen,+18164867059,patricia.nguyen@hotmail.com,,4739 Enterprise Pkwy,Independence,Missouri,MO,52731,Seller,Lien,Inherited Family Estate (Probate),300071,68384,88,A,Nationwide Lead Gen,NEW
MO-B-1460,Benjamin,Garcia,+18162461454,benjamin.garcia@gmail.com,Benjamin Properties,,Kansas City,Missouri,MO,,Buyer,,Developer,0,0,88,A,Nationwide Lead Gen,NEW
MO-B-1464,Andrew,Perez,+18168527914,andrew.perez@outlook.com,,,Kansas City,Missouri,MO,,Buyer,,REIT,0,0,88,A,Nationwide Lead Gen,NEW
MO-B-1466,Thomas,Scott,+16365993197,thomas.scott@yahoo.com,,,St. Louis,Missouri,MO,,Buyer,,Investor,0,0,88,A,Nationwide Lead Gen,NEW
MT-B-1498,Richard,Richardson,+14065075736,richard.richardson@yahoo.com,,,Billings,Montana,MT,,Buyer,,Developer,0,0,88,A,Nationwide Lead Gen,NEW
MT-B-1500,Richard,Ruiz,+14065732334,richard.ruiz@yahoo.com,Richard Acquisitions,,Missoula,Montana,MT,,Buyer,,Investor,0,0,88,A,Nationwide Lead Gen,NEW
NH-S-1561,Elena,Baker,+16036637618,elena.baker@yahoo.com,,3708 Summit Ln,Nashua,New Hampshire,NH,53064,Seller,Probate,Job Relocation - Must Sell Fast,539682,174556,88,A,Nationwide Lead Gen,NEW
NH-S-1567,Jason,Smith,+16036939667,jason.smith@gmail.com,,4483 Park Rd,Manchester,New Hampshire,NH,3159,Seller,Tax Delinquent,Tax Lien & Pre-Foreclosure Opportunity,465113,41911,88,A,Nationwide Lead Gen,NEW
NJ-S-1615,Larry,Howard,+19737125871,larry.howard@hotmail.com,,3784 Elm Blvd,Newark,New Jersey,NJ,7180,Seller,High Equity,Distressed Property - Code Violations,396916,370197,88,A,Nationwide Lead Gen,NEW
NM-S-1685,Harold,Anderson,+15057277327,harold.anderson@yahoo.com,,168 Washington St,Santa Fe,New Mexico,NM,88162,Seller,Fire Damage,Property Needs Major Repairs,710804,318982,88,A,Nationwide Lead Gen,NEW
NY-S-1744,Steven,Gomez,+19177847680,steven.gomez@gmail.com,,9829 Peak Rd,New York City,New York,NY,10068,Seller,Bankruptcy,Behind on Mortgage Payments,334570,378915,88,A,Nationwide Lead Gen,NEW
NC-B-1830,Scott,Foster,+17047849176,scott.foster@gmail.com,Scott Capital,,Charlotte,North Carolina,NC,,Buyer,,REIT,0,0,88,A,Nationwide Lead Gen,NEW
ND-S-1856,Rosa,Johnson,+17014562078,rosa.johnson@aol.com,,1420 Garden St,Bismarck,North Dakota,ND,17074,Seller,Judgment,Distressed Property - Code Violations,421764,70834,88,A,Nationwide Lead Gen,NEW
OH-B-1946,Barbara,Kelly,+16149381120,barbara.kelly@yahoo.com,,,Columbus,Ohio,OH,,Buyer,,Investor,0,0,88,A,Nationwide Lead Gen,NEW
OK-B-2015,Nicholas,Richardson,+14054936051,nicholas.richardson@yahoo.com,,,Oklahoma City,Oklahoma,OK,,Buyer,,Developer,0,0,88,A,Nationwide Lead Gen,NEW
OR-S-2027,Jeffrey,Kim,+19717288888,jeffrey.kim@yahoo.com,,593 Washington Pkwy,Portland,Oregon,OR,97280,Seller,Probate,Vacant Property - High Equity,772979,296386,88,A,Nationwide Lead Gen,NEW
OR-S-2066,Gloria,Robinson,+15038696338,gloria.robinson@gmail.com,,2903 Technology St,Salem,Oregon,OR,54510,Seller,Fire Damage,Inherited Family Estate (Probate),625054,255664,88,A,Nationwide Lead Gen,NEW
PA-S-2102,Brian,Rivera,+18782617783,brian.rivera@yahoo.com,,6736 Pine Pl,Pittsburgh,Pennsylvania,PA,34398,Seller,Eviction,Tired Landlord - Ready to Exit,776665,371324,88,A,Nationwide Lead Gen,NEW
PA-S-2116,Carmen,Morales,+16106165300,carmen.morales@gmail.com,,3171 Chestnut Blvd,Allentown,Pennsylvania,PA,47909,Seller,High Equity,Vacant Property - High Equity,595487,213196,88,A,Nationwide Lead Gen,NEW
PA-B-2164,Edward,Sanders,+12673908455,edward.sanders@gmail.com,Edward Home Buyers,,Philadelphia,Pennsylvania,PA,,Buyer,,Cash Buyer,0,0,88,A,Nationwide Lead Gen,NEW
RI-S-2176,Heather,Watson,+14014294567,heather.watson@aol.com,,5368 Summit Ct,Cranston,Rhode Island,RI,47706,Seller,Probate,Out-of-State Absentee Landlord,363461,308292,88,A,Nationwide Lead Gen,NEW
SD-S-2286,Paul,White,+16052237566,paul.white@outlook.com,,3163 Sunset Rd,Aberdeen,South Dakota,SD,29442,Seller,Probate,Out-of-State Absentee Landlord,719736,237766,88,A,Nationwide Lead Gen,NEW
TN-B-2376,Patricia,Long,+14236078248,patricia.long@yahoo.com,,,Chattanooga,Tennessee,TN,,Buyer,,Buy and Hold,0,0,88,A,Nationwide Lead Gen,NEW
TN-B-2382,Yolanda,Richardson,+18654721803,yolanda.richardson@gmail.com,Yolanda Solutions,,Knoxville,Tennessee,TN,,Buyer,,REIT,0,0,88,A,Nationwide Lead Gen,NEW
TX-B-2455,Harold,Kelly,+19156271013,harold.kelly@yahoo.com,,,El Paso,Texas,TX,,Buyer,,Investor,0,0,88,A,Nationwide Lead Gen,NEW
UT-S-2480,Maria,Morris,+18012304862,maria.morris@hotmail.com,,1161 Sunrise Blvd,West Valley City,Utah,UT,87321,Seller,Code Violation,Absentee Owner - Lives Out of State,696093,287042,88,A,Nationwide Lead Gen,NEW
UT-S-2490,Harold,Thompson,+18012113597,harold.thompson@aol.com,,4672 Lincoln Pl,Provo,Utah,UT,22992,Seller,Fire Damage,Property Needs Major Repairs,830807,194566,88,A,Nationwide Lead Gen,NEW
VA-S-2579,Carol,Watson,+17036419440,carol.watson@gmail.com,,3113 Commerce Ave,Arlington,Virginia,VA,14132,Seller,Bankruptcy,Divorce Settlement Required,657301,128734,88,A,Nationwide Lead Gen,NEW
VA-S-2615,Pamela,Morgan,+17574074835,pamela.morgan@hotmail.com,,617 Park Ave,Virginia Beach,Virginia,VA,23471,Seller,Code Violation,Property in Probate - Estate Settlement,561028,334113,88,A,Nationwide Lead Gen,NEW
WA-S-2664,Angela,Baker,+12063503347,angela.baker@outlook.com,,178 Harrison St,Seattle,Washington,WA,98152,Seller,Judgment,Inherited Property - Not Interested,942965,79658,88,A,Nationwide Lead Gen,NEW
WI-S-2752,Jessica,Smith,+12625129131,jessica.smith@hotmail.com,,4552 Birch Ave,Kenosha,Wisconsin,WI,37319,Seller,Code Violation,Financial Hardship - Needs Cash,459020,393669,88,A,Nationwide Lead Gen,NEW
WI-S-2776,Samuel,Nelson,+19209262662,samuel.nelson@gmail.com,,2234 Peak Ln,Green Bay,Wisconsin,WI,33327,Seller,Bankruptcy,Inherited Property - Not Interested,632924,52460,88,A,Nationwide Lead Gen,NEW
WI-S-2794,Jeffrey,Green,+12623535743,jeffrey.green@hotmail.com,,4842 Commerce Blvd,Kenosha,Wisconsin,WI,60483,Seller,Probate,Tired Landlord - Ready to Exit,497914,105734,88,A,Nationwide Lead Gen,NEW
WI-B-2796,Amanda,Evans,+14146063212,amanda.evans@outlook.com,Amanda Capital,,Milwaukee,Wisconsin,WI,,Buyer,,Cash Buyer,0,0,88,A,Nationwide Lead Gen,NEW
AL-S-0041,Donna,Miller,+13349438683,donna.miller@aol.com,,9750 Summit Ct,Montgomery,Alabama,AL,36127,Seller,Condemned,Distressed Property - Code Violations,326550,157610,87,A,Nationwide Lead Gen,NEW
AL-S-0043,Timothy,Collins,+13346341978,timothy.collins@aol.com,,5524 Creek Ct,Montgomery,Alabama,AL,36180,Seller,Pre-Foreclosure,Property Needs Major Repairs,690129,60237,87,A,Nationwide Lead Gen,NEW
AL-B-0051,Mary,Flores,+12512519877,mary.flores@yahoo.com,,,Mobile,Alabama,AL,,Buyer,,Investor,0,0,87,A,Nationwide Lead Gen,NEW
AL-B-0057,Brandon,Reyes,+12519019465,brandon.reyes@yahoo.com,,,Mobile,Alabama,AL,,Buyer,,Fix & Flip,0,0,87,A,Nationwide Lead Gen,NEW
AL-B-0058,Aaron,Rogers,+19382945441,aaron.rogers@outlook.com,Aaron Home Buyers,,Huntsville,Alabama,AL,,Buyer,,Wholesaler,0,0,87,A,Nationwide Lead Gen,NEW
AZ-B-0159,Carmen,Turner,+15202003555,carmen.turner@yahoo.com,Carmen Investments,,Tucson,Arizona,AZ,,Buyer,,Developer,0,0,87,A,Nationwide Lead Gen,NEW
CO-S-0287,Gregory,Ross,+17193959632,gregory.ross@yahoo.com,,5434 Business Blvd,Colorado Springs,Colorado,CO,60815,Seller,Lien,Tax Lien & Pre-Foreclosure Opportunity,550402,259480,87,A,Nationwide Lead Gen,NEW
CT-S-0364,Larry,Diaz,+12033405605,larry.diaz@yahoo.com,,1481 Birch Pl,Stamford,Connecticut,CT,42105,Seller,Judgment,Property in Probate - Estate Settlement,712172,191475,87,A,Nationwide Lead Gen,NEW
CT-S-0375,Pamela,Harris,+19592427911,pamela.harris@hotmail.com,,4774 River St,Hartford,Connecticut,CT,6108,Seller,Code Violation,Property in Probate - Estate Settlement,942161,60331,87,A,Nationwide Lead Gen,NEW
DE-B-0458,Emily,Kim,+13022688121,emily.kim@outlook.com,Emily Investments,,Newark,Delaware,DE,,Buyer,,Investor,0,0,87,A,Nationwide Lead Gen,NEW
FL-S-0468,Jessica,Ortiz,+16893559484,jessica.ortiz@yahoo.com,,9607 Ridge Blvd,Orlando,Florida,FL,32809,Seller,High Equity,Property in Probate - Estate Settlement,643716,250270,87,A,Nationwide Lead Gen,NEW
FL-B-0526,Alexander,Kim,+19545547783,alexander.kim@gmail.com,,,Fort Lauderdale,Florida,FL,,Buyer,,Fix & Flip,0,0,87,A,Nationwide Lead Gen,NEW
FL-B-0535,Nathan,Thomas,+18506455055,nathan.thomas@yahoo.com,,,Tallahassee,Florida,FL,,Buyer,,REIT,0,0,87,A,Nationwide Lead Gen,NEW
FL-B-0537,Samuel,Ward,+18135552341,samuel.ward@outlook.com,,,Tampa,Florida,FL,,Buyer,,Developer,0,0,87,A,Nationwide Lead Gen,NEW
IL-S-0681,Kenneth,Robinson,+13316976300,kenneth.robinson@outlook.com,,3104 Washington Ln,Naperville,Illinois,IL,91652,Seller,High Equity,Property in Probate - Estate Settlement,492502,172844,87,A,Nationwide Lead Gen,NEW
IN-S-0754,Linda,White,+15742532201,linda.white@gmail.com,,5751 Summit Blvd,South Bend,Indiana,IN,43363,Seller,Tax Delinquent,Vacant Property - High Equity,295679,302627,87,A,Nationwide Lead Gen,NEW
IN-S-0770,Maria,Hughes,+12607104592,maria.hughes@hotmail.com,,565 Canyon Ct,Fort Wayne,Indiana,IN,65221,Seller,Eviction,Divorce Settlement Required,651370,232896,87,A,Nationwide Lead Gen,NEW
IN-B-0811,Maria,Chavez,+12609489984,maria.chavez@outlook.com,,,Fort Wayne,Indiana,IN,,Buyer,,Developer,0,0,87,A,Nationwide Lead Gen,NEW
ME-S-1039,Betty,Phillips,+12073546728,betty.phillips@hotmail.com,,9971 Monroe Ln,Lewiston,Maine,ME,39003,Seller,Tax Delinquent,Inherited Family Estate (Probate),618996,291528,87,A,Nationwide Lead Gen,NEW
MA-S-1167,Adam,Campbell,+16178959916,adam.campbell@yahoo.com,,8631 Adams Ln,Cambridge,Massachusetts,MA,63795,Seller,Pre-Foreclosure,Tax Lien & Pre-Foreclosure Opportunity,474209,348919,87,A,Nationwide Lead Gen,NEW
MA-B-1210,Eric,Hughes,+16177199453,eric.hughes@gmail.com,Eric Acquisitions,,Cambridge,Massachusetts,MA,,Buyer,,Cash Buyer,0,0,87,A,Nationwide Lead Gen,NEW
MI-S-1262,Aaron,Walker,+13139592719,aaron.walker@yahoo.com,,7747 Meadow St,Detroit,Michigan,MI,48205,Seller,Vacant Property,Financial Hardship - Needs Cash,176436,116081,87,A,Nationwide Lead Gen,NEW
MN-S-1332,Jack,Johnson,+15074605021,jack.johnson@outlook.com,,2196 Commerce Blvd,Rochester,Minnesota,MN,16776,Seller,Code Violation,Financial Hardship - Needs Cash,675990,302436,87,A,Nationwide Lead Gen,NEW
MS-S-1374,Dorothy,Lopez,+16019164134,dorothy.lopez@aol.com,,8499 Valley Blvd,Hattiesburg,Mississippi,MS,74241,Seller,Probate,Property in Probate - Estate Settlement,517030,336072,87,A,Nationwide Lead Gen,NEW
MO-S-1440,Amanda,Rogers,+18166227971,amanda.rogers@yahoo.com,,1812 Spring Rd,Kansas City,Missouri,MO,64186,Seller,Utility Shutoff,Divorce Settlement Required,197112,362339,87,A,Nationwide Lead Gen,NEW
NE-B-1523,Kenneth,Clark,+14027763431,kenneth.clark@gmail.com,Kenneth Holdings,,Lincoln,Nebraska,NE,,Buyer,,Buy and Hold,0,0,87,A,Nationwide Lead Gen,NEW
NV-S-1539,Donna,Cruz,+17028136222,donna.cruz@gmail.com,,5848 Madison Ave,Henderson,Nevada,NV,96524,Seller,Fire Damage,Out-of-State Absentee Landlord,776515,74492,87,A,Nationwide Lead Gen,NEW
NH-S-1564,Angela,Jimenez,+16037019352,angela.jimenez@aol.com,,8750 Sunrise Rd,Nashua,New Hampshire,NH,46229,Seller,Judgment,Property in Probate - Estate Settlement,297862,292230,87,A,Nationwide Lead Gen,NEW
NH-S-1565,Mary,Campbell,+16032437887,mary.campbell@aol.com,,6652 Garden Blvd,Concord,New Hampshire,NH,55355,Seller,Vacant Property,Distressed Property - Code Violations,942376,45686,87,A,Nationwide Lead Gen,NEW
NH-S-1575,Alexander,Alvarez,+16037019236,alexander.alvarez@aol.com,,5644 Peak Dr,Concord,New Hampshire,NH,33897,Seller,Judgment,Vacant Property - High Equity,627275,96271,87,A,Nationwide Lead Gen,NEW
NH-B-1583,Zachary,Reyes,+16037417087,zachary.reyes@gmail.com,,,Nashua,New Hampshire,NH,,Buyer,,Buy and Hold,0,0,87,A,Nationwide Lead Gen,NEW
NJ-S-1601,Donald,Ortiz,+19736345768,donald.ortiz@aol.com,,5773 Ridge Ct,Newark,New Jersey,NJ,7162,Seller,Code Violation,Inherited Family Estate (Probate),530171,97468,87,A,Nationwide Lead Gen,NEW
NJ-S-1611,Amy,Johnson,+12014614216,amy.johnson@yahoo.com,,6719 Enterprise Dr,Jersey City,New Jersey,NJ,58245,Seller,Eviction,Vacant Property - High Equity,448667,172327,87,A,Nationwide Lead Gen,NEW
NY-S-1699,Adam,Murphy,+13154641838,adam.murphy@gmail.com,,3329 Sunrise Ave,Syracuse,New York,NY,13727,Seller,Utility Shutoff,Absentee Owner - Lives Out of State,349880,227892,87,A,Nationwide Lead Gen,NEW
NY-B-1757,Dorothy,Turner,+15187424754,dorothy.turner@yahoo.com,Dorothy Capital,,Albany,New York,NY,,Buyer,,Cash Buyer,0,0,87,A,Nationwide Lead Gen,NEW
NC-B-1836,Nicole,Walker,+19196323346,nicole.walker@gmail.com,Nicole Investments,,Raleigh,North Carolina,NC,,Buyer,,Fix & Flip,0,0,87,A,Nationwide Lead Gen,NEW
OH-S-1892,Jerry,Ortiz,+15135032783,jerry.ortiz@aol.com,,5505 Vista Ave,Cincinnati,Ohio,OH,79866,Seller,Probate,Out-of-State Absentee Landlord,686665,117238,87,A,Nationwide Lead Gen,NEW
OH-S-1899,Amy,Nelson,+14193875254,amy.nelson@yahoo.com,,6604 Harrison Ct,Toledo,Ohio,OH,90453,Seller,Fire Damage,Tired Landlord - Ready to Exit,690284,101384,87,A,Nationwide Lead Gen,NEW
OH-S-1916,George,Phillips,+14195188376,george.phillips@hotmail.com,,253 Highland Pkwy,Toledo,Ohio,OH,57042,Seller,Fire Damage,Avoiding Foreclosure Auction,440696,296552,87,A,Nationwide Lead Gen,NEW
OH-S-1921,Justin,Lewis,+14195066212,justin.lewis@hotmail.com,,7035 Oak Pl,Toledo,Ohio,OH,28450,Seller,Bankruptcy,Out-of-State Absentee Landlord,657329,336896,87,A,Nationwide Lead Gen,NEW
OR-S-2047,Sandra,Miller,+15036523853,sandra.miller@hotmail.com,,7858 Madison Pkwy,Salem,Oregon,OR,69205,Seller,Absentee Owner,Tired Landlord - Ready to Exit,308013,92585,87,A,Nationwide Lead Gen,NEW
OR-S-2075,Samantha,Watson,+15034567188,samantha.watson@yahoo.com,,829 Lincoln Blvd,Salem,Oregon,OR,94641,Seller,Fire Damage,Behind on Mortgage Payments,906563,316911,87,A,Nationwide Lead Gen,NEW
PA-S-2122,Elena,Stewart,+16103629952,elena.stewart@yahoo.com,,9509 Lake Pl,Allentown,Pennsylvania,PA,20936,Seller,High Equity,Vacant Property - High Equity,949822,40067,87,A,Nationwide Lead Gen,NEW
PA-S-2129,Stephen,Martin,+12675635009,stephen.martin@outlook.com,,3498 Maple Pl,Philadelphia,Pennsylvania,PA,19141,Seller,Probate,Inherited Family Estate (Probate),157220,138197,87,A,Nationwide Lead Gen,NEW
PA-S-2132,Patricia,King,+16107895677,patricia.king@yahoo.com,,551 Madison Way,Allentown,Pennsylvania,PA,68197,Seller,Code Violation,Property Needs Major Repairs,624557,209073,87,A,Nationwide Lead Gen,NEW
RI-B-2199,Brian,Evans,+14014511385,brian.evans@gmail.com,Brian Realty,,Cranston,Rhode Island,RI,,Buyer,,Developer,0,0,87,A,Nationwide Lead Gen,NEW
SC-S-2230,Anthony,Kelly,+18644273023,anthony.kelly@hotmail.com,,2742 Harrison Rd,Greenville,South Carolina,SC,65910,Seller,Utility Shutoff,Inherited Property - Not Interested,794720,362397,87,A,Nationwide Lead Gen,NEW
SC-S-2245,Jeffrey,Wright,+18038533947,jeffrey.wright@gmail.com,,3221 Lincoln Pkwy,Columbia,South Carolina,SC,22604,Seller,Pre-Foreclosure,Distressed Property - Code Violations,645999,395360,87,A,Nationwide Lead Gen,NEW
SD-S-2290,Jerry,Young,+16056005695,jerry.young@yahoo.com,,2138 Jackson Pl,Rapid City,South Dakota,SD,98035,Seller,Probate,Avoiding Foreclosure Auction,878343,206772,87,A,Nationwide Lead Gen,NEW
TN-S-2324,Zachary,Ortiz,+16156871906,zachary.ortiz@outlook.com,,9444 Chestnut Rd,Nashville,Tennessee,TN,37214,Seller,Probate,Property Needs Major Repairs,395429,289383,87,A,Nationwide Lead Gen,NEW
TN-S-2355,Kathleen,Cruz,+14236027741,kathleen.cruz@aol.com,,1007 Valley St,Chattanooga,Tennessee,TN,67512,Seller,Vacant Property,Inherited Property - Not Interested,823282,177685,87,A,Nationwide Lead Gen,NEW
TN-B-2385,Mark,Foster,+14233711307,mark.foster@yahoo.com,,,Chattanooga,Tennessee,TN,,Buyer,,Developer,0,0,87,A,Nationwide Lead Gen,NEW
TX-S-2421,Joshua,Long,+15124244117,joshua.long@hotmail.com,,5079 Walnut Pkwy,Austin,Texas,TX,72071,Seller,Code Violation,Divorce Settlement Required,869206,190108,87,A,Nationwide Lead Gen,NEW
UT-B-2530,Mary,Howard,+18013789744,mary.howard@gmail.com,Mary Acquisitions,,Salt Lake City,Utah,UT,,Buyer,,REIT,0,0,87,A,Nationwide Lead Gen,NEW
VA-S-2601,Patricia,Alvarez,+17035323906,patricia.alvarez@yahoo.com,,9099 Oak Ct,Arlington,Virginia,VA,89510,Seller,Lien,Divorce Settlement Required,715662,284626,87,A,Nationwide Lead Gen,NEW
VA-B-2622,Catherine,Cox,+18042683299,catherine.cox@gmail.com,Catherine Properties,,Richmond,Virginia,VA,,Buyer,,Buy and Hold,0,0,87,A,Nationwide Lead Gen,NEW
VA-B-2632,Joshua,Murphy,+17573484217,joshua.murphy@yahoo.com,Joshua Properties,,Norfolk,Virginia,VA,,Buyer,,Wholesaler,0,0,87,A,Nationwide Lead Gen,NEW
WA-S-2660,David,White,+12533982494,david.white@hotmail.com,,3454 Vista Ln,Tacoma,Washington,WA,72069,Seller,Fire Damage,Inherited Family Estate (Probate),376775,383021,87,A,Nationwide Lead Gen,NEW
WI-S-2771,Tyler,Ward,+14144415631,tyler.ward@gmail.com,,6646 Sunrise Pl,Milwaukee,Wisconsin,WI,53232,Seller,Probate,Property Needs Major Repairs,647889,242345,87,A,Nationwide Lead Gen,NEW
WI-B-2820,Brandon,Castillo,+12624083572,brandon.castillo@gmail.com,,,Kenosha,Wisconsin,WI,,Buyer,,Wholesaler,0,0,87,A,Nationwide Lead Gen,NEW
WY-B-2842,Larry,Parker,+13075838650,larry.parker@yahoo.com,Larry Investments,,Laramie,Wyoming,WY,,Buyer,,Fix & Flip,0,0,87,A,Nationwide Lead Gen,NEW
AL-S-0010,Emily,King,+12514036414,emily.king@gmail.com,,2016 Sunset Ct,Mobile,Alabama,AL,66845,Seller,Tax Delinquent,Out-of-State Absentee Landlord,182920,395342,86,A,Nationwide Lead Gen,NEW
AK-S-0085,Emma,Cruz,+19074633758,emma.cruz@aol.com,,6409 Washington St,Juneau,Alaska,AK,22290,Seller,Fire Damage,Inherited Property - Not Interested,757283,67608,86,A,Nationwide Lead Gen,NEW
AZ-B-0162,Peter,Bailey,+14806374474,peter.bailey@gmail.com,,,Mesa,Arizona,AZ,,Buyer,,Wholesaler,0,0,86,A,Nationwide Lead Gen,NEW
AZ-B-0169,Elizabeth,Allen,+14808538643,elizabeth.allen@yahoo.com,Elizabeth Acquisitions,,Mesa,Arizona,AZ,,Buyer,,Developer,0,0,86,A,Nationwide Lead Gen,NEW
AZ-B-0174,Henry,Cooper,+15205234811,henry.cooper@gmail.com,Henry Realty,,Tucson,Arizona,AZ,,Buyer,,Fix & Flip,0,0,86,A,Nationwide Lead Gen,NEW
CA-S-0212,Donna,Allen,+15597796350,donna.allen@gmail.com,,680 Adams St,Fresno,California,CA,49484,Seller,Bankruptcy,Vacant Property - High Equity,322652,111937,86,A,Nationwide Lead Gen,NEW
CO-S-0306,Tyler,Diaz,+17209525608,tyler.diaz@hotmail.com,,7806 Oak Blvd,Denver,Colorado,CO,80290,Seller,Bankruptcy,Absentee Owner - Lives Out of State,128757,207719,86,A,Nationwide Lead Gen,NEW
CT-S-0371,Debra,Alvarez,+19594224866,debra.alvarez@hotmail.com,,2082 Monroe Ln,Hartford,Connecticut,CT,6187,Seller,Utility Shutoff,Job Relocation - Must Sell Fast,306756,194227,86,A,Nationwide Lead Gen,NEW
CT-S-0406,Patrick,Jones,+12036831305,patrick.jones@aol.com,,5571 Jackson Pl,Stamford,Connecticut,CT,25113,Seller,Fire Damage,Job Relocation - Must Sell Fast,215477,367933,86,A,Nationwide Lead Gen,NEW
CT-B-0411,Jason,Collins,+12035353995,jason.collins@gmail.com,Jason Properties,,Stamford,Connecticut,CT,,Buyer,,Buy and Hold,0,0,86,A,Nationwide Lead Gen,NEW
CT-B-0422,Frank,Collins,+14759207838,frank.collins@gmail.com,Frank Acquisitions,,Bridgeport,Connecticut,CT,,Buyer,,Buy and Hold,0,0,86,A,Nationwide Lead Gen,NEW
CT-B-0424,Donna,Howard,+12039896167,donna.howard@gmail.com,,,Stamford,Connecticut,CT,,Buyer,,Investor,0,0,86,A,Nationwide Lead Gen,NEW
CT-B-0430,Ruth,Nguyen,+14754114283,ruth.nguyen@gmail.com,Ruth Home Buyers,,New Haven,Connecticut,CT,,Buyer,,Investor,0,0,86,A,Nationwide Lead Gen,NEW
CT-B-0435,George,Lee,+12032731013,george.lee@outlook.com,George Solutions,,Stamford,Connecticut,CT,,Buyer,,Cash Buyer,0,0,86,A,Nationwide Lead Gen,NEW
DE-S-0448,Michael,Cooper,+13022366381,michael.cooper@yahoo.com,,2817 Cedar St,Dover,Delaware,DE,63649,Seller,Lien,Financial Hardship - Needs Cash,752763,262734,86,A,Nationwide Lead Gen,NEW
FL-S-0508,Michelle,Jackson,+17869286034,michelle.jackson@outlook.com,,3793 Garden Pkwy,Miami,Florida,FL,33175,Seller,Pre-Foreclosure,Avoiding Foreclosure Auction,746772,296126,86,A,Nationwide Lead Gen,NEW
FL-B-0538,Amy,Martinez,+18503457060,amy.martinez@yahoo.com,Amy Holdings,,Tallahassee,Florida,FL,,Buyer,,Wholesaler,0,0,86,A,Nationwide Lead Gen,NEW
GA-S-0562,Frank,Ramos,+17066548833,frank.ramos@outlook.com,,1739 Chestnut Dr,Augusta,Georgia,GA,52266,Seller,Pre-Foreclosure,Inherited Property - Not Interested,124991,310979,86,A,Nationwide Lead Gen,NEW
GA-S-0575,Ruth,Sanders,+17066402383,ruth.sanders@outlook.com,,1918 Adams Dr,Augusta,Georgia,GA,74910,Seller,Vacant Property,Distressed Property - Code Violations,285621,282695,86,A,Nationwide Lead Gen,NEW
GA-B-0612,Tyler,Peterson,+14047196951,tyler.peterson@gmail.com,,,Atlanta,Georgia,GA,,Buyer,,Investor,0,0,86,A,Nationwide Lead Gen,NEW
GA-B-0613,Maria,Williams,+17068328669,maria.williams@gmail.com,Maria Acquisitions,,Augusta,Georgia,GA,,Buyer,,Cash Buyer,0,0,86,A,Nationwide Lead Gen,NEW
HI-S-0622,Rosa,Flores,+18087777158,rosa.flores@gmail.com,,6272 Vista Rd,Honolulu,Hawaii,HI,96884,Seller,Probate,Absentee Owner - Lives Out of State,504868,175319,86,A,Nationwide Lead Gen,NEW
HI-S-0626,Amy,Thomas,+18087475882,amy.thomas@aol.com,,374 Business Dr,Kailua,Hawaii,HI,76355,Seller,Fire Damage,Vacant Property - High Equity,899278,128252,86,A,Nationwide Lead Gen,NEW
IL-S-0691,Frank,Ward,+16303655409,frank.ward@aol.com,,7515 Creek Ct,Aurora,Illinois,IL,28850,Seller,Vacant Property,Inherited Property - Not Interested,890882,164960,86,A,Nationwide Lead Gen,NEW
IL-B-0737,Gary,Diaz,+13314148180,gary.diaz@gmail.com,Gary Realty,,Naperville,Illinois,IL,,Buyer,,Property Manager,0,0,86,A,Nationwide Lead Gen,NEW
IN-S-0784,Nancy,Gutierrez,+15747704961,nancy.gutierrez@outlook.com,,9790 Madison Ln,South Bend,Indiana,IN,35710,Seller,Judgment,Divorce Settlement Required,548430,125593,86,A,Nationwide Lead Gen,NEW
IA-B-0848,Dorothy,Gutierrez,+15152095776,dorothy.gutierrez@gmail.com,Dorothy Solutions,,Des Moines,Iowa,IA,,Buyer,,Property Manager,0,0,86,A,Nationwide Lead Gen,NEW
KS-B-0881,Linda,Brooks,+17856396829,linda.brooks@outlook.com,Linda Acquisitions,,Topeka,Kansas,KS,,Buyer,,Investor,0,0,86,A,Nationwide Lead Gen,NEW
KS-B-0882,Kathleen,Evans,+17856064561,kathleen.evans@yahoo.com,,,Topeka,Kansas,KS,,Buyer,,REIT,0,0,86,A,Nationwide Lead Gen,NEW
KY-S-0888,Carolyn,Ross,+18598311745,carolyn.ross@aol.com,,4856 Sunset Ct,Covington,Kentucky,KY,89190,Seller,Lien,Property Needs Major Repairs,912837,302625,86,A,Nationwide Lead Gen,NEW
KY-B-0939,Jeffrey,Martinez,+18598873741,jeffrey.martinez@outlook.com,,,Covington,Kentucky,KY,,Buyer,,Cash Buyer,0,0,86,A,Nationwide Lead Gen,NEW
KY-B-0955,Jonathan,Thompson,+15025806564,jonathan.thompson@gmail.com,,,Louisville,Kentucky,KY,,Buyer,,Property Manager,0,0,86,A,Nationwide Lead Gen,NEW
ME-S-1040,Anna,Jackson,+12076258479,anna.jackson@aol.com,,5978 Sunset Blvd,Portland,Maine,ME,4166,Seller,Absentee Owner,Tax Lien & Pre-Foreclosure Opportunity,949034,97158,86,A,Nationwide Lead Gen,NEW
ME-S-1042,Jessica,Kelly,+12077584758,jessica.kelly@yahoo.com,,6814 Walnut Dr,Bangor,Maine,ME,57355,Seller,High Equity,Property Needs Major Repairs,792026,328188,86,A,Nationwide Lead Gen,NEW
MD-S-1076,Douglas,Turner,+13012047589,douglas.turner@aol.com,,8021 Summit Ln,Rockville,Maryland,MD,23418,Seller,Lien,Tax Lien & Pre-Foreclosure Opportunity,810750,238702,86,A,Nationwide Lead Gen,NEW
MD-S-1085,Thomas,Peterson,+13013523235,thomas.peterson@yahoo.com,,4637 Hill Pkwy,Gaithersburg,Maryland,MD,38548,Seller,Judgment,Vacant Property - High Equity,341394,273728,86,A,Nationwide Lead Gen,NEW
MD-S-1094,Nathan,Harris,+13015529866,nathan.harris@yahoo.com,,3118 Walnut Ct,Gaithersburg,Maryland,MD,36568,Seller,Code Violation,Financial Hardship - Needs Cash,619022,242309,86,A,Nationwide Lead Gen,NEW
MA-S-1175,Deborah,Williams,+16174527116,deborah.williams@gmail.com,,5133 Commerce Rd,Cambridge,Massachusetts,MA,82057,Seller,Pre-Foreclosure,Tired Landlord - Ready to Exit,615833,228835,86,A,Nationwide Lead Gen,NEW
MA-S-1184,Susan,Phillips,+16174286404,susan.phillips@hotmail.com,,3639 Adams Ln,Boston,Massachusetts,MA,2118,Seller,Condemned,Vacant Property - High Equity,409646,264352,86,A,Nationwide Lead Gen,NEW
MA-B-1202,Melissa,Moore,+17746917407,melissa.moore@outlook.com,,,Worcester,Massachusetts,MA,,Buyer,,Cash Buyer,0,0,86,A,Nationwide Lead Gen,NEW
MI-S-1230,Betty,Price,+13135688251,betty.price@outlook.com,,6833 Business Way,Detroit,Michigan,MI,48288,Seller,Pre-Foreclosure,Property in Probate - Estate Settlement,628296,378494,86,A,Nationwide Lead Gen,NEW
MI-B-1281,Alexander,Wood,+17346308040,alexander.wood@yahoo.com,,,Ann Arbor,Michigan,MI,,Buyer,,Cash Buyer,0,0,86,A,Nationwide Lead Gen,NEW
MN-S-1313,Amy,Rivera,+12184683382,amy.rivera@yahoo.com,,202 Oak Pkwy,Duluth,Minnesota,MN,70996,Seller,High Equity,Inherited Family Estate (Probate),139654,220991,86,A,Nationwide Lead Gen,NEW
MN-B-1343,Jennifer,Williams,+12189378027,jennifer.williams@outlook.com,Jennifer Home Buyers,,Duluth,Minnesota,MN,,Buyer,,Developer,0,0,86,A,Nationwide Lead Gen,NEW
MO-B-1462,Alexander,Davis,+16362751162,alexander.davis@gmail.com,Alexander Home Buyers,,St. Louis,Missouri,MO,,Buyer,,Property Manager,0,0,86,A,Nationwide Lead Gen,NEW
NE-S-1510,Deborah,Morales,+14025386911,deborah.morales@yahoo.com,,8676 Garden Pl,Omaha,Nebraska,NE,68132,Seller,Tax Delinquent,Avoiding Foreclosure Auction,707736,217945,86,A,Nationwide Lead Gen,NEW
NV-S-1534,Richard,Campbell,+17758149662,richard.campbell@aol.com,,3945 Maple Way,Sparks,Nevada,NV,87419,Seller,Tax Delinquent,Divorce Settlement Required,506745,143129,86,A,Nationwide Lead Gen,NEW
NJ-S-1606,Judy,Hernandez,+19732588877,judy.hernandez@hotmail.com,,6353 Valley Ave,Newark,New Jersey,NJ,7127,Seller,Bankruptcy,Inherited Family Estate (Probate),781703,227314,86,A,Nationwide Lead Gen,NEW
NC-S-1776,Brenda,Hill,+19197151348,brenda.hill@aol.com,,6982 Hill Way,Raleigh,North Carolina,NC,56611,Seller,Tax Delinquent,Property in Probate - Estate Settlement,434258,106191,86,A,Nationwide Lead Gen,NEW
NC-S-1809,Cynthia,Garcia,+19199786632,cynthia.garcia@hotmail.com,,7355 Elm Ln,Raleigh,North Carolina,NC,25431,Seller,Fire Damage,Financial Hardship - Needs Cash,513107,249018,86,A,Nationwide Lead Gen,NEW
NC-S-1812,Raymond,Chavez,+19196482448,raymond.chavez@yahoo.com,,6072 Commerce Ln,Raleigh,North Carolina,NC,39388,Seller,Tax Delinquent,Absentee Owner - Lives Out of State,241301,63158,86,A,Nationwide Lead Gen,NEW
NC-S-1818,Nicole,Sanchez,+19197998048,nicole.sanchez@hotmail.com,,7015 Jefferson Blvd,Durham,North Carolina,NC,58587,Seller,Vacant Property,Vacant Property - High Equity,512119,220751,86,A,Nationwide Lead Gen,NEW
ND-B-1870,Deborah,Garcia,+17016245506,deborah.garcia@yahoo.com,,,Bismarck,North Dakota,ND,,Buyer,,Buy and Hold,0,0,86,A,Nationwide Lead Gen,NEW
ND-B-1873,Irene,Roberts,+17015483870,irene.roberts@outlook.com,Irene Home Buyers,,Bismarck,North Dakota,ND,,Buyer,,Developer,0,0,86,A,Nationwide Lead Gen,NEW
OH-S-1888,John,Clark,+12166269630,john.clark@aol.com,,2685 Main Blvd,Cleveland,Ohio,OH,57493,Seller,Probate,Job Relocation - Must Sell Fast,309275,319608,86,A,Nationwide Lead Gen,NEW
OK-B-2011,Samuel,Peterson,+19185919073,samuel.peterson@outlook.com,,,Tulsa,Oklahoma,OK,,Buyer,,Developer,0,0,86,A,Nationwide Lead Gen,NEW
OR-B-2076,Christine,Rogers,+15033374220,christine.rogers@outlook.com,Christine Solutions,,Salem,Oregon,OR,,Buyer,,REIT,0,0,86,A,Nationwide Lead Gen,NEW
OR-B-2084,Brian,Jones,+15035138057,brian.jones@outlook.com,Brian Solutions,,Salem,Oregon,OR,,Buyer,,REIT,0,0,86,A,Nationwide Lead Gen,NEW
PA-S-2106,Charles,Hughes,+18148124042,charles.hughes@aol.com,,6851 Vista Dr,Erie,Pennsylvania,PA,15311,Seller,Tax Delinquent,Inherited Property - Not Interested,309352,342855,86,A,Nationwide Lead Gen,NEW
PA-B-2159,Amy,Thompson,+18144585811,amy.thompson@outlook.com,Amy Solutions,,Erie,Pennsylvania,PA,,Buyer,,Developer,0,0,86,A,Nationwide Lead Gen,NEW
PA-B-2174,Nancy,Myers,+16107805769,nancy.myers@outlook.com,Nancy Solutions,,Allentown,Pennsylvania,PA,,Buyer,,Investor,0,0,86,A,Nationwide Lead Gen,NEW
SC-S-2209,Karen,Smith,+18433839269,karen.smith@outlook.com,,2117 Vista Pl,Charleston,South Carolina,SC,29425,Seller,Pre-Foreclosure,Job Relocation - Must Sell Fast,672362,316445,86,A,Nationwide Lead Gen,NEW
TN-B-2367,Carolyn,Gomez,+16158622661,carolyn.gomez@gmail.com,,,Nashville,Tennessee,TN,,Buyer,,Developer,0,0,86,A,Nationwide Lead Gen,NEW
UT-B-2517,Samantha,Ortiz,+18019294346,samantha.ortiz@outlook.com,Samantha Investments,,Salt Lake City,Utah,UT,,Buyer,,Developer,0,0,86,A,Nationwide Lead Gen,NEW
UT-B-2524,Peter,Hill,+18016003432,peter.hill@outlook.com,,,Salt Lake City,Utah,UT,,Buyer,,Fix & Flip,0,0,86,A,Nationwide Lead Gen,NEW
UT-B-2527,David,Myers,+18017113747,david.myers@gmail.com,,,Ogden,Utah,UT,,Buyer,,REIT,0,0,86,A,Nationwide Lead Gen,NEW
VT-S-2537,Laura,Collins,+18024465007,laura.collins@hotmail.com,,7341 Spring Blvd,Montpelier,Vermont,VT,10881,Seller,Absentee Owner,Job Relocation - Must Sell Fast,545724,322537,86,A,Nationwide Lead Gen,NEW
VA-S-2588,Jason,Ruiz,+18046961576,jason.ruiz@yahoo.com,,808 Oak Ave,Richmond,Virginia,VA,77943,Seller,Absentee Owner,Behind on Mortgage Payments,503364,391399,86,A,Nationwide Lead Gen,NEW
VA-B-2623,Maria,Brown,+18048566222,maria.brown@gmail.com,,,Richmond,Virginia,VA,,Buyer,,Cash Buyer,0,0,86,A,Nationwide Lead Gen,NEW
VA-B-2629,Barbara,Jones,+17035094345,barbara.jones@yahoo.com,,,Arlington,Virginia,VA,,Buyer,,Wholesaler,0,0,86,A,Nationwide Lead Gen,NEW
WA-B-2705,Ruth,Richardson,+12539357849,ruth.richardson@yahoo.com,Ruth Home Buyers,,Seattle,Washington,WA,,Buyer,,REIT,0,0,86,A,Nationwide Lead Gen,NEW
WV-S-2732,Carol,Bennett,+13045927710,carol.bennett@outlook.com,,3831 Hill Ct,Huntington,West Virginia,WV,20041,Seller,Fire Damage,Vacant Property - High Equity,428513,117384,86,A,Nationwide Lead Gen,NEW
WI-S-2750,Joshua,Nelson,+14142902337,joshua.nelson@outlook.com,,4092 Peak Dr,Milwaukee,Wisconsin,WI,53281,Seller,Judgment,Distressed Property - Code Violations,603355,50829,86,A,Nationwide Lead Gen,NEW
WI-B-2807,Melissa,Jackson,+19207402656,melissa.jackson@outlook.com,Melissa Solutions,,Green Bay,Wisconsin,WI,,Buyer,,Developer,0,0,86,A,Nationwide Lead Gen,NEW
WY-S-2830,Lisa,Baker,+13078929253,lisa.baker@aol.com,,8576 Enterprise Rd,Cheyenne,Wyoming,WY,82091,Seller,Pre-Foreclosure,Tax Lien & Pre-Foreclosure Opportunity,323396,378016,86,A,Nationwide Lead Gen,NEW
AL-S-0005,Gary,Davis,+12518735957,gary.davis@gmail.com,,9201 Main Ave,Mobile,Alabama,AL,70991,Seller,Bankruptcy,Absentee Owner - Lives Out of State,295592,100972,85,A,Nationwide Lead Gen,NEW
AL-S-0037,Emily,Hill,+16593541876,emily.hill@aol.com,,8315 Elm Ave,Birmingham,Alabama,AL,35290,Seller,Tax Delinquent,Behind on Mortgage Payments,498755,111113,85,A,Nationwide Lead Gen,NEW
AL-B-0062,Margaret,Ruiz,+12519425591,margaret.ruiz@gmail.com,Margaret Home Buyers,,Mobile,Alabama,AL,,Buyer,,Wholesaler,0,0,85,A,Nationwide Lead Gen,NEW
AK-S-0094,Mark,Williams,+19072382015,mark.williams@gmail.com,,399 Madison St,Anchorage,Alaska,AK,99547,Seller,Lien,Distressed Property - Code Violations,814450,363806,85,A,Nationwide Lead Gen,NEW
AZ-S-0109,Aaron,Lee,+16022307578,aaron.lee@aol.com,,670 Park Dr,Phoenix,Arizona,AZ,85024,Seller,High Equity,Tired Landlord - Ready to Exit,856823,307961,85,A,Nationwide Lead Gen,NEW
AZ-B-0172,Christine,Cooper,+14807111534,christine.cooper@gmail.com,,,Mesa,Arizona,AZ,,Buyer,,Developer,0,0,85,A,Nationwide Lead Gen,NEW
CO-S-0293,David,Baker,+17209755875,david.baker@gmail.com,,4862 Hill Ct,Aurora,Colorado,CO,94648,Seller,Condemned,Inherited Property - Not Interested,817205,355215,85,A,Nationwide Lead Gen,NEW
CO-B-0338,Mark,Mendoza,+19704305250,mark.mendoza@outlook.com,Mark Realty,,Fort Collins,Colorado,CO,,Buyer,,Property Manager,0,0,85,A,Nationwide Lead Gen,NEW
DE-S-0441,Jessica,Clark,+13027832424,jessica.clark@hotmail.com,,525 Monroe Ln,Wilmington,Delaware,DE,19838,Seller,Eviction,Behind on Mortgage Payments,750894,228339,85,A,Nationwide Lead Gen,NEW
FL-S-0498,Betty,Anderson,+16895209975,betty.anderson@gmail.com,,9424 Main Ct,Orlando,Florida,FL,32897,Seller,Judgment,Out-of-State Absentee Landlord,284436,62646,85,A,Nationwide Lead Gen,NEW
FL-B-0539,Anna,Chavez,+16892617695,anna.chavez@yahoo.com,,,Orlando,Florida,FL,,Buyer,,Wholesaler,0,0,85,A,Nationwide Lead Gen,NEW
GA-B-0599,Rachel,Richardson,+14704787584,rachel.richardson@yahoo.com,Rachel Acquisitions,,Atlanta,Georgia,GA,,Buyer,,Wholesaler,0,0,85,A,Nationwide Lead Gen,NEW
GA-B-0606,Justin,Bailey,+14705688451,justin.bailey@gmail.com,,,Atlanta,Georgia,GA,,Buyer,,REIT,0,0,85,A,Nationwide Lead Gen,NEW
IL-B-0729,Douglas,Cook,+18727401408,douglas.cook@gmail.com,Douglas Acquisitions,,Chicago,Illinois,IL,,Buyer,,Developer,0,0,85,A,Nationwide Lead Gen,NEW
IN-S-0799,Adam,Morris,+15747744748,adam.morris@hotmail.com,,788 Birch Pkwy,South Bend,Indiana,IN,55395,Seller,Lien,Vacant Property - High Equity,490425,189111,85,A,Nationwide Lead Gen,NEW
IN-S-0800,Catherine,Wilson,+15745949255,catherine.wilson@hotmail.com,,3781 Walnut Pl,South Bend,Indiana,IN,98603,Seller,Absentee Owner,Behind on Mortgage Payments,316614,126253,85,A,Nationwide Lead Gen,NEW
KS-S-0866,Jeffrey,Lopez,+17858084396,jeffrey.lopez@outlook.com,,5208 Innovation Pkwy,Topeka,Kansas,KS,66027,Seller,Eviction,Job Relocation - Must Sell Fast,885969,99088,85,A,Nationwide Lead Gen,NEW
LA-S-0967,Daniel,Martin,+15044536710,daniel.martin@aol.com,,9136 Hickory Blvd,New Orleans,Louisiana,LA,70116,Seller,Fire Damage,Tax Lien & Pre-Foreclosure Opportunity,382605,122232,85,A,Nationwide Lead Gen,NEW
LA-S-0981,Gregory,Hernandez,+15047023429,gregory.hernandez@yahoo.com,,9012 Commerce Pkwy,New Orleans,Louisiana,LA,70129,Seller,Condemned,Tax Lien & Pre-Foreclosure Opportunity,797011,365658,85,A,Nationwide Lead Gen,NEW
ME-B-1058,Alexander,Brown,+12072898660,alexander.brown@yahoo.com,,,Bangor,Maine,ME,,Buyer,,Developer,0,0,85,A,Nationwide Lead Gen,NEW
ME-B-1062,Emily,Garcia,+12072546270,emily.garcia@yahoo.com,Emily Capital,,Lewiston,Maine,ME,,Buyer,,Buy and Hold,0,0,85,A,Nationwide Lead Gen,NEW
MD-S-1098,Ronald,Wood,+13019793512,ronald.wood@outlook.com,,317 Forest Dr,Gaithersburg,Maryland,MD,89506,Seller,Pre-Foreclosure,Tired Landlord - Ready to Exit,631341,398786,85,A,Nationwide Lead Gen,NEW
MD-B-1122,Rosa,Lewis,+12404096875,rosa.lewis@gmail.com,Rosa Holdings,,Rockville,Maryland,MD,,Buyer,,Wholesaler,0,0,85,A,Nationwide Lead Gen,NEW
MD-B-1123,Larry,Rogers,+13017181765,larry.rogers@yahoo.com,Larry Realty,,Gaithersburg,Maryland,MD,,Buyer,,Investor,0,0,85,A,Nationwide Lead Gen,NEW
MA-S-1152,Elizabeth,Ramos,+16172804522,elizabeth.ramos@outlook.com,,2353 Pine Pkwy,Cambridge,Massachusetts,MA,83920,Seller,Pre-Foreclosure,Avoiding Foreclosure Auction,940207,45336,85,A,Nationwide Lead Gen,NEW
MI-S-1221,Anthony,Williams,+15177427959,anthony.williams@gmail.com,,1219 Technology Ct,Lansing,Michigan,MI,21078,Seller,Eviction,Out-of-State Absentee Landlord,448103,226252,85,A,Nationwide Lead Gen,NEW
MO-S-1434,Maria,Bailey,+18166692474,maria.bailey@outlook.com,,7725 River Blvd,Independence,Missouri,MO,52799,Seller,Judgment,Tired Landlord - Ready to Exit,657603,302270,85,A,Nationwide Lead Gen,NEW
MO-B-1467,Nicholas,Chavez,+16366233430,nicholas.chavez@yahoo.com,Nicholas Capital,,St. Louis,Missouri,MO,,Buyer,,Property Manager,0,0,85,A,Nationwide Lead Gen,NEW
NH-S-1579,Emma,Phillips,+16032036370,emma.phillips@gmail.com,,6196 Oak Rd,Concord,New Hampshire,NH,93428,Seller,Judgment,Vacant Property - High Equity,220364,325436,85,A,Nationwide Lead Gen,NEW
NJ-S-1630,Harold,Martin,+12015751922,harold.martin@yahoo.com,,6202 Creek Way,Jersey City,New Jersey,NJ,68275,Seller,Fire Damage,Tax Lien & Pre-Foreclosure Opportunity,573123,207142,85,A,Nationwide Lead Gen,NEW
NJ-S-1634,Harold,Moore,+19733897398,harold.moore@yahoo.com,,9597 Sunset Rd,Paterson,New Jersey,NJ,53175,Seller,Utility Shutoff,Divorce Settlement Required,182173,391296,85,A,Nationwide Lead Gen,NEW
NM-S-1669,Brandon,Lee,+15054237569,brandon.lee@hotmail.com,,7086 Enterprise Blvd,Albuquerque,New Mexico,NM,87160,Seller,Eviction,Property Needs Major Repairs,861042,269077,85,A,Nationwide Lead Gen,NEW
NM-S-1680,Jerry,Taylor,+15053144427,jerry.taylor@yahoo.com,,5875 Maple Ln,Santa Fe,New Mexico,NM,12478,Seller,Pre-Foreclosure,Distressed Property - Code Violations,515199,388565,85,A,Nationwide Lead Gen,NEW
NY-S-1731,Samantha,Mendoza,+16465228730,samantha.mendoza@hotmail.com,,3156 Jefferson Pkwy,New York City,New York,NY,10008,Seller,Eviction,Property Needs Major Repairs,336308,84436,85,A,Nationwide Lead Gen,NEW
NC-B-1824,Andrew,Kim,+19196223906,andrew.kim@gmail.com,Andrew Properties,,Raleigh,North Carolina,NC,,Buyer,,Investor,0,0,85,A,Nationwide Lead Gen,NEW
ND-B-1868,Joshua,Robinson,+17016431291,joshua.robinson@gmail.com,,,Fargo,North Dakota,ND,,Buyer,,Investor,0,0,85,A,Nationwide Lead Gen,NEW
OH-S-1878,Sylvia,Baker,+16146549380,sylvia.baker@hotmail.com,,7362 Industrial Pl,Columbus,Ohio,OH,43282,Seller,Probate,Divorce Settlement Required,222169,107744,85,A,Nationwide Lead Gen,NEW
OH-S-1913,Amy,Ruiz,+14194037868,amy.ruiz@yahoo.com,,6088 Sunrise St,Toledo,Ohio,OH,64178,Seller,Judgment,Distressed Property - Code Violations,144279,259988,85,A,Nationwide Lead Gen,NEW
OK-S-1995,Jennifer,Gomez,+14055996632,jennifer.gomez@aol.com,,7296 Madison Pkwy,Oklahoma City,Oklahoma,OK,73189,Seller,Eviction,Inherited Family Estate (Probate),915211,145526,85,A,Nationwide Lead Gen,NEW
OR-S-2067,Joshua,Edwards,+15032015020,joshua.edwards@yahoo.com,,866 Vista Pl,Portland,Oregon,OR,97227,Seller,Probate,Financial Hardship - Needs Cash,643342,261830,85,A,Nationwide Lead Gen,NEW
SC-S-2206,David,Flores,+18035351563,david.flores@aol.com,,7144 Technology Way,Columbia,South Carolina,SC,68003,Seller,Eviction,Tax Lien & Pre-Foreclosure Opportunity,466817,387664,85,A,Nationwide Lead Gen,NEW
SC-S-2244,Daniel,Thomas,+18648781417,daniel.thomas@hotmail.com,,1627 Enterprise Pkwy,Greenville,South Carolina,SC,53988,Seller,Tax Delinquent,Tired Landlord - Ready to Exit,784547,308547,85,A,Nationwide Lead Gen,NEW
SC-S-2251,Ryan,Gray,+18435763923,ryan.gray@hotmail.com,,4211 Oak St,Charleston,South Carolina,SC,29451,Seller,Bankruptcy,Property Needs Major Repairs,921655,220174,85,A,Nationwide Lead Gen,NEW
SC-B-2258,Dennis,Allen,+18432586404,dennis.allen@outlook.com,,,Charleston,South Carolina,SC,,Buyer,,Cash Buyer,0,0,85,A,Nationwide Lead Gen,NEW
TN-S-2338,Dorothy,Evans,+18654353878,dorothy.evans@gmail.com,,6481 Pine Pl,Knoxville,Tennessee,TN,23026,Seller,Lien,Out-of-State Absentee Landlord,232834,252882,85,A,Nationwide Lead Gen,NEW
TN-B-2363,Jessica,Miller,+16157733121,jessica.miller@gmail.com,Jessica Solutions,,Nashville,Tennessee,TN,,Buyer,,Investor,0,0,85,A,Nationwide Lead Gen,NEW
TN-B-2368,Ronald,Peterson,+18657197358,ronald.peterson@outlook.com,Ronald Properties,,Knoxville,Tennessee,TN,,Buyer,,Property Manager,0,0,85,A,Nationwide Lead Gen,NEW
TX-S-2412,Elena,Price,+15126671261,elena.price@yahoo.com,,9129 Jackson Blvd,Austin,Texas,TX,32090,Seller,Pre-Foreclosure,Divorce Settlement Required,808501,340802,85,A,Nationwide Lead Gen,NEW
UT-B-2518,Justin,Baker,+18016832235,justin.baker@outlook.com,Justin Realty,,Ogden,Utah,UT,,Buyer,,REIT,0,0,85,A,Nationwide Lead Gen,NEW
UT-B-2534,Alexander,Jimenez,+18013545996,alexander.jimenez@yahoo.com,Alexander Acquisitions,,Ogden,Utah,UT,,Buyer,,Wholesaler,0,0,85,A,Nationwide Lead Gen,NEW
VA-S-2602,Brian,Lewis,+17574225377,brian.lewis@yahoo.com,,2221 Enterprise Pl,Norfolk,Virginia,VA,10244,Seller,Fire Damage,Tired Landlord - Ready to Exit,393589,185232,85,A,Nationwide Lead Gen,NEW
WA-S-2647,William,Nguyen,+12538813338,william.nguyen@aol.com,,6866 Business St,Tacoma,Washington,WA,72196,Seller,Condemned,Absentee Owner - Lives Out of State,525994,48547,85,A,Nationwide Lead Gen,NEW
WA-B-2712,Anna,Stewart,+15096626099,anna.stewart@yahoo.com,,,Spokane,Washington,WA,,Buyer,,Buy and Hold,0,0,85,A,Nationwide Lead Gen,NEW
WI-B-2810,Jessica,Kelly,+12622866714,jessica.kelly@yahoo.com,Jessica Home Buyers,,Kenosha,Wisconsin,WI,,Buyer,,Cash Buyer,0,0,85,A,Nationwide Lead Gen,NEW
WY-S-2824,Elizabeth,Baker,+13074179850,elizabeth.baker@outlook.com,,1230 Peak Ln,Casper,Wyoming,WY,51541,Seller,Judgment,Inherited Family Estate (Probate),758063,145963,85,A,Nationwide Lead Gen,NEW
WY-S-2832,Adam,Carter,+13078152416,adam.carter@gmail.com,,5008 Maple Rd,Cheyenne,Wyoming,WY,82092,Seller,Fire Damage,Behind on Mortgage Payments,720514,187837,85,A,Nationwide Lead Gen,NEW
AL-B-0055,Michelle,Price,+13345158586,michelle.price@outlook.com,,,Montgomery,Alabama,AL,,Buyer,,Fix & Flip,0,0,84,A,Nationwide Lead Gen,NEW
AK-B-0096,Adam,Jackson,+19076727876,adam.jackson@outlook.com,Adam Holdings,,Fairbanks,Alaska,AK,,Buyer,,Cash Buyer,0,0,84,A,Nationwide Lead Gen,NEW
CA-B-0261,Carlos,Brooks,+19168512573,carlos.brooks@outlook.com,Carlos Solutions,,Sacramento,California,CA,,Buyer,,Buy and Hold,0,0,84,A,Nationwide Lead Gen,NEW
CA-B-0275,Dorothy,James,+16693536803,dorothy.james@yahoo.com,,,San Jose,California,CA,,Buyer,,REIT,0,0,84,A,Nationwide Lead Gen,NEW
CO-S-0286,Christopher,Turner,+17209109660,christopher.turner@yahoo.com,,9151 Birch Way,Denver,Colorado,CO,80228,Seller,Probate,Property in Probate - Estate Settlement,800926,193025,84,A,Nationwide Lead Gen,NEW
CO-S-0334,Adam,Adams,+19708112468,adam.adams@gmail.com,,9154 Elm Dr,Fort Collins,Colorado,CO,31686,Seller,Code Violation,Inherited Family Estate (Probate),138522,216323,84,A,Nationwide Lead Gen,NEW
CO-B-0347,Christopher,Taylor,+17199666624,christopher.taylor@gmail.com,Christopher Holdings,,Colorado Springs,Colorado,CO,,Buyer,,Cash Buyer,0,0,84,A,Nationwide Lead Gen,NEW
CO-B-0356,Sylvia,Cruz,+19706025920,sylvia.cruz@outlook.com,,,Fort Collins,Colorado,CO,,Buyer,,REIT,0,0,84,A,Nationwide Lead Gen,NEW
CO-B-0358,Cynthia,Anderson,+17198108079,cynthia.anderson@yahoo.com,Cynthia Capital,,Colorado Springs,Colorado,CO,,Buyer,,Fix & Flip,0,0,84,A,Nationwide Lead Gen,NEW
CT-S-0361,Carlos,Turner,+14755478929,carlos.turner@gmail.com,,640 Industrial Blvd,Bridgeport,Connecticut,CT,78636,Seller,Fire Damage,Out-of-State Absentee Landlord,588740,232077,84,A,Nationwide Lead Gen,NEW
DE-B-0463,Debra,Evans,+13029759294,debra.evans@yahoo.com,,,Dover,Delaware,DE,,Buyer,,REIT,0,0,84,A,Nationwide Lead Gen,NEW
FL-S-0503,Timothy,Morgan,+18134342317,timothy.morgan@gmail.com,,6229 Adams Ave,Tampa,Florida,FL,99775,Seller,Judgment,Job Relocation - Must Sell Fast,449409,280856,84,A,Nationwide Lead Gen,NEW
GA-S-0576,Samuel,Edwards,+17066336560,samuel.edwards@yahoo.com,,3955 Forest St,Columbus,Georgia,GA,25444,Seller,Lien,Vacant Property - High Equity,801238,113734,84,A,Nationwide Lead Gen,NEW
GA-B-0597,Matthew,Adams,+17066066811,matthew.adams@gmail.com,,,Columbus,Georgia,GA,,Buyer,,Wholesaler,0,0,84,A,Nationwide Lead Gen,NEW
HI-S-0624,Kimberly,Price,+18089183377,kimberly.price@yahoo.com,,2707 Canyon Dr,Kailua,Hawaii,HI,35310,Seller,Bankruptcy,Inherited Property - Not Interested,509030,317068,84,A,Nationwide Lead Gen,NEW
ID-S-0656,Tyler,King,+12087547509,tyler.king@gmail.com,,1668 Chestnut Ct,Boise,Idaho,ID,83736,Seller,Absentee Owner,Behind on Mortgage Payments,711469,116823,84,A,Nationwide Lead Gen,NEW
IL-S-0693,Scott,Cox,+12175599747,scott.cox@hotmail.com,,5781 Oak Ave,Springfield,Illinois,IL,95233,Seller,Condemned,Tired Landlord - Ready to Exit,943729,363137,84,A,Nationwide Lead Gen,NEW
IL-B-0727,Janet,Baker,+12173171394,janet.baker@outlook.com,Janet Solutions,,Springfield,Illinois,IL,,Buyer,,Buy and Hold,0,0,84,A,Nationwide Lead Gen,NEW
IN-S-0752,Elena,Williams,+15748191106,elena.williams@aol.com,,1401 Harrison Pkwy,South Bend,Indiana,IN,41705,Seller,Absentee Owner,Property Needs Major Repairs,592273,325290,84,A,Nationwide Lead Gen,NEW
KY-B-0953,Betty,Moore,+18595117307,betty.moore@yahoo.com,Betty Capital,,Covington,Kentucky,KY,,Buyer,,Wholesaler,0,0,84,A,Nationwide Lead Gen,NEW
LA-S-0989,Eric,Martin,+13188502343,eric.martin@outlook.com,,5551 Lake Dr,Shreveport,Louisiana,LA,90376,Seller,Eviction,Vacant Property - High Equity,492740,230991,84,A,Nationwide Lead Gen,NEW
LA-S-0997,Elizabeth,Martinez,+13377414648,elizabeth.martinez@yahoo.com,,2233 Industrial Dr,Lafayette,Louisiana,LA,34096,Seller,Tax Delinquent,Tax Lien & Pre-Foreclosure Opportunity,907515,52070,84,A,Nationwide Lead Gen,NEW
LA-S-1001,Samuel,Jimenez,+13183472759,samuel.jimenez@aol.com,,9225 Sunset Ave,Shreveport,Louisiana,LA,92177,Seller,Vacant Property,Behind on Mortgage Payments,216052,363129,84,A,Nationwide Lead Gen,NEW
LA-B-1013,Emma,Castillo,+13376193672,emma.castillo@gmail.com,Emma Acquisitions,,Lafayette,Louisiana,LA,,Buyer,,Buy and Hold,0,0,84,A,Nationwide Lead Gen,NEW
ME-S-1046,Linda,Nelson,+12077491726,linda.nelson@outlook.com,,2717 Adams Ave,Bangor,Maine,ME,17233,Seller,Tax Delinquent,Divorce Settlement Required,852048,271021,84,A,Nationwide Lead Gen,NEW
MD-S-1067,Christine,Martinez,+13015462490,christine.martinez@yahoo.com,,2653 Walnut St,Frederick,Maryland,MD,75755,Seller,High Equity,Avoiding Foreclosure Auction,209197,374389,84,A,Nationwide Lead Gen,NEW
MD-S-1106,Douglas,Robinson,+13012282661,douglas.robinson@yahoo.com,,1562 Valley Pkwy,Frederick,Maryland,MD,61635,Seller,Fire Damage,Property Needs Major Repairs,872814,373099,84,A,Nationwide Lead Gen,NEW
MD-B-1130,Timothy,Ward,+14436107548,timothy.ward@outlook.com,Timothy Properties,,Baltimore,Maryland,MD,,Buyer,,Investor,0,0,84,A,Nationwide Lead Gen,NEW
MA-B-1204,Christopher,Morgan,+16179008169,christopher.morgan@outlook.com,,,Boston,Massachusetts,MA,,Buyer,,REIT,0,0,84,A,Nationwide Lead Gen,NEW
MI-S-1238,Lisa,Lewis,+13132006263,lisa.lewis@outlook.com,,2025 Maple Pl,Detroit,Michigan,MI,48207,Seller,High Equity,Vacant Property - High Equity,877369,221649,84,A,Nationwide Lead Gen,NEW
MI-S-1239,Stephen,Diaz,+15179253343,stephen.diaz@hotmail.com,,2134 Innovation Ct,Lansing,Michigan,MI,91561,Seller,Eviction,Property Needs Major Repairs,779962,115525,84,A,Nationwide Lead Gen,NEW
MI-S-1254,Jonathan,Lewis,+15172335910,jonathan.lewis@gmail.com,,4551 Valley Ln,Lansing,Michigan,MI,75157,Seller,Absentee Owner,Out-of-State Absentee Landlord,834237,191123,84,A,Nationwide Lead Gen,NEW
MI-B-1268,Jennifer,Anderson,+13134008357,jennifer.anderson@yahoo.com,Jennifer Capital,,Detroit,Michigan,MI,,Buyer,,Buy and Hold,0,0,84,A,Nationwide Lead Gen,NEW
MI-B-1287,Amy,Richardson,+17345216487,amy.richardson@outlook.com,Amy Solutions,,Ann Arbor,Michigan,MI,,Buyer,,REIT,0,0,84,A,Nationwide Lead Gen,NEW
MN-S-1328,Kenneth,Myers,+12187534437,kenneth.myers@gmail.com,,195 Chestnut Blvd,Duluth,Minnesota,MN,54689,Seller,Probate,Distressed Property - Code Violations,809938,69842,84,A,Nationwide Lead Gen,NEW
MN-B-1350,Elena,Wilson,+16517453351,elena.wilson@yahoo.com,,,Minneapolis,Minnesota,MN,,Buyer,,Wholesaler,0,0,84,A,Nationwide Lead Gen,NEW
MN-B-1352,Linda,Ortiz,+16515176536,linda.ortiz@outlook.com,,,St. Paul,Minnesota,MN,,Buyer,,REIT,0,0,84,A,Nationwide Lead Gen,NEW
MN-B-1365,Kevin,Nelson,+12189675943,kevin.nelson@outlook.com,Kevin Solutions,,Duluth,Minnesota,MN,,Buyer,,Wholesaler,0,0,84,A,Nationwide Lead Gen,NEW
MS-S-1367,Deborah,Torres,+16017307926,deborah.torres@aol.com,,5351 Park Dr,Hattiesburg,Mississippi,MS,39462,Seller,Utility Shutoff,Distressed Property - Code Violations,835035,207143,84,A,Nationwide Lead Gen,NEW
MS-S-1371,Jennifer,Rodriguez,+16017313454,jennifer.rodriguez@aol.com,,3136 Walnut Way,Hattiesburg,Mississippi,MS,25151,Seller,Vacant Property,Inherited Property - Not Interested,732908,261716,84,A,Nationwide Lead Gen,NEW
MO-S-1398,Scott,Clark,+14176382539,scott.clark@aol.com,,9367 Peak Way,Springfield,Missouri,MO,90334,Seller,Absentee Owner,Tax Lien & Pre-Foreclosure Opportunity,272257,318960,84,A,Nationwide Lead Gen,NEW
MO-S-1400,Melissa,Howard,+13149364476,melissa.howard@gmail.com,,115 Sunset Pkwy,St. Louis,Missouri,MO,10403,Seller,Fire Damage,Avoiding Foreclosure Auction,710125,67248,84,A,Nationwide Lead Gen,NEW
MO-S-1433,Elena,Evans,+18162796601,elena.evans@yahoo.com,,1850 Sunset Way,Independence,Missouri,MO,92052,Seller,Absentee Owner,Out-of-State Absentee Landlord,734773,386838,84,A,Nationwide Lead Gen,NEW
MT-S-1476,Donald,Kelly,+14065922381,donald.kelly@aol.com,,6112 Birch Rd,Great Falls,Montana,MT,88554,Seller,Bankruptcy,Absentee Owner - Lives Out of State,188873,372914,84,A,Nationwide Lead Gen,NEW
NV-S-1543,Brian,Thomas,+17759968869,brian.thomas@aol.com,,2667 Lincoln Pkwy,Sparks,Nevada,NV,62222,Seller,Lien,Inherited Property - Not Interested,546952,329529,84,A,Nationwide Lead Gen,NEW
NV-B-1557,Brandon,Baker,+17758133256,brandon.baker@yahoo.com,Brandon Acquisitions,,Sparks,Nevada,NV,,Buyer,,Cash Buyer,0,0,84,A,Nationwide Lead Gen,NEW
NV-B-1560,Gloria,Miller,+17023851559,gloria.miller@gmail.com,,,Henderson,Nevada,NV,,Buyer,,Property Manager,0,0,84,A,Nationwide Lead Gen,NEW
NH-S-1566,Carmen,Sanchez,+16036813036,carmen.sanchez@hotmail.com,,9174 Madison Ln,Manchester,New Hampshire,NH,3134,Seller,Pre-Foreclosure,Financial Hardship - Needs Cash,831248,255043,84,A,Nationwide Lead Gen,NEW
NY-S-1726,Debra,Garcia,+17182617840,debra.garcia@yahoo.com,,9104 Vista Blvd,New York City,New York,NY,10071,Seller,Probate,Absentee Owner - Lives Out of State,874693,217764,84,A,Nationwide Lead Gen,NEW
NY-B-1753,Aaron,Hernandez,+15189958018,aaron.hernandez@outlook.com,Aaron Investments,,Albany,New York,NY,,Buyer,,Investor,0,0,84,A,Nationwide Lead Gen,NEW
NY-B-1766,Jack,Gonzalez,+16463398630,jack.gonzalez@yahoo.com,,,New York City,New York,NY,,Buyer,,Developer,0,0,84,A,Nationwide Lead Gen,NEW
NY-B-1769,Gloria,Hall,+13152967742,gloria.hall@gmail.com,,,Syracuse,New York,NY,,Buyer,,REIT,0,0,84,A,Nationwide Lead Gen,NEW
NC-S-1820,Kenneth,Davis,+13365381441,kenneth.davis@gmail.com,,7580 Sunrise Ln,Greensboro,North Carolina,NC,74716,Seller,Tax Delinquent,Inherited Family Estate (Probate),928937,51421,84,A,Nationwide Lead Gen,NEW
ND-B-1871,Amanda,Clark,+17017714322,amanda.clark@outlook.com,Amanda Realty,,Grand Forks,North Dakota,ND,,Buyer,,Property Manager,0,0,84,A,Nationwide Lead Gen,NEW
OH-S-1886,Mark,Peterson,+14194496670,mark.peterson@gmail.com,,3733 Jefferson Ct,Toledo,Ohio,OH,16639,Seller,Pre-Foreclosure,Distressed Property - Code Violations,543338,282131,84,A,Nationwide Lead Gen,NEW
OK-S-2000,Gloria,Castillo,+19187079199,gloria.castillo@yahoo.com,,4461 Highland Pkwy,Broken Arrow,Oklahoma,OK,58808,Seller,Code Violation,Tired Landlord - Ready to Exit,504039,283146,84,A,Nationwide Lead Gen,NEW
OR-S-2042,Ashley,Robinson,+15034254845,ashley.robinson@gmail.com,,9734 Technology Pkwy,Portland,Oregon,OR,97290,Seller,High Equity,Distressed Property - Code Violations,413923,84441,84,A,Nationwide Lead Gen,NEW
PA-B-2166,Timothy,Ross,+18142186254,timothy.ross@gmail.com,,,Erie,Pennsylvania,PA,,Buyer,,Investor,0,0,84,A,Nationwide Lead Gen,NEW
RI-S-2182,Patricia,Wilson,+14013744531,patricia.wilson@gmail.com,,5641 Lake Pl,Warwick,Rhode Island,RI,30965,Seller,Code Violation,Inherited Property - Not Interested,635640,264128,84,A,Nationwide Lead Gen,NEW
SC-B-2271,Brian,Foster,+18436349731,brian.foster@gmail.com,,,Charleston,South Carolina,SC,,Buyer,,Fix & Flip,0,0,84,A,Nationwide Lead Gen,NEW
SC-B-2273,Donna,Lewis,+18432251769,donna.lewis@gmail.com,Donna Home Buyers,,Charleston,South Carolina,SC,,Buyer,,Developer,0,0,84,A,Nationwide Lead Gen,NEW
TN-B-2371,Helen,Lewis,+18656598266,helen.lewis@yahoo.com,Helen Realty,,Knoxville,Tennessee,TN,,Buyer,,Property Manager,0,0,84,A,Nationwide Lead Gen,NEW
TN-B-2378,Zachary,Scott,+19018436111,zachary.scott@outlook.com,,,Memphis,Tennessee,TN,,Buyer,,REIT,0,0,84,A,Nationwide Lead Gen,NEW
TX-S-2390,Nathan,Reed,+18174259025,nathan.reed@aol.com,,5100 Pine Rd,Fort Worth,Texas,TX,69296,Seller,Absentee Owner,Inherited Property - Not Interested,656305,77812,84,A,Nationwide Lead Gen,NEW
TX-B-2437,Carol,Young,+12103547061,carol.young@yahoo.com,,,San Antonio,Texas,TX,,Buyer,,Cash Buyer,0,0,84,A,Nationwide Lead Gen,NEW
TX-B-2444,Thomas,Phillips,+19154261163,thomas.phillips@outlook.com,,,El Paso,Texas,TX,,Buyer,,Cash Buyer,0,0,84,A,Nationwide Lead Gen,NEW
UT-S-2467,Jessica,Richardson,+18018462099,jessica.richardson@gmail.com,,5027 Meadow Ln,West Valley City,Utah,UT,42998,Seller,Tax Delinquent,Behind on Mortgage Payments,751932,355957,84,A,Nationwide Lead Gen,NEW
UT-S-2500,Robert,Murphy,+18013145850,robert.murphy@yahoo.com,,2077 Valley Pkwy,Ogden,Utah,UT,65986,Seller,Condemned,Absentee Owner - Lives Out of State,629124,232790,84,A,Nationwide Lead Gen,NEW
VA-S-2568,Thomas,Peterson,+17576076569,thomas.peterson@hotmail.com,,4834 Enterprise Blvd,Virginia Beach,Virginia,VA,23466,Seller,Judgment,Tax Lien & Pre-Foreclosure Opportunity,923475,252340,84,A,Nationwide Lead Gen,NEW
VA-B-2620,Christine,Torres,+17579204526,christine.torres@outlook.com,Christine Solutions,,Norfolk,Virginia,VA,,Buyer,,Cash Buyer,0,0,84,A,Nationwide Lead Gen,NEW
WA-S-2646,Kathleen,Davis,+15097749956,kathleen.davis@outlook.com,,8365 Park Pkwy,Spokane,Washington,WA,96806,Seller,Utility Shutoff,Divorce Settlement Required,850254,265533,84,A,Nationwide Lead Gen,NEW
WA-B-2691,Andrew,Davis,+12532819876,andrew.davis@outlook.com,,,Tacoma,Washington,WA,,Buyer,,Fix & Flip,0,0,84,A,Nationwide Lead Gen,NEW
WA-B-2706,Ruth,Hill,+14254917710,ruth.hill@outlook.com,Ruth Home Buyers,,Bellevue,Washington,WA,,Buyer,,Wholesaler,0,0,84,A,Nationwide Lead Gen,NEW
AK-B-0102,Christopher,Torres,+19074134374,christopher.torres@yahoo.com,,,Fairbanks,Alaska,AK,,Buyer,,Buy and Hold,0,0,83,A,Nationwide Lead Gen,NEW
AZ-S-0140,Edward,Ruiz,+16022286433,edward.ruiz@outlook.com,,5735 Summit Ave,Phoenix,Arizona,AZ,85093,Seller,Lien,Behind on Mortgage Payments,265235,44998,83,A,Nationwide Lead Gen,NEW
AZ-S-0155,Jason,Cooper,+14806082663,jason.cooper@yahoo.com,,5178 Lake St,Chandler,Arizona,AZ,43471,Seller,High Equity,Divorce Settlement Required,775388,96831,83,A,Nationwide Lead Gen,NEW
AR-B-0203,Donna,Bennett,+15013672418,donna.bennett@outlook.com,,,Little Rock,Arkansas,AR,,Buyer,,Property Manager,0,0,83,A,Nationwide Lead Gen,NEW
CA-S-0213,Anthony,Cox,+19167543433,anthony.cox@aol.com,,8029 Birch Rd,Sacramento,California,CA,36791,Seller,Utility Shutoff,Property in Probate - Estate Settlement,636363,283416,83,A,Nationwide Lead Gen,NEW
CA-S-0230,Carlos,Castillo,+18582015132,carlos.castillo@outlook.com,,6970 Jackson Dr,San Diego,California,CA,92192,Seller,Tax Delinquent,Inherited Property - Not Interested,236699,374226,83,A,Nationwide Lead Gen,NEW
CA-B-0266,Linda,Gutierrez,+15593333475,linda.gutierrez@outlook.com,,,Fresno,California,CA,,Buyer,,Cash Buyer,0,0,83,A,Nationwide Lead Gen,NEW
CA-B-0272,Kathleen,Parker,+18189269187,kathleen.parker@outlook.com,,,Los Angeles,California,CA,,Buyer,,Fix & Flip,0,0,83,A,Nationwide Lead Gen,NEW
CO-S-0296,Matthew,Mitchell,+13034849161,matthew.mitchell@outlook.com,,9558 Monroe Dr,Aurora,Colorado,CO,11417,Seller,Absentee Owner,Divorce Settlement Required,383428,314481,83,A,Nationwide Lead Gen,NEW
CO-S-0307,Sharon,Reyes,+17193599726,sharon.reyes@hotmail.com,,9686 Jackson Rd,Colorado Springs,Colorado,CO,55280,Seller,Condemned,Property Needs Major Repairs,238204,111861,83,A,Nationwide Lead Gen,NEW
CO-S-0311,Brenda,Smith,+17192953220,brenda.smith@hotmail.com,,178 Park Ct,Colorado Springs,Colorado,CO,49443,Seller,Tax Delinquent,Job Relocation - Must Sell Fast,593957,109109,83,A,Nationwide Lead Gen,NEW
CO-S-0313,Katherine,Perez,+17192895089,katherine.perez@gmail.com,,5400 Industrial Ave,Colorado Springs,Colorado,CO,26997,Seller,Utility Shutoff,Inherited Family Estate (Probate),796241,282521,83,A,Nationwide Lead Gen,NEW
CT-S-0392,Shirley,Carter,+12036189813,shirley.carter@yahoo.com,,1755 Creek Way,New Haven,Connecticut,CT,44901,Seller,Vacant Property,Divorce Settlement Required,258081,173499,83,A,Nationwide Lead Gen,NEW
CT-B-0433,Benjamin,Wood,+14753839653,benjamin.wood@outlook.com,,,New Haven,Connecticut,CT,,Buyer,,REIT,0,0,83,A,Nationwide Lead Gen,NEW
DE-S-0444,Anthony,Gray,+13024347695,anthony.gray@outlook.com,,9312 Technology Dr,Dover,Delaware,DE,55906,Seller,High Equity,Behind on Mortgage Payments,750692,137167,83,A,Nationwide Lead Gen,NEW
DE-S-0446,Debra,Howard,+13025628401,debra.howard@hotmail.com,,7765 Hickory Pl,Newark,Delaware,DE,36770,Seller,Fire Damage,Tax Lien & Pre-Foreclosure Opportunity,208805,299252,83,A,Nationwide Lead Gen,NEW
DE-S-0447,Peter,Torres,+13023454957,peter.torres@outlook.com,,9949 Highland Pkwy,Dover,Delaware,DE,79714,Seller,Judgment,Property Needs Major Repairs,660510,76486,83,A,Nationwide Lead Gen,NEW
HI-B-0642,Linda,Jimenez,+18082123725,linda.jimenez@gmail.com,,,Hilo,Hawaii,HI,,Buyer,,Developer,0,0,83,A,Nationwide Lead Gen,NEW
ID-B-0671,Carol,Watson,+12085499718,carol.watson@outlook.com,,,Boise,Idaho,ID,,Buyer,,Investor,0,0,83,A,Nationwide Lead Gen,NEW
ID-B-0672,Angela,Nguyen,+12089495563,angela.nguyen@yahoo.com,,,Idaho Falls,Idaho,ID,,Buyer,,Developer,0,0,83,A,Nationwide Lead Gen,NEW
IL-S-0680,Ruth,Cooper,+17735584773,ruth.cooper@yahoo.com,,8577 Lake Ct,Chicago,Illinois,IL,60639,Seller,Tax Delinquent,Avoiding Foreclosure Auction,591395,76538,83,A,Nationwide Lead Gen,NEW
IL-B-0746,Kimberly,Brooks,+16307637027,kimberly.brooks@gmail.com,Kimberly Solutions,,Aurora,Illinois,IL,,Buyer,,Property Manager,0,0,83,A,Nationwide Lead Gen,NEW
IA-S-0831,Carmen,Sanders,+15639399899,carmen.sanders@aol.com,,3264 Summit Dr,Davenport,Iowa,IA,51049,Seller,Probate,Tired Landlord - Ready to Exit,309568,178369,83,A,Nationwide Lead Gen,NEW
IA-S-0837,Gregory,Brown,+15634473677,gregory.brown@hotmail.com,,4071 Monroe Pkwy,Davenport,Iowa,IA,18613,Seller,Bankruptcy,Divorce Settlement Required,251195,387882,83,A,Nationwide Lead Gen,NEW
KS-S-0868,Henry,Thompson,+19132829809,henry.thompson@hotmail.com,,4827 Hill Dr,Kansas City,Kansas,KS,81926,Seller,Probate,Inherited Property - Not Interested,693532,373406,83,A,Nationwide Lead Gen,NEW
KS-S-0872,Elena,Thomas,+19138069988,elena.thomas@outlook.com,,3687 Hickory Pl,Overland Park,Kansas,KS,72754,Seller,Tax Delinquent,Behind on Mortgage Payments,673382,104329,83,A,Nationwide Lead Gen,NEW
KY-S-0897,Adam,Lewis,+15026806434,adam.lewis@yahoo.com,,9313 Pine Blvd,Louisville,Kentucky,KY,40298,Seller,Utility Shutoff,Tired Landlord - Ready to Exit,753813,88703,83,A,Nationwide Lead Gen,NEW
KY-S-0899,Gary,Kim,+18593034314,gary.kim@outlook.com,,6654 Sunset Pl,Lexington,Kentucky,KY,94794,Seller,Probate,Tired Landlord - Ready to Exit,613403,107002,83,A,Nationwide Lead Gen,NEW
LA-S-0965,Brenda,Gomez,+15045084102,brenda.gomez@gmail.com,,5269 Main Way,New Orleans,Louisiana,LA,70127,Seller,Vacant Property,Out-of-State Absentee Landlord,494990,269962,83,A,Nationwide Lead Gen,NEW
LA-S-0983,Jason,Mendoza,+13187703155,jason.mendoza@yahoo.com,,8728 Lincoln Way,Shreveport,Louisiana,LA,36880,Seller,Condemned,Behind on Mortgage Payments,288078,303913,83,A,Nationwide Lead Gen,NEW
LA-S-0999,Yolanda,Ramos,+15049562247,yolanda.ramos@gmail.com,,6928 Canyon Ct,New Orleans,Louisiana,LA,70188,Seller,Bankruptcy,Absentee Owner - Lives Out of State,794289,41418,83,A,Nationwide Lead Gen,NEW
ME-S-1052,Yolanda,Thomas,+12079795719,yolanda.thomas@hotmail.com,,4560 Forest Rd,Lewiston,Maine,ME,67947,Seller,Eviction,Property in Probate - Estate Settlement,754521,146567,83,A,Nationwide Lead Gen,NEW
ME-S-1054,Charles,Edwards,+12079365587,charles.edwards@yahoo.com,,5857 Washington Ave,Bangor,Maine,ME,85040,Seller,Eviction,Tax Lien & Pre-Foreclosure Opportunity,940622,265823,83,A,Nationwide Lead Gen,NEW
MD-S-1100,Sylvia,Howard,+13018176856,sylvia.howard@aol.com,,6554 Maple Pl,Gaithersburg,Maryland,MD,94503,Seller,Vacant Property,Financial Hardship - Needs Cash,775266,242784,83,A,Nationwide Lead Gen,NEW
MD-S-1103,Yolanda,Evans,+13012963735,yolanda.evans@yahoo.com,,2855 Walnut Way,Rockville,Maryland,MD,34795,Seller,Pre-Foreclosure,Inherited Property - Not Interested,447204,217327,83,A,Nationwide Lead Gen,NEW
MD-B-1138,Jerry,Morales,+14109276386,jerry.morales@yahoo.com,Jerry Realty,,Baltimore,Maryland,MD,,Buyer,,Developer,0,0,83,A,Nationwide Lead Gen,NEW
MA-B-1196,Samuel,King,+15082308159,samuel.king@yahoo.com,Samuel Solutions,,Worcester,Massachusetts,MA,,Buyer,,Cash Buyer,0,0,83,A,Nationwide Lead Gen,NEW
MI-S-1246,Carol,Ross,+15173701006,carol.ross@hotmail.com,,7263 Ridge Pkwy,Lansing,Michigan,MI,37075,Seller,Utility Shutoff,Distressed Property - Code Violations,648036,214356,83,A,Nationwide Lead Gen,NEW
MN-S-1295,Douglas,Rogers,+15076175422,douglas.rogers@aol.com,,6579 Innovation Ave,Rochester,Minnesota,MN,96672,Seller,Vacant Property,Inherited Family Estate (Probate),774099,215285,83,A,Nationwide Lead Gen,NEW
MN-B-1353,Christopher,Hughes,+15075438884,christopher.hughes@gmail.com,Christopher Investments,,Rochester,Minnesota,MN,,Buyer,,Investor,0,0,83,A,Nationwide Lead Gen,NEW
MN-B-1361,Steven,Allen,+16515609611,steven.allen@yahoo.com,Steven Investments,,St. Paul,Minnesota,MN,,Buyer,,REIT,0,0,83,A,Nationwide Lead Gen,NEW
MO-S-1401,Rebecca,Thomas,+18164261956,rebecca.thomas@aol.com,,6354 Summit Ave,Independence,Missouri,MO,58335,Seller,Lien,Avoiding Foreclosure Auction,208040,353672,83,A,Nationwide Lead Gen,NEW
MO-B-1451,Robert,Hernandez,+18162913242,robert.hernandez@outlook.com,,,Independence,Missouri,MO,,Buyer,,Property Manager,0,0,83,A,Nationwide Lead Gen,NEW
NV-S-1538,William,Rogers,+17757628190,william.rogers@aol.com,,5880 Spring Ave,Sparks,Nevada,NV,58220,Seller,Code Violation,Distressed Property - Code Violations,931163,223204,83,A,Nationwide Lead Gen,NEW
NV-B-1558,Amy,Hughes,+17758096445,amy.hughes@gmail.com,,,Reno,Nevada,NV,,Buyer,,Developer,0,0,83,A,Nationwide Lead Gen,NEW
NH-S-1569,Linda,Foster,+16032051642,linda.foster@gmail.com,,5986 Madison Dr,Concord,New Hampshire,NH,58013,Seller,Code Violation,Inherited Property - Not Interested,405175,49332,83,A,Nationwide Lead Gen,NEW
NH-B-1588,Carolyn,Cox,+16035622001,carolyn.cox@outlook.com,Carolyn Properties,,Manchester,New Hampshire,NH,,Buyer,,Wholesaler,0,0,83,A,Nationwide Lead Gen,NEW
NJ-S-1596,Dorothy,Howard,+19738851322,dorothy.howard@yahoo.com,,5493 Monroe Rd,Paterson,New Jersey,NJ,75057,Seller,Tax Delinquent,Financial Hardship - Needs Cash,720056,136960,83,A,Nationwide Lead Gen,NEW
NJ-S-1602,Sarah,Cruz,+19735685270,sarah.cruz@hotmail.com,,7252 Spring Dr,Paterson,New Jersey,NJ,61976,Seller,Absentee Owner,Out-of-State Absentee Landlord,509538,335683,83,A,Nationwide Lead Gen,NEW
NJ-S-1619,Douglas,Martinez,+19735651199,douglas.martinez@hotmail.com,,6320 Hickory Blvd,Paterson,New Jersey,NJ,47298,Seller,Absentee Owner,Property in Probate - Estate Settlement,948590,262142,83,A,Nationwide Lead Gen,NEW
NJ-B-1654,Helen,Cruz,+19737546115,helen.cruz@yahoo.com,Helen Holdings,,Paterson,New Jersey,NJ,,Buyer,,Property Manager,0,0,83,A,Nationwide Lead Gen,NEW
NM-S-1683,Charles,Ramirez,+15059805832,charles.ramirez@yahoo.com,,4772 Innovation Way,Santa Fe,New Mexico,NM,63908,Seller,Lien,Avoiding Foreclosure Auction,891708,110524,83,A,Nationwide Lead Gen,NEW
NY-S-1700,Michelle,Jackson,+15852877415,michelle.jackson@aol.com,,5515 Meadow Ave,Rochester,New York,NY,95069,Seller,Condemned,Financial Hardship - Needs Cash,427193,249733,83,A,Nationwide Lead Gen,NEW
NY-S-1705,Larry,Smith,+13152077717,larry.smith@aol.com,,1241 Creek Ct,Syracuse,New York,NY,10426,Seller,Fire Damage,Tired Landlord - Ready to Exit,623469,209019,83,A,Nationwide Lead Gen,NEW
NY-S-1708,Sylvia,Cook,+17168187148,sylvia.cook@hotmail.com,,983 Summit Ave,Buffalo,New York,NY,14205,Seller,Eviction,Divorce Settlement Required,320078,92038,83,A,Nationwide Lead Gen,NEW
NC-S-1785,Susan,Long,+19199447438,susan.long@yahoo.com,,5802 Canyon Blvd,Raleigh,North Carolina,NC,82312,Seller,Code Violation,Tired Landlord - Ready to Exit,875718,357319,83,A,Nationwide Lead Gen,NEW
NC-B-1822,Tyler,Wood,+13367833782,tyler.wood@yahoo.com,,,Greensboro,North Carolina,NC,,Buyer,,Developer,0,0,83,A,Nationwide Lead Gen,NEW
NC-B-1826,Ruth,Morris,+19197376390,ruth.morris@gmail.com,Ruth Home Buyers,,Raleigh,North Carolina,NC,,Buyer,,Property Manager,0,0,83,A,Nationwide Lead Gen,NEW
NC-B-1839,Ronald,Hall,+19198284019,ronald.hall@gmail.com,Ronald Solutions,,Raleigh,North Carolina,NC,,Buyer,,Investor,0,0,83,A,Nationwide Lead Gen,NEW
OH-S-1901,Alexander,Martinez,+12163021422,alexander.martinez@hotmail.com,,4372 Sunrise Way,Cleveland,Ohio,OH,83249,Seller,Condemned,Tired Landlord - Ready to Exit,428043,221834,83,A,Nationwide Lead Gen,NEW
OH-S-1905,Frank,Price,+13808595017,frank.price@yahoo.com,,7724 Hill Ave,Columbus,Ohio,OH,43266,Seller,Judgment,Property Needs Major Repairs,362585,120830,83,A,Nationwide Lead Gen,NEW
OH-S-1910,Gregory,Foster,+12164021159,gregory.foster@yahoo.com,,283 Canyon Ln,Cleveland,Ohio,OH,33701,Seller,Utility Shutoff,Distressed Property - Code Violations,854237,85247,83,A,Nationwide Lead Gen,NEW
OH-S-1915,Kevin,Ortiz,+12167405245,kevin.ortiz@yahoo.com,,7824 Summit Rd,Cleveland,Ohio,OH,98895,Seller,Condemned,Job Relocation - Must Sell Fast,284042,294028,83,A,Nationwide Lead Gen,NEW
OK-S-1967,Betty,Morgan,+14056158089,betty.morgan@aol.com,,4956 Monroe Way,Oklahoma City,Oklahoma,OK,73129,Seller,Tax Delinquent,Inherited Family Estate (Probate),909559,50531,83,A,Nationwide Lead Gen,NEW
OK-B-2010,Jason,Robinson,+19186891365,jason.robinson@gmail.com,,,Broken Arrow,Oklahoma,OK,,Buyer,,Property Manager,0,0,83,A,Nationwide Lead Gen,NEW
OR-S-2063,Jerry,Walker,+15416488641,jerry.walker@yahoo.com,,2530 Lincoln Dr,Eugene,Oregon,OR,17269,Seller,Vacant Property,Job Relocation - Must Sell Fast,808367,131689,83,A,Nationwide Lead Gen,NEW
OR-B-2092,Nicole,Davis,+15416509147,nicole.davis@gmail.com,,,Bend,Oregon,OR,,Buyer,,Property Manager,0,0,83,A,Nationwide Lead Gen,NEW
PA-S-2118,Christopher,Scott,+16106822926,christopher.scott@aol.com,,8073 Valley Blvd,Allentown,Pennsylvania,PA,84171,Seller,Absentee Owner,Avoiding Foreclosure Auction,248719,176936,83,A,Nationwide Lead Gen,NEW
PA-B-2167,Adam,Ross,+16107895396,adam.ross@yahoo.com,Adam Home Buyers,,Allentown,Pennsylvania,PA,,Buyer,,Investor,0,0,83,A,Nationwide Lead Gen,NEW
RI-S-2190,Karen,Cruz,+14015929339,karen.cruz@aol.com,,7049 Park Rd,Cranston,Rhode Island,RI,49065,Seller,High Equity,Tired Landlord - Ready to Exit,137353,333603,83,A,Nationwide Lead Gen,NEW
RI-B-2197,Gregory,Sanders,+14017876272,gregory.sanders@gmail.com,,,Providence,Rhode Island,RI,,Buyer,,Wholesaler,0,0,83,A,Nationwide Lead Gen,NEW
SC-S-2240,Lisa,Lewis,+18039583500,lisa.lewis@yahoo.com,,3600 Lincoln Rd,Columbia,South Carolina,SC,33860,Seller,Eviction,Property in Probate - Estate Settlement,504509,377533,83,A,Nationwide Lead Gen,NEW
SC-S-2249,Kathleen,Hughes,+18037731402,kathleen.hughes@aol.com,,6479 River Ave,Columbia,South Carolina,SC,51126,Seller,Eviction,Out-of-State Absentee Landlord,890635,349382,83,A,Nationwide Lead Gen,NEW
SD-S-2292,Amy,Hughes,+16056773112,amy.hughes@aol.com,,9308 Garden Pl,Aberdeen,South Dakota,SD,11451,Seller,Condemned,Financial Hardship - Needs Cash,899929,370496,83,A,Nationwide Lead Gen,NEW
SD-S-2296,Patricia,Walker,+16057903810,patricia.walker@aol.com,,4010 Garden Blvd,Rapid City,South Dakota,SD,51752,Seller,Pre-Foreclosure,Property in Probate - Estate Settlement,419539,100963,83,A,Nationwide Lead Gen,NEW
SD-B-2308,Kathleen,Lewis,+16053558572,kathleen.lewis@yahoo.com,Kathleen Capital,,Sioux Falls,South Dakota,SD,,Buyer,,Fix & Flip,0,0,83,A,Nationwide Lead Gen,NEW
TN-S-2319,Judy,Green,+19016818371,judy.green@aol.com,,9003 Canyon Ln,Memphis,Tennessee,TN,45947,Seller,Fire Damage,Financial Hardship - Needs Cash,197622,348729,83,A,Nationwide Lead Gen,NEW
TX-S-2394,Sylvia,Thomas,+14696365071,sylvia.thomas@hotmail.com,,2680 Hickory Ln,Dallas,Texas,TX,75291,Seller,Tax Delinquent,Property Needs Major Repairs,897335,224480,83,A,Nationwide Lead Gen,NEW
TX-S-2427,Jessica,Mendoza,+19158957290,jessica.mendoza@yahoo.com,,5833 Madison Pkwy,El Paso,Texas,TX,77804,Seller,Absentee Owner,Behind on Mortgage Payments,848412,355000,83,A,Nationwide Lead Gen,NEW
UT-S-2482,Jessica,Diaz,+18016558879,jessica.diaz@yahoo.com,,2759 Valley Ct,Salt Lake City,Utah,UT,84187,Seller,Fire Damage,Behind on Mortgage Payments,632585,262543,83,A,Nationwide Lead Gen,NEW
UT-B-2531,Ruth,Alvarez,+18012018434,ruth.alvarez@gmail.com,,,Provo,Utah,UT,,Buyer,,REIT,0,0,83,A,Nationwide Lead Gen,NEW
UT-B-2532,Carol,Torres,+18014718327,carol.torres@outlook.com,Carol Holdings,,Ogden,Utah,UT,,Buyer,,Investor,0,0,83,A,Nationwide Lead Gen,NEW
VA-S-2586,Edward,Myers,+17037172800,edward.myers@yahoo.com,,9126 Ridge Pl,Arlington,Virginia,VA,83836,Seller,Bankruptcy,Inherited Family Estate (Probate),535950,190592,83,A,Nationwide Lead Gen,NEW
WA-S-2671,Laura,Reed,+12536554329,laura.reed@outlook.com,,7977 Innovation St,Seattle,Washington,WA,98123,Seller,Vacant Property,Job Relocation - Must Sell Fast,310648,360262,83,A,Nationwide Lead Gen,NEW
WI-B-2806,Richard,Ramos,+19203363317,richard.ramos@gmail.com,,,Green Bay,Wisconsin,WI,,Buyer,,Fix & Flip,0,0,83,A,Nationwide Lead Gen,NEW
AK-S-0083,Eric,Morgan,+19075595739,eric.morgan@aol.com,,5291 Canyon Ct,Anchorage,Alaska,AK,99541,Seller,Utility Shutoff,Tax Lien & Pre-Foreclosure Opportunity,769902,284121,82,A,Nationwide Lead Gen,NEW
AK-S-0086,George,Green,+19073515450,george.green@yahoo.com,,2053 Birch Ln,Juneau,Alaska,AK,64853,Seller,High Equity,Tired Landlord - Ready to Exit,892401,257897,82,A,Nationwide Lead Gen,NEW
AZ-S-0110,Christopher,Phillips,+14804683827,christopher.phillips@aol.com,,1015 Harrison Ave,Mesa,Arizona,AZ,74813,Seller,Tax Delinquent,Tax Lien & Pre-Foreclosure Opportunity,333378,313441,82,A,Nationwide Lead Gen,NEW
AZ-S-0112,Judy,Nelson,+15206696914,judy.nelson@aol.com,,8653 Oak Rd,Tucson,Arizona,AZ,85779,Seller,Code Violation,Property Needs Major Repairs,172660,69528,82,A,Nationwide Lead Gen,NEW
AZ-S-0114,James,Bennett,+14805986624,james.bennett@gmail.com,,7199 Hill Blvd,Phoenix,Arizona,AZ,85076,Seller,Lien,Behind on Mortgage Payments,213003,165968,82,A,Nationwide Lead Gen,NEW
AZ-S-0116,Patrick,Chavez,+14806373903,patrick.chavez@outlook.com,,148 Innovation Dr,Chandler,Arizona,AZ,64429,Seller,Bankruptcy,Financial Hardship - Needs Cash,454367,292921,82,A,Nationwide Lead Gen,NEW
AZ-S-0119,Ashley,Campbell,+14806814176,ashley.campbell@hotmail.com,,2281 Garden Way,Mesa,Arizona,AZ,95680,Seller,Judgment,Vacant Property - High Equity,655759,366417,82,A,Nationwide Lead Gen,NEW
AZ-S-0139,Ryan,Wright,+15202173770,ryan.wright@outlook.com,,1468 Washington Pl,Tucson,Arizona,AZ,85782,Seller,High Equity,Inherited Property - Not Interested,792091,255968,82,A,Nationwide Lead Gen,NEW
CA-S-0227,Carmen,James,+16695391721,carmen.james@yahoo.com,,7403 Vista St,San Jose,California,CA,85837,Seller,Utility Shutoff,Vacant Property - High Equity,558896,139930,82,A,Nationwide Lead Gen,NEW
CA-S-0241,Steven,Sanders,+16693349921,steven.sanders@gmail.com,,1912 Birch Ave,San Jose,California,CA,86966,Seller,Bankruptcy,Absentee Owner - Lives Out of State,634112,116961,82,A,Nationwide Lead Gen,NEW
CA-S-0259,Irene,Wood,+14155057095,irene.wood@gmail.com,,8875 Birch Ct,San Francisco,California,CA,73768,Seller,Judgment,Divorce Settlement Required,583514,55237,82,A,Nationwide Lead Gen,NEW
CT-S-0362,Daniel,Lopez,+12035691716,daniel.lopez@hotmail.com,,1854 Highland Way,Bridgeport,Connecticut,CT,26621,Seller,Bankruptcy,Inherited Family Estate (Probate),831779,210486,82,A,Nationwide Lead Gen,NEW
FL-S-0488,Katherine,Jimenez,+13056428765,katherine.jimenez@gmail.com,,1864 Innovation Pl,Miami,Florida,FL,33150,Seller,Vacant Property,Behind on Mortgage Payments,771885,208995,82,A,Nationwide Lead Gen,NEW
FL-S-0496,Rosa,Chavez,+19048702984,rosa.chavez@gmail.com,,2061 Meadow Ave,Jacksonville,Florida,FL,77372,Seller,Code Violation,Tax Lien & Pre-Foreclosure Opportunity,270363,129141,82,A,Nationwide Lead Gen,NEW
GA-B-0609,John,King,+19128161847,john.king@outlook.com,,,Savannah,Georgia,GA,,Buyer,,Property Manager,0,0,82,A,Nationwide Lead Gen,NEW
HI-S-0635,Rebecca,Mendoza,+18086545810,rebecca.mendoza@aol.com,,3282 Maple St,Kailua,Hawaii,HI,96820,Seller,Fire Damage,Job Relocation - Must Sell Fast,692316,356696,82,A,Nationwide Lead Gen,NEW
ID-S-0653,Carlos,Morales,+12083099468,carlos.morales@gmail.com,,221 Maple Way,Nampa,Idaho,ID,73418,Seller,Absentee Owner,Tired Landlord - Ready to Exit,357924,157921,82,A,Nationwide Lead Gen,NEW
IL-B-0741,Jennifer,Torres,+18728235635,jennifer.torres@yahoo.com,Jennifer Holdings,,Chicago,Illinois,IL,,Buyer,,Buy and Hold,0,0,82,A,Nationwide Lead Gen,NEW
IL-B-0744,Sylvia,Diaz,+13315882678,sylvia.diaz@gmail.com,,,Naperville,Illinois,IL,,Buyer,,Developer,0,0,82,A,Nationwide Lead Gen,NEW
IA-B-0850,Joshua,Turner,+17129113907,joshua.turner@yahoo.com,Joshua Investments,,Sioux City,Iowa,IA,,Buyer,,Investor,0,0,82,A,Nationwide Lead Gen,NEW
KS-S-0867,Cynthia,Watson,+19138582470,cynthia.watson@gmail.com,,6719 Main Ave,Overland Park,Kansas,KS,92880,Seller,Code Violation,Avoiding Foreclosure Auction,876738,208565,82,A,Nationwide Lead Gen,NEW
KS-B-0883,Betty,Morris,+19137877032,betty.morris@yahoo.com,,,Overland Park,Kansas,KS,,Buyer,,Fix & Flip,0,0,82,A,Nationwide Lead Gen,NEW
KY-S-0887,Tyler,Reed,+15022021459,tyler.reed@gmail.com,,7490 Madison Dr,Louisville,Kentucky,KY,40253,Seller,Probate,Tax Lien & Pre-Foreclosure Opportunity,779172,193073,82,A,Nationwide Lead Gen,NEW
KY-S-0916,Eric,Collins,+12707969261,eric.collins@hotmail.com,,8715 Business St,Bowling Green,Kentucky,KY,22763,Seller,Fire Damage,Inherited Property - Not Interested,403666,122383,82,A,Nationwide Lead Gen,NEW
KY-B-0948,Scott,Evans,+18596647109,scott.evans@outlook.com,,,Covington,Kentucky,KY,,Buyer,,Investor,0,0,82,A,Nationwide Lead Gen,NEW
KY-B-0960,Heather,Ramirez,+18597186145,heather.ramirez@outlook.com,Heather Investments,,Lexington,Kentucky,KY,,Buyer,,Buy and Hold,0,0,82,A,Nationwide Lead Gen,NEW
LA-S-0988,Maria,King,+12252841309,maria.king@hotmail.com,,7175 Park Rd,Baton Rouge,Louisiana,LA,44431,Seller,Utility Shutoff,Divorce Settlement Required,852720,216915,82,A,Nationwide Lead Gen,NEW
LA-S-1008,Raymond,Flores,+13184802336,raymond.flores@gmail.com,,4173 Elm Rd,Shreveport,Louisiana,LA,41679,Seller,Pre-Foreclosure,Avoiding Foreclosure Auction,357418,79102,82,A,Nationwide Lead Gen,NEW
LA-S-1010,David,Ward,+15046633858,david.ward@yahoo.com,,900 Commerce Ave,New Orleans,Louisiana,LA,70142,Seller,Lien,Financial Hardship - Needs Cash,428867,345434,82,A,Nationwide Lead Gen,NEW
LA-B-1017,Donald,White,+12259671812,donald.white@gmail.com,Donald Acquisitions,,Baton Rouge,Louisiana,LA,,Buyer,,Cash Buyer,0,0,82,A,Nationwide Lead Gen,NEW
LA-B-1025,Ronald,Lopez,+13187741811,ronald.lopez@yahoo.com,Ronald Capital,,Shreveport,Louisiana,LA,,Buyer,,Cash Buyer,0,0,82,A,Nationwide Lead Gen,NEW
ME-S-1036,Karen,Moore,+12075039703,karen.moore@hotmail.com,,3306 Summit Pl,Bangor,Maine,ME,98904,Seller,Condemned,Avoiding Foreclosure Auction,800591,161824,82,A,Nationwide Lead Gen,NEW
MD-S-1105,Dennis,Lopez,+14108096062,dennis.lopez@gmail.com,,4876 Chestnut St,Baltimore,Maryland,MD,21208,Seller,Utility Shutoff,Financial Hardship - Needs Cash,582711,298114,82,A,Nationwide Lead Gen,NEW
MD-S-1110,Larry,Mendoza,+13012349651,larry.mendoza@outlook.com,,2489 Sunrise Ln,Gaithersburg,Maryland,MD,18478,Seller,Lien,Avoiding Foreclosure Auction,655492,293766,82,A,Nationwide Lead Gen,NEW
MD-B-1135,Peter,Collins,+13013207269,peter.collins@outlook.com,,,Frederick,Maryland,MD,,Buyer,,Fix & Flip,0,0,82,A,Nationwide Lead Gen,NEW
MA-S-1173,Judy,Nelson,+15082377063,judy.nelson@outlook.com,,8054 Monroe Blvd,Worcester,Massachusetts,MA,51359,Seller,Probate,Financial Hardship - Needs Cash,840884,242885,82,A,Nationwide Lead Gen,NEW
MA-S-1186,Rachel,Cook,+16172225699,rachel.cook@yahoo.com,,7554 Jefferson Ave,Cambridge,Massachusetts,MA,32725,Seller,Judgment,Out-of-State Absentee Landlord,884484,313768,82,A,Nationwide Lead Gen,NEW
MI-S-1220,Kenneth,Patel,+15176061259,kenneth.patel@yahoo.com,,6128 Pine Ct,Lansing,Michigan,MI,70100,Seller,Vacant Property,Vacant Property - High Equity,384626,327735,82,A,Nationwide Lead Gen,NEW
MI-S-1222,Charles,Rogers,+15175222538,charles.rogers@hotmail.com,,6241 Industrial Ave,Lansing,Michigan,MI,17087,Seller,Vacant Property,Financial Hardship - Needs Cash,381983,337749,82,A,Nationwide Lead Gen,NEW
MI-S-1231,Yolanda,Parker,+13132185049,yolanda.parker@hotmail.com,,8675 Monroe Ave,Detroit,Michigan,MI,48216,Seller,Judgment,Avoiding Foreclosure Auction,531164,95590,82,A,Nationwide Lead Gen,NEW
MI-S-1259,Amy,Ross,+15175269894,amy.ross@gmail.com,,538 Oak Ln,Lansing,Michigan,MI,23412,Seller,Code Violation,Inherited Family Estate (Probate),745810,94933,82,A,Nationwide Lead Gen,NEW
MI-B-1271,Stephanie,Diaz,+16165604207,stephanie.diaz@yahoo.com,,,Grand Rapids,Michigan,MI,,Buyer,,Property Manager,0,0,82,A,Nationwide Lead Gen,NEW
MN-S-1337,Michael,Jones,+16125439003,michael.jones@outlook.com,,9257 Jackson Rd,Minneapolis,Minnesota,MN,55431,Seller,Condemned,Property Needs Major Repairs,318505,59860,82,A,Nationwide Lead Gen,NEW
MS-S-1368,Helen,Wood,+12284035661,helen.wood@gmail.com,,8944 Business Dr,Biloxi,Mississippi,MS,59498,Seller,Eviction,Job Relocation - Must Sell Fast,903764,61939,82,A,Nationwide Lead Gen,NEW
MO-S-1445,Stephen,Bennett,+18164679116,stephen.bennett@yahoo.com,,5028 Business Pkwy,Independence,Missouri,MO,75000,Seller,Fire Damage,Behind on Mortgage Payments,629906,78654,82,A,Nationwide Lead Gen,NEW
MT-S-1481,Joshua,James,+14068923645,joshua.james@gmail.com,,7042 Highland St,Missoula,Montana,MT,62093,Seller,Absentee Owner,Inherited Family Estate (Probate),521601,192302,82,A,Nationwide Lead Gen,NEW
NV-S-1541,Douglas,Wilson,+17028054852,douglas.wilson@outlook.com,,3115 Industrial Pkwy,Henderson,Nevada,NV,20948,Seller,High Equity,Distressed Property - Code Violations,553047,389562,82,A,Nationwide Lead Gen,NEW
NJ-S-1607,Paul,Moore,+12014445777,paul.moore@yahoo.com,,9225 Meadow Dr,Jersey City,New Jersey,NJ,75694,Seller,Lien,Tax Lien & Pre-Foreclosure Opportunity,870570,150769,82,A,Nationwide Lead Gen,NEW
NJ-S-1608,Heather,Anderson,+19089927925,heather.anderson@gmail.com,,5054 Washington Ct,Elizabeth,New Jersey,NJ,19948,Seller,Utility Shutoff,Distressed Property - Code Violations,935563,52953,82,A,Nationwide Lead Gen,NEW
NJ-S-1618,Stephen,Smith,+19087222916,stephen.smith@outlook.com,,6145 Birch Ave,Elizabeth,New Jersey,NJ,92449,Seller,Vacant Property,Financial Hardship - Needs Cash,148149,376344,82,A,Nationwide Lead Gen,NEW
NC-S-1780,Richard,Cook,+19193683630,richard.cook@aol.com,,7196 Vista Ave,Raleigh,North Carolina,NC,46241,Seller,Eviction,Tax Lien & Pre-Foreclosure Opportunity,695633,205770,82,A,Nationwide Lead Gen,NEW
OK-S-1951,Jessica,Miller,+19189116794,jessica.miller@hotmail.com,,4671 Elm Way,Tulsa,Oklahoma,OK,76105,Seller,Vacant Property,Tired Landlord - Ready to Exit,785799,259881,82,A,Nationwide Lead Gen,NEW
OK-S-1956,John,Gonzalez,+19187471748,john.gonzalez@aol.com,,9744 Maple Pkwy,Broken Arrow,Oklahoma,OK,70958,Seller,High Equity,Tired Landlord - Ready to Exit,177120,385992,82,A,Nationwide Lead Gen,NEW
OR-S-2035,Thomas,Diaz,+15032055761,thomas.diaz@aol.com,,7848 River St,Salem,Oregon,OR,19150,Seller,Lien,Financial Hardship - Needs Cash,573872,62446,82,A,Nationwide Lead Gen,NEW
OR-S-2046,Irene,Adams,+15417194643,irene.adams@outlook.com,,3181 Oak Ave,Eugene,Oregon,OR,30569,Seller,Probate,Vacant Property - High Equity,350413,84620,82,A,Nationwide Lead Gen,NEW
OR-S-2048,Jerry,Campbell,+15418812586,jerry.campbell@aol.com,,4650 Innovation Way,Eugene,Oregon,OR,73551,Seller,Vacant Property,Tired Landlord - Ready to Exit,587980,180097,82,A,Nationwide Lead Gen,NEW
SC-S-2243,Alexander,Nelson,+18439021850,alexander.nelson@outlook.com,,8032 Jefferson St,Charleston,South Carolina,SC,29461,Seller,High Equity,Out-of-State Absentee Landlord,440230,355302,82,A,Nationwide Lead Gen,NEW
TN-S-2330,Eric,Rogers,+14237362562,eric.rogers@gmail.com,,283 Hill Blvd,Chattanooga,Tennessee,TN,86445,Seller,Eviction,Financial Hardship - Needs Cash,735187,248447,82,A,Nationwide Lead Gen,NEW
TN-B-2373,Debra,Ramos,+18659784367,debra.ramos@yahoo.com,Debra Acquisitions,,Knoxville,Tennessee,TN,,Buyer,,Cash Buyer,0,0,82,A,Nationwide Lead Gen,NEW
TX-S-2406,Scott,Ramos,+17137064023,scott.ramos@outlook.com,,5881 Harrison Rd,Houston,Texas,TX,77002,Seller,Absentee Owner,Behind on Mortgage Payments,547829,305579,82,A,Nationwide Lead Gen,NEW
TX-B-2457,Brandon,Roberts,+12105425810,brandon.roberts@gmail.com,Brandon Capital,,San Antonio,Texas,TX,,Buyer,,Cash Buyer,0,0,82,A,Nationwide Lead Gen,NEW
UT-S-2485,Jacob,Kim,+18012651909,jacob.kim@aol.com,,2398 Valley Pkwy,West Valley City,Utah,UT,67916,Seller,Tax Delinquent,Vacant Property - High Equity,200114,350615,82,A,Nationwide Lead Gen,NEW
UT-S-2488,Samuel,Myers,+18019891076,samuel.myers@gmail.com,,1066 Sunrise Ln,Ogden,Utah,UT,15962,Seller,Probate,Out-of-State Absentee Landlord,195727,57434,82,A,Nationwide Lead Gen,NEW
UT-B-2511,Sarah,Jackson,+18016719631,sarah.jackson@gmail.com,Sarah Home Buyers,,West Valley City,Utah,UT,,Buyer,,Investor,0,0,82,A,Nationwide Lead Gen,NEW
UT-B-2525,Timothy,Harris,+18014819593,timothy.harris@gmail.com,Timothy Acquisitions,,Ogden,Utah,UT,,Buyer,,Investor,0,0,82,A,Nationwide Lead Gen,NEW
VT-S-2552,Shirley,Foster,+18028377272,shirley.foster@outlook.com,,4781 Sunset St,Rutland,Vermont,VT,49732,Seller,Lien,Tired Landlord - Ready to Exit,493587,356868,82,A,Nationwide Lead Gen,NEW
VT-B-2565,Alexander,Davis,+18027968409,alexander.davis@yahoo.com,Alexander Solutions,,Burlington,Vermont,VT,,Buyer,,REIT,0,0,82,A,Nationwide Lead Gen,NEW
VA-S-2571,Daniel,Peterson,+17579444674,daniel.peterson@gmail.com,,9710 Vista Dr,Norfolk,Virginia,VA,37618,Seller,Probate,Job Relocation - Must Sell Fast,639918,377091,82,A,Nationwide Lead Gen,NEW
VA-S-2577,Michael,Jackson,+17573523372,michael.jackson@yahoo.com,,2177 Industrial Pkwy,Virginia Beach,Virginia,VA,23492,Seller,High Equity,Absentee Owner - Lives Out of State,206490,227731,82,A,Nationwide Lead Gen,NEW
VA-S-2608,Nathan,Scott,+17573085452,nathan.scott@aol.com,,1375 Park Way,Norfolk,Virginia,VA,67231,Seller,Absentee Owner,Job Relocation - Must Sell Fast,183241,365744,82,A,Nationwide Lead Gen,NEW
VA-B-2626,Elena,Diaz,+18047345078,elena.diaz@outlook.com,Elena Properties,,Richmond,Virginia,VA,,Buyer,,REIT,0,0,82,A,Nationwide Lead Gen,NEW
VA-B-2634,Janet,Campbell,+17577214709,janet.campbell@yahoo.com,,,Virginia Beach,Virginia,VA,,Buyer,,Developer,0,0,82,A,Nationwide Lead Gen,NEW
VA-B-2637,Jonathan,Wright,+17574106456,jonathan.wright@yahoo.com,,,Norfolk,Virginia,VA,,Buyer,,Developer,0,0,82,A,Nationwide Lead Gen,NEW
WA-S-2673,Cynthia,Taylor,+12064372311,cynthia.taylor@gmail.com,,7939 Madison Rd,Seattle,Washington,WA,98188,Seller,High Equity,Absentee Owner - Lives Out of State,514617,287800,82,A,Nationwide Lead Gen,NEW
WA-S-2689,Frank,Ramirez,+12535759748,frank.ramirez@yahoo.com,,7396 Creek St,Tacoma,Washington,WA,33548,Seller,Bankruptcy,Inherited Property - Not Interested,821215,201940,82,A,Nationwide Lead Gen,NEW
WI-S-2786,Dennis,Cook,+16082649536,dennis.cook@yahoo.com,,5863 Sunrise Ln,Madison,Wisconsin,WI,52679,Seller,Code Violation,Property in Probate - Estate Settlement,773090,261991,82,A,Nationwide Lead Gen,NEW
WI-S-2789,Aaron,Wood,+16089568019,aaron.wood@gmail.com,,5126 Canyon Pl,Madison,Wisconsin,WI,23397,Seller,Fire Damage,Vacant Property - High Equity,867328,269142,82,A,Nationwide Lead Gen,NEW
WI-S-2790,James,Anderson,+14144161999,james.anderson@hotmail.com,,9756 Chestnut Ln,Milwaukee,Wisconsin,WI,53294,Seller,Vacant Property,Financial Hardship - Needs Cash,604758,313823,82,A,Nationwide Lead Gen,NEW
WY-B-2849,Amy,Kelly,+13077505899,amy.kelly@outlook.com,,,Laramie,Wyoming,WY,,Buyer,,Buy and Hold,0,0,82,A,Nationwide Lead Gen,NEW
AL-S-0025,Maria,Rodriguez,+12566898884,maria.rodriguez@outlook.com,,7464 Madison St,Huntsville,Alabama,AL,44220,Seller,Judgment,Behind on Mortgage Payments,603453,238793,81,A,Nationwide Lead Gen,NEW
AL-S-0034,Gloria,Ward,+12057743437,gloria.ward@outlook.com,,4241 Canyon Ct,Birmingham,Alabama,AL,35206,Seller,Lien,Inherited Property - Not Interested,750764,340049,81,A,Nationwide Lead Gen,NEW
AK-B-0100,Christine,Davis,+19079868797,christine.davis@outlook.com,,,Fairbanks,Alaska,AK,,Buyer,,Property Manager,0,0,81,A,Nationwide Lead Gen,NEW
AZ-S-0153,Steven,Morgan,+15209469932,steven.morgan@gmail.com,,4388 Maple Ave,Tucson,Arizona,AZ,85763,Seller,Bankruptcy,Financial Hardship - Needs Cash,708747,51190,81,A,Nationwide Lead Gen,NEW
AZ-B-0156,David,Myers,+15209288255,david.myers@yahoo.com,,,Tucson,Arizona,AZ,,Buyer,,Fix & Flip,0,0,81,A,Nationwide Lead Gen,NEW
AR-S-0189,Paul,Garcia,+15015415506,paul.garcia@outlook.com,,2544 Main Ln,Little Rock,Arkansas,AR,72206,Seller,Absentee Owner,Inherited Family Estate (Probate),598074,335539,81,A,Nationwide Lead Gen,NEW
CA-S-0237,Scott,Richardson,+14082746314,scott.richardson@gmail.com,,6302 Birch Pl,San Jose,California,CA,76017,Seller,Condemned,Inherited Family Estate (Probate),467001,87405,81,A,Nationwide Lead Gen,NEW
CA-S-0253,Laura,Watson,+15597487234,laura.watson@outlook.com,,4753 Business Pl,Fresno,California,CA,53415,Seller,Tax Delinquent,Financial Hardship - Needs Cash,283428,325230,81,A,Nationwide Lead Gen,NEW
CO-B-0336,Zachary,Ortiz,+13033063863,zachary.ortiz@gmail.com,,,Denver,Colorado,CO,,Buyer,,Buy and Hold,0,0,81,A,Nationwide Lead Gen,NEW
CO-B-0344,Janet,Ward,+13032498042,janet.ward@yahoo.com,Janet Solutions,,Denver,Colorado,CO,,Buyer,,Buy and Hold,0,0,81,A,Nationwide Lead Gen,NEW
DE-S-0436,Jason,Adams,+13026485049,jason.adams@aol.com,,275 River Ln,Dover,Delaware,DE,26479,Seller,Bankruptcy,Tax Lien & Pre-Foreclosure Opportunity,630917,134576,81,A,Nationwide Lead Gen,NEW
FL-S-0482,Anthony,Mendoza,+19544042929,anthony.mendoza@aol.com,,9385 Vista Rd,Fort Lauderdale,Florida,FL,96373,Seller,Fire Damage,Avoiding Foreclosure Auction,633196,113740,81,A,Nationwide Lead Gen,NEW
GA-S-0548,Sarah,Wood,+14045471560,sarah.wood@hotmail.com,,8604 Forest Way,Atlanta,Georgia,GA,30375,Seller,Utility Shutoff,Out-of-State Absentee Landlord,908745,242822,81,A,Nationwide Lead Gen,NEW
GA-S-0586,Eric,Kim,+17065363006,eric.kim@yahoo.com,,6112 Adams Ct,Augusta,Georgia,GA,16965,Seller,Bankruptcy,Property in Probate - Estate Settlement,803576,234389,81,A,Nationwide Lead Gen,NEW
GA-S-0589,Patricia,Edwards,+17063207203,patricia.edwards@hotmail.com,,5249 Lincoln Way,Augusta,Georgia,GA,82526,Seller,Vacant Property,Inherited Family Estate (Probate),617255,310878,81,A,Nationwide Lead Gen,NEW
GA-B-0610,Tyler,Cooper,+14047494382,tyler.cooper@yahoo.com,Tyler Acquisitions,,Atlanta,Georgia,GA,,Buyer,,Wholesaler,0,0,81,A,Nationwide Lead Gen,NEW
HI-S-0627,Janet,Myers,+18088475479,janet.myers@hotmail.com,,4998 Canyon Pl,Honolulu,Hawaii,HI,96851,Seller,Probate,Financial Hardship - Needs Cash,444715,137964,81,A,Nationwide Lead Gen,NEW
ID-S-0649,Harold,Ruiz,+12082864975,harold.ruiz@outlook.com,,2353 Elm Ct,Boise,Idaho,ID,83726,Seller,Probate,Job Relocation - Must Sell Fast,807559,160853,81,A,Nationwide Lead Gen,NEW
ID-B-0675,Matthew,Thomas,+12087324370,matthew.thomas@yahoo.com,,,Meridian,Idaho,ID,,Buyer,,REIT,0,0,81,A,Nationwide Lead Gen,NEW
IL-S-0706,Aaron,Morales,+16309307818,aaron.morales@hotmail.com,,8200 Garden Pkwy,Aurora,Illinois,IL,80198,Seller,High Equity,Divorce Settlement Required,716029,88128,81,A,Nationwide Lead Gen,NEW
IL-S-0725,Rachel,Diaz,+12175629314,rachel.diaz@outlook.com,,4734 Chestnut Blvd,Springfield,Illinois,IL,69329,Seller,Vacant Property,Inherited Family Estate (Probate),559816,252527,81,A,Nationwide Lead Gen,NEW
IN-S-0759,James,Cox,+12609796810,james.cox@aol.com,,5304 Canyon Pkwy,Fort Wayne,Indiana,IN,92631,Seller,Condemned,Behind on Mortgage Payments,882394,398136,81,A,Nationwide Lead Gen,NEW
IN-B-0819,Frank,Phillips,+12602408479,frank.phillips@yahoo.com,Frank Investments,,Fort Wayne,Indiana,IN,,Buyer,,Wholesaler,0,0,81,A,Nationwide Lead Gen,NEW
IA-B-0851,Steven,Ortiz,+17128382534,steven.ortiz@yahoo.com,,,Sioux City,Iowa,IA,,Buyer,,Cash Buyer,0,0,81,A,Nationwide Lead Gen,NEW
IA-B-0854,Joshua,Thompson,+13196371777,joshua.thompson@outlook.com,Joshua Realty,,Cedar Rapids,Iowa,IA,,Buyer,,Property Manager,0,0,81,A,Nationwide Lead Gen,NEW
LA-S-0980,Stephen,Richardson,+15045369094,stephen.richardson@outlook.com,,8902 Technology Way,New Orleans,Louisiana,LA,70113,Seller,Lien,Distressed Property - Code Violations,620817,154527,81,A,Nationwide Lead Gen,NEW
ME-B-1056,Nicholas,Hernandez,+12072014245,nicholas.hernandez@gmail.com,Nicholas Investments,,Portland,Maine,ME,,Buyer,,Fix & Flip,0,0,81,A,Nationwide Lead Gen,NEW
MD-S-1068,Elizabeth,Jimenez,+13017423676,elizabeth.jimenez@yahoo.com,,3659 Elm Rd,Rockville,Maryland,MD,43403,Seller,Eviction,Inherited Family Estate (Probate),249130,363804,81,A,Nationwide Lead Gen,NEW
MD-S-1089,Shirley,Martinez,+13013951036,shirley.martinez@outlook.com,,8813 Innovation St,Rockville,Maryland,MD,15527,Seller,Lien,Property in Probate - Estate Settlement,941015,219375,81,A,Nationwide Lead Gen,NEW
MD-S-1093,Dennis,Richardson,+13015405093,dennis.richardson@aol.com,,8292 Valley Dr,Rockville,Maryland,MD,63992,Seller,Judgment,Absentee Owner - Lives Out of State,762410,136782,81,A,Nationwide Lead Gen,NEW
MA-S-1164,Jerry,Adams,+18572716230,jerry.adams@yahoo.com,,9627 Industrial Blvd,Boston,Massachusetts,MA,2160,Seller,Pre-Foreclosure,Property in Probate - Estate Settlement,476366,98283,81,A,Nationwide Lead Gen,NEW
MA-S-1166,Elizabeth,Edwards,+16177852368,elizabeth.edwards@aol.com,,8087 Birch Pl,Cambridge,Massachusetts,MA,59939,Seller,Vacant Property,Tired Landlord - Ready to Exit,886630,311763,81,A,Nationwide Lead Gen,NEW
MA-B-1213,John,Parker,+14134223066,john.parker@outlook.com,John Acquisitions,,Springfield,Massachusetts,MA,,Buyer,,Cash Buyer,0,0,81,A,Nationwide Lead Gen,NEW
MI-B-1282,Gregory,Hughes,+17344415724,gregory.hughes@yahoo.com,Gregory Investments,,Ann Arbor,Michigan,MI,,Buyer,,Investor,0,0,81,A,Nationwide Lead Gen,NEW
MN-S-1293,Maria,Mendoza,+16512326544,maria.mendoza@outlook.com,,4318 Industrial Ln,Minneapolis,Minnesota,MN,55403,Seller,Pre-Foreclosure,Property Needs Major Repairs,416768,334752,81,A,Nationwide Lead Gen,NEW
MN-S-1323,Carol,Richardson,+16515174105,carol.richardson@gmail.com,,8523 Washington St,St. Paul,Minnesota,MN,35387,Seller,Eviction,Distressed Property - Code Violations,142763,143195,81,A,Nationwide Lead Gen,NEW
MN-S-1329,Lisa,Morris,+15075853031,lisa.morris@hotmail.com,,4384 Harrison Rd,Rochester,Minnesota,MN,75917,Seller,Judgment,Vacant Property - High Equity,420316,245644,81,A,Nationwide Lead Gen,NEW
MS-S-1380,Samuel,Bailey,+12286401438,samuel.bailey@aol.com,,8601 Meadow Ave,Gulfport,Mississippi,MS,78531,Seller,High Equity,Avoiding Foreclosure Auction,623192,334993,81,A,Nationwide Lead Gen,NEW
MO-S-1422,Shirley,Thompson,+14173209771,shirley.thompson@hotmail.com,,5066 Highland St,Springfield,Missouri,MO,47894,Seller,Lien,Avoiding Foreclosure Auction,322682,49110,81,A,Nationwide Lead Gen,NEW
MO-B-1452,Edward,Cox,+16368802348,edward.cox@yahoo.com,,,St. Louis,Missouri,MO,,Buyer,,Buy and Hold,0,0,81,A,Nationwide Lead Gen,NEW
MT-S-1471,Nathan,Harris,+14063101410,nathan.harris@outlook.com,,3948 Innovation Blvd,Missoula,Montana,MT,74612,Seller,Vacant Property,Property in Probate - Estate Settlement,331646,391967,81,A,Nationwide Lead Gen,NEW
NJ-S-1614,Katherine,Mitchell,+19733987192,katherine.mitchell@gmail.com,,4233 Harrison Dr,Newark,New Jersey,NJ,7191,Seller,Absentee Owner,Absentee Owner - Lives Out of State,895078,76461,81,A,Nationwide Lead Gen,NEW
NJ-S-1624,Debra,Sanders,+12018149491,debra.sanders@hotmail.com,,8291 Valley Way,Jersey City,New Jersey,NJ,50147,Seller,Utility Shutoff,Absentee Owner - Lives Out of State,550055,134705,81,A,Nationwide Lead Gen,NEW
NJ-S-1627,Kimberly,Foster,+19086346527,kimberly.foster@gmail.com,,9438 Walnut Ct,Elizabeth,New Jersey,NJ,36815,Seller,Lien,Property Needs Major Repairs,659988,72477,81,A,Nationwide Lead Gen,NEW
NJ-B-1656,Susan,Lopez,+19734414111,susan.lopez@yahoo.com,,,Newark,New Jersey,NJ,,Buyer,,Fix & Flip,0,0,81,A,Nationwide Lead Gen,NEW
NJ-B-1658,Eric,Peterson,+19732187137,eric.peterson@outlook.com,Eric Home Buyers,,Newark,New Jersey,NJ,,Buyer,,REIT,0,0,81,A,Nationwide Lead Gen,NEW
NY-S-1704,Jason,Green,+16463563635,jason.green@hotmail.com,,5011 Birch Blvd,New York City,New York,NY,10022,Seller,Probate,Tax Lien & Pre-Foreclosure Opportunity,592343,60385,81,A,Nationwide Lead Gen,NEW
NY-B-1767,Cynthia,Cruz,+19179645003,cynthia.cruz@gmail.com,,,New York City,New York,NY,,Buyer,,Cash Buyer,0,0,81,A,Nationwide Lead Gen,NEW
NC-B-1842,Donna,Perez,+13364726871,donna.perez@gmail.com,,,Greensboro,North Carolina,NC,,Buyer,,Cash Buyer,0,0,81,A,Nationwide Lead Gen,NEW
OH-S-1919,Patricia,Harris,+15134885326,patricia.harris@aol.com,,7752 Jefferson St,Cincinnati,Ohio,OH,63369,Seller,Probate,Out-of-State Absentee Landlord,612528,173237,81,A,Nationwide Lead Gen,NEW
OK-S-1994,Christine,Jackson,+14054839874,christine.jackson@outlook.com,,3793 Business Ln,Norman,Oklahoma,OK,76698,Seller,Eviction,Behind on Mortgage Payments,577398,108732,81,A,Nationwide Lead Gen,NEW
OK-B-2005,Betty,Harris,+14054798697,betty.harris@yahoo.com,Betty Acquisitions,,Norman,Oklahoma,OK,,Buyer,,Developer,0,0,81,A,Nationwide Lead Gen,NEW
OK-B-2016,Amy,Wright,+14054986036,amy.wright@outlook.com,,,Norman,Oklahoma,OK,,Buyer,,Cash Buyer,0,0,81,A,Nationwide Lead Gen,NEW
OR-S-2073,Eric,Garcia,+15412308297,eric.garcia@yahoo.com,,469 Oak St,Eugene,Oregon,OR,63471,Seller,High Equity,Absentee Owner - Lives Out of State,830186,359497,81,A,Nationwide Lead Gen,NEW
SC-S-2223,Kevin,Hall,+18437113258,kevin.hall@gmail.com,,9725 Summit Rd,Charleston,South Carolina,SC,29447,Seller,High Equity,Job Relocation - Must Sell Fast,348840,375073,81,A,Nationwide Lead Gen,NEW
SC-S-2232,Brandon,Stewart,+18438194451,brandon.stewart@hotmail.com,,6541 Canyon Way,Charleston,South Carolina,SC,29412,Seller,Condemned,Inherited Family Estate (Probate),734527,190661,81,A,Nationwide Lead Gen,NEW
SC-S-2241,Amanda,Evans,+18032458990,amanda.evans@hotmail.com,,503 Lincoln Way,Columbia,South Carolina,SC,51010,Seller,Tax Delinquent,Tired Landlord - Ready to Exit,496419,68651,81,A,Nationwide Lead Gen,NEW
SC-B-2280,Nathan,Robinson,+18437279858,nathan.robinson@outlook.com,,,Myrtle Beach,South Carolina,SC,,Buyer,,Wholesaler,0,0,81,A,Nationwide Lead Gen,NEW
TN-S-2353,Stephen,Richardson,+18654831162,stephen.richardson@outlook.com,,3084 Birch Blvd,Knoxville,Tennessee,TN,31773,Seller,Vacant Property,Out-of-State Absentee Landlord,699743,316886,81,A,Nationwide Lead Gen,NEW
TX-B-2438,Edward,Lewis,+17377886695,edward.lewis@outlook.com,Edward Investments,,Austin,Texas,TX,,Buyer,,REIT,0,0,81,A,Nationwide Lead Gen,NEW
UT-S-2469,Stephanie,Baker,+18013702204,stephanie.baker@hotmail.com,,8559 Business Ct,West Valley City,Utah,UT,74998,Seller,Bankruptcy,Tax Lien & Pre-Foreclosure Opportunity,240487,116066,81,A,Nationwide Lead Gen,NEW
UT-S-2481,Henry,Young,+18015322653,henry.young@yahoo.com,,292 Washington Dr,Salt Lake City,Utah,UT,84176,Seller,Eviction,Divorce Settlement Required,607832,261163,81,A,Nationwide Lead Gen,NEW
VA-S-2613,Donna,Cook,+17579045172,donna.cook@gmail.com,,8945 Lake Dr,Virginia Beach,Virginia,VA,23483,Seller,Lien,Property Needs Major Repairs,536103,355851,81,A,Nationwide Lead Gen,NEW
WA-S-2652,Anthony,Roberts,+12532733497,anthony.roberts@hotmail.com,,8236 Ridge Rd,Seattle,Washington,WA,98127,Seller,Tax Delinquent,Inherited Family Estate (Probate),141885,384333,81,A,Nationwide Lead Gen,NEW
WA-S-2659,Jeffrey,White,+14258458341,jeffrey.white@outlook.com,,4359 Main Ct,Bellevue,Washington,WA,91503,Seller,Pre-Foreclosure,Property in Probate - Estate Settlement,362039,292485,81,A,Nationwide Lead Gen,NEW
WA-S-2678,Ronald,Walker,+12534709227,ronald.walker@outlook.com,,6971 River Dr,Seattle,Washington,WA,98111,Seller,Fire Damage,Divorce Settlement Required,858461,135405,81,A,Nationwide Lead Gen,NEW
WA-S-2681,Steven,Hall,+12069409856,steven.hall@gmail.com,,9561 Park Ct,Seattle,Washington,WA,98181,Seller,Fire Damage,Job Relocation - Must Sell Fast,332846,204582,81,A,Nationwide Lead Gen,NEW
WA-B-2699,Samuel,Mendoza,+12066157866,samuel.mendoza@outlook.com,Samuel Properties,,Seattle,Washington,WA,,Buyer,,Developer,0,0,81,A,Nationwide Lead Gen,NEW
WI-S-2767,Jacob,Mitchell,+19208575986,jacob.mitchell@aol.com,,2732 Commerce Ave,Green Bay,Wisconsin,WI,50651,Seller,Pre-Foreclosure,Absentee Owner - Lives Out of State,334360,88081,81,A,Nationwide Lead Gen,NEW
WI-S-2778,Carlos,Clark,+19202757754,carlos.clark@hotmail.com,,4001 River Ct,Green Bay,Wisconsin,WI,94434,Seller,Judgment,Tax Lien & Pre-Foreclosure Opportunity,325700,294167,81,A,Nationwide Lead Gen,NEW
WY-B-2844,Amy,Edwards,+13077377060,amy.edwards@gmail.com,Amy Acquisitions,,Casper,Wyoming,WY,,Buyer,,REIT,0,0,81,A,Nationwide Lead Gen,NEW
WY-B-2847,Anthony,Martinez,+13079618464,anthony.martinez@gmail.com,Anthony Realty,,Cheyenne,Wyoming,WY,,Buyer,,Cash Buyer,0,0,81,A,Nationwide Lead Gen,NEW
AL-S-0011,Mark,Green,+19382819282,mark.green@outlook.com,,1275 Forest Blvd,Huntsville,Alabama,AL,63075,Seller,Pre-Foreclosure,Absentee Owner - Lives Out of State,418380,52860,80,A,Nationwide Lead Gen,NEW
AL-B-0060,Thomas,Morales,+12566812950,thomas.morales@gmail.com,Thomas Holdings,,Huntsville,Alabama,AL,,Buyer,,Fix & Flip,0,0,80,A,Nationwide Lead Gen,NEW
AZ-B-0177,Judy,Walker,+14805601914,judy.walker@yahoo.com,Judy Investments,,Chandler,Arizona,AZ,,Buyer,,Investor,0,0,80,A,Nationwide Lead Gen,NEW
AR-S-0182,Katherine,Ramirez,+14796095757,katherine.ramirez@gmail.com,,3019 Washington St,Fort Smith,Arkansas,AR,20712,Seller,Eviction,Vacant Property - High Equity,491531,347522,80,A,Nationwide Lead Gen,NEW
CA-S-0214,Raymond,Brooks,+14155951911,raymond.brooks@hotmail.com,,6890 Oak Ave,San Francisco,California,CA,51431,Seller,Absentee Owner,Distressed Property - Code Violations,615033,344116,80,A,Nationwide Lead Gen,NEW
CA-S-0246,Brandon,Ward,+18583972991,brandon.ward@hotmail.com,,4730 Vista Blvd,San Diego,California,CA,92154,Seller,Condemned,Financial Hardship - Needs Cash,170490,213488,80,A,Nationwide Lead Gen,NEW
CO-S-0332,Jacob,Clark,+19706959887,jacob.clark@aol.com,,4533 Peak Ave,Fort Collins,Colorado,CO,54139,Seller,Absentee Owner,Divorce Settlement Required,518087,234003,80,A,Nationwide Lead Gen,NEW
CO-B-0352,Jason,Diaz,+17208724335,jason.diaz@gmail.com,Jason Capital,,Denver,Colorado,CO,,Buyer,,Property Manager,0,0,80,A,Nationwide Lead Gen,NEW
CT-S-0376,Kathleen,Mendoza,+14759649860,kathleen.mendoza@outlook.com,,3139 Park Blvd,Bridgeport,Connecticut,CT,88239,Seller,Condemned,Inherited Family Estate (Probate),423100,212035,80,A,Nationwide Lead Gen,NEW
CT-S-0383,Andrew,Richardson,+19592411205,andrew.richardson@gmail.com,,3776 Forest Pl,Hartford,Connecticut,CT,6132,Seller,Judgment,Property Needs Major Repairs,491812,92702,80,A,Nationwide Lead Gen,NEW
DE-B-0457,Dennis,Collins,+13028952289,dennis.collins@yahoo.com,Dennis Holdings,,Wilmington,Delaware,DE,,Buyer,,REIT,0,0,80,A,Nationwide Lead Gen,NEW
GA-B-0604,Peter,Hill,+17063552691,peter.hill@yahoo.com,Peter Realty,,Columbus,Georgia,GA,,Buyer,,Developer,0,0,80,A,Nationwide Lead Gen,NEW
IL-S-0695,Heather,Robinson,+16304754208,heather.robinson@hotmail.com,,5555 Forest Ave,Aurora,Illinois,IL,95536,Seller,Condemned,Financial Hardship - Needs Cash,162425,380544,80,A,Nationwide Lead Gen,NEW
IL-S-0718,Mary,Evans,+12175637654,mary.evans@gmail.com,,5130 Garden Way,Springfield,Illinois,IL,26317,Seller,Code Violation,Property Needs Major Repairs,285308,226253,80,A,Nationwide Lead Gen,NEW
IL-S-0723,Maria,Ruiz,+13312588872,maria.ruiz@aol.com,,2797 Enterprise Ct,Naperville,Illinois,IL,63612,Seller,Lien,Financial Hardship - Needs Cash,299287,106480,80,A,Nationwide Lead Gen,NEW
IN-S-0795,Douglas,Price,+14634604911,douglas.price@outlook.com,,581 Industrial Ct,Indianapolis,Indiana,IN,46292,Seller,Judgment,Absentee Owner - Lives Out of State,497639,116220,80,A,Nationwide Lead Gen,NEW
IA-S-0841,Richard,Foster,+15635853766,richard.foster@outlook.com,,6073 Enterprise Ct,Davenport,Iowa,IA,36598,Seller,Judgment,Absentee Owner - Lives Out of State,157811,117218,80,A,Nationwide Lead Gen,NEW
KS-S-0873,Melissa,Walker,+19139316898,melissa.walker@yahoo.com,,960 Commerce Pkwy,Overland Park,Kansas,KS,17449,Seller,Fire Damage,Property in Probate - Estate Settlement,764138,262922,80,A,Nationwide Lead Gen,NEW
LA-S-0982,Frank,White,+13375346254,frank.white@hotmail.com,,588 Ridge Dr,Lafayette,Louisiana,LA,62381,Seller,High Equity,Inherited Property - Not Interested,491253,337747,80,A,Nationwide Lead Gen,NEW
LA-B-1035,Kenneth,Patel,+13185169339,kenneth.patel@outlook.com,,,Shreveport,Louisiana,LA,,Buyer,,REIT,0,0,80,A,Nationwide Lead Gen,NEW
ME-B-1061,Stephen,Patel,+12078685883,stephen.patel@yahoo.com,Stephen Realty,,Portland,Maine,ME,,Buyer,,Wholesaler,0,0,80,A,Nationwide Lead Gen,NEW
MD-S-1069,Dorothy,Bailey,+14109974399,dorothy.bailey@hotmail.com,,1702 Hill Ave,Baltimore,Maryland,MD,21227,Seller,Absentee Owner,Absentee Owner - Lives Out of State,784327,274447,80,A,Nationwide Lead Gen,NEW
MD-B-1127,Kathleen,Davis,+13016688006,kathleen.davis@outlook.com,Kathleen Properties,,Gaithersburg,Maryland,MD,,Buyer,,Cash Buyer,0,0,80,A,Nationwide Lead Gen,NEW
MA-B-1203,Cynthia,Campbell,+16172574956,cynthia.campbell@gmail.com,,,Boston,Massachusetts,MA,,Buyer,,Property Manager,0,0,80,A,Nationwide Lead Gen,NEW
MA-B-1215,Joshua,Campbell,+14133254142,joshua.campbell@yahoo.com,Joshua Home Buyers,,Springfield,Massachusetts,MA,,Buyer,,Property Manager,0,0,80,A,Nationwide Lead Gen,NEW
MI-S-1226,Michelle,Morgan,+16168885319,michelle.morgan@aol.com,,4292 Monroe St,Grand Rapids,Michigan,MI,36081,Seller,Judgment,Absentee Owner - Lives Out of State,215666,285602,80,A,Nationwide Lead Gen,NEW
MI-S-1250,Carolyn,Hall,+15172173872,carolyn.hall@yahoo.com,,6111 Park St,Lansing,Michigan,MI,37662,Seller,Pre-Foreclosure,Distressed Property - Code Violations,786196,112915,80,A,Nationwide Lead Gen,NEW
MI-B-1278,Carolyn,Richardson,+17349342221,carolyn.richardson@outlook.com,,,Ann Arbor,Michigan,MI,,Buyer,,Buy and Hold,0,0,80,A,Nationwide Lead Gen,NEW
MS-B-1392,Helen,Perez,+12289892958,helen.perez@gmail.com,,,Gulfport,Mississippi,MS,,Buyer,,Buy and Hold,0,0,80,A,Nationwide Lead Gen,NEW
MO-S-1408,Amanda,Cooper,+18165066074,amanda.cooper@gmail.com,,5857 Jackson Ct,Independence,Missouri,MO,89967,Seller,Probate,Divorce Settlement Required,277695,373419,80,A,Nationwide Lead Gen,NEW
MO-S-1426,Nancy,Robinson,+18169652842,nancy.robinson@gmail.com,,9520 Jackson Ln,Independence,Missouri,MO,44063,Seller,Lien,Tax Lien & Pre-Foreclosure Opportunity,898491,90303,80,A,Nationwide Lead Gen,NEW
MO-B-1461,John,Hughes,+18169735719,john.hughes@outlook.com,John Solutions,,Independence,Missouri,MO,,Buyer,,Fix & Flip,0,0,80,A,Nationwide Lead Gen,NEW
MT-S-1475,Jerry,Morgan,+14068449534,jerry.morgan@gmail.com,,9732 Enterprise Ct,Great Falls,Montana,MT,20868,Seller,Judgment,Property Needs Major Repairs,303636,285980,80,A,Nationwide Lead Gen,NEW
NE-S-1505,Maria,Foster,+14026209583,maria.foster@aol.com,,7770 Vista Blvd,Lincoln,Nebraska,NE,28619,Seller,Eviction,Tax Lien & Pre-Foreclosure Opportunity,152427,299703,80,A,Nationwide Lead Gen,NEW
NV-S-1532,Kenneth,Wright,+17252684915,kenneth.wright@outlook.com,,5768 Industrial St,Las Vegas,Nevada,NV,89186,Seller,Code Violation,Behind on Mortgage Payments,443709,49765,80,A,Nationwide Lead Gen,NEW
NH-B-1586,Anthony,Hughes,+16038461224,anthony.hughes@yahoo.com,Anthony Properties,,Nashua,New Hampshire,NH,,Buyer,,Buy and Hold,0,0,80,A,Nationwide Lead Gen,NEW
NJ-S-1625,Lisa,Davis,+19737157406,lisa.davis@yahoo.com,,4686 Harrison Rd,Paterson,New Jersey,NJ,33307,Seller,Eviction,Out-of-State Absentee Landlord,313341,382693,80,A,Nationwide Lead Gen,NEW
NY-S-1702,Melissa,Sanchez,+13154071805,melissa.sanchez@gmail.com,,9965 Highland Dr,Syracuse,New York,NY,18956,Seller,Absentee Owner,Distressed Property - Code Violations,564950,53524,80,A,Nationwide Lead Gen,NEW
NY-S-1707,Lisa,Sanchez,+13152955484,lisa.sanchez@gmail.com,,1396 Innovation Pl,Syracuse,New York,NY,56709,Seller,Fire Damage,Distressed Property - Code Violations,285167,327687,80,A,Nationwide Lead Gen,NEW
NC-B-1835,Aaron,Gray,+19807259743,aaron.gray@gmail.com,,,Charlotte,North Carolina,NC,,Buyer,,Cash Buyer,0,0,80,A,Nationwide Lead Gen,NEW
ND-S-1865,Donna,Ward,+17016626960,donna.ward@outlook.com,,358 Monroe Pl,Grand Forks,North Dakota,ND,41088,Seller,High Equity,Vacant Property - High Equity,171165,392263,80,A,Nationwide Lead Gen,NEW
OH-S-1890,Joshua,Kelly,+15132797683,joshua.kelly@gmail.com,,2430 Birch Ave,Cincinnati,Ohio,OH,87665,Seller,Condemned,Tax Lien & Pre-Foreclosure Opportunity,264985,157308,80,A,Nationwide Lead Gen,NEW
OH-B-1944,Rosa,Rivera,+13303906418,rosa.rivera@outlook.com,,,Akron,Ohio,OH,,Buyer,,Developer,0,0,80,A,Nationwide Lead Gen,NEW
OK-S-1988,Henry,Allen,+14052899256,henry.allen@yahoo.com,,2969 Lake Ct,Oklahoma City,Oklahoma,OK,73136,Seller,Vacant Property,Tax Lien & Pre-Foreclosure Opportunity,394445,225634,80,A,Nationwide Lead Gen,NEW
PA-S-2108,Patrick,Mitchell,+12155791596,patrick.mitchell@gmail.com,,8678 Ridge Pl,Philadelphia,Pennsylvania,PA,19163,Seller,High Equity,Inherited Property - Not Interested,745752,328623,80,A,Nationwide Lead Gen,NEW
PA-S-2126,Judy,Stewart,+12153537802,judy.stewart@outlook.com,,5377 Peak Way,Philadelphia,Pennsylvania,PA,19181,Seller,Lien,Property in Probate - Estate Settlement,834630,69415,80,A,Nationwide Lead Gen,NEW
PA-B-2154,Joseph,Adams,+12672422882,joseph.adams@yahoo.com,,,Philadelphia,Pennsylvania,PA,,Buyer,,Cash Buyer,0,0,80,A,Nationwide Lead Gen,NEW
SC-B-2277,Aaron,Reed,+18647802243,aaron.reed@gmail.com,Aaron Realty,,Greenville,South Carolina,SC,,Buyer,,REIT,0,0,80,A,Nationwide Lead Gen,NEW
TN-S-2333,Helen,Morgan,+18652593970,helen.morgan@aol.com,,1407 Adams Way,Knoxville,Tennessee,TN,53742,Seller,Tax Delinquent,Financial Hardship - Needs Cash,662101,122853,80,A,Nationwide Lead Gen,NEW
TN-S-2339,Edward,Diaz,+16155831412,edward.diaz@yahoo.com,,2418 Walnut Blvd,Nashville,Tennessee,TN,37253,Seller,Pre-Foreclosure,Behind on Mortgage Payments,237439,64298,80,A,Nationwide Lead Gen,NEW
TN-S-2342,Jonathan,Wright,+19013056869,jonathan.wright@aol.com,,9801 Creek Ave,Memphis,Tennessee,TN,25745,Seller,Tax Delinquent,Absentee Owner - Lives Out of State,291743,129858,80,A,Nationwide Lead Gen,NEW
TN-B-2375,David,Patel,+14238186953,david.patel@outlook.com,,,Chattanooga,Tennessee,TN,,Buyer,,Fix & Flip,0,0,80,A,Nationwide Lead Gen,NEW
TX-S-2408,Richard,Ross,+12103096503,richard.ross@hotmail.com,,7835 Sunset Pkwy,San Antonio,Texas,TX,51115,Seller,Judgment,Inherited Family Estate (Probate),728065,371258,80,A,Nationwide Lead Gen,NEW
TX-S-2425,Stephanie,Lopez,+12109135339,stephanie.lopez@hotmail.com,,2321 Creek Pl,San Antonio,Texas,TX,99027,Seller,Eviction,Property Needs Major Repairs,905317,170293,80,A,Nationwide Lead Gen,NEW
TX-S-2428,Sharon,Long,+17372933787,sharon.long@outlook.com,,3698 Business Ln,Austin,Texas,TX,97989,Seller,Vacant Property,Vacant Property - High Equity,480416,369508,80,A,Nationwide Lead Gen,NEW
VA-S-2567,Linda,Myers,+17034543640,linda.myers@yahoo.com,,8477 Technology Pl,Arlington,Virginia,VA,27473,Seller,Fire Damage,Distressed Property - Code Violations,440612,123355,80,A,Nationwide Lead Gen,NEW
VA-S-2572,Linda,Edwards,+17574782954,linda.edwards@gmail.com,,4490 Maple Ct,Virginia Beach,Virginia,VA,23453,Seller,Utility Shutoff,Avoiding Foreclosure Auction,924178,384216,80,A,Nationwide Lead Gen,NEW
WA-S-2679,Stephanie,Sanders,+15098234360,stephanie.sanders@yahoo.com,,1011 Sunset St,Spokane,Washington,WA,22094,Seller,Bankruptcy,Vacant Property - High Equity,373041,232657,80,A,Nationwide Lead Gen,NEW
WA-B-2696,Dennis,Wilson,+12533852177,dennis.wilson@gmail.com,Dennis Capital,,Tacoma,Washington,WA,,Buyer,,Buy and Hold,0,0,80,A,Nationwide Lead Gen,NEW
WA-B-2697,Nicholas,Diaz,+12534157107,nicholas.diaz@gmail.com,,,Tacoma,Washington,WA,,Buyer,,Buy and Hold,0,0,80,A,Nationwide Lead Gen,NEW
WI-S-2788,Pamela,Long,+12628375383,pamela.long@hotmail.com,,7382 Spring Pkwy,Kenosha,Wisconsin,WI,84812,Seller,Absentee Owner,Inherited Property - Not Interested,702315,217810,80,A,Nationwide Lead Gen,NEW
WI-B-2805,Kevin,Carter,+16087257969,kevin.carter@yahoo.com,,,Madison,Wisconsin,WI,,Buyer,,Developer,0,0,80,A,Nationwide Lead Gen,NEW
AL-S-0001,Lisa,Collins,+12056007253,lisa.collins@aol.com,,4487 Meadow Way,Birmingham,Alabama,AL,35282,Seller,Eviction,Job Relocation - Must Sell Fast,703255,293947,79,B,Nationwide Lead Gen,NEW
AL-S-0027,Paul,Castillo,+13344673731,paul.castillo@outlook.com,,6353 Garden Pl,Montgomery,Alabama,AL,36190,Seller,Eviction,Property in Probate - Estate Settlement,641653,197375,79,B,Nationwide Lead Gen,NEW
AL-S-0045,Robert,Jimenez,+16593378628,robert.jimenez@hotmail.com,,4602 Industrial Ct,Birmingham,Alabama,AL,35238,Seller,Condemned,Avoiding Foreclosure Auction,706477,199269,79,B,Nationwide Lead Gen,NEW
AL-B-0068,Sarah,Parker,+16592439880,sarah.parker@yahoo.com,Sarah Home Buyers,,Birmingham,Alabama,AL,,Buyer,,Developer,0,0,79,B,Nationwide Lead Gen,NEW
AL-B-0075,David,Campbell,+12052593978,david.campbell@outlook.com,David Holdings,,Birmingham,Alabama,AL,,Buyer,,Property Manager,0,0,79,B,Nationwide Lead Gen,NEW
AK-B-0097,Stephanie,Edwards,+19076588860,stephanie.edwards@outlook.com,Stephanie Properties,,Fairbanks,Alaska,AK,,Buyer,,Developer,0,0,79,B,Nationwide Lead Gen,NEW
AZ-S-0123,Shirley,Bailey,+14806684334,shirley.bailey@hotmail.com,,7863 Commerce Pl,Mesa,Arizona,AZ,51778,Seller,Lien,Behind on Mortgage Payments,878364,393996,79,B,Nationwide Lead Gen,NEW
AZ-B-0179,Kenneth,Nelson,+14808618488,kenneth.nelson@gmail.com,Kenneth Holdings,,Chandler,Arizona,AZ,,Buyer,,Wholesaler,0,0,79,B,Nationwide Lead Gen,NEW
CA-S-0217,Nancy,Brooks,+14084762621,nancy.brooks@hotmail.com,,1773 Sunrise St,San Jose,California,CA,97500,Seller,Judgment,Property Needs Major Repairs,475605,122852,79,B,Nationwide Lead Gen,NEW
CA-B-0264,Patrick,Morris,+16192806416,patrick.morris@yahoo.com,,,San Diego,California,CA,,Buyer,,Property Manager,0,0,79,B,Nationwide Lead Gen,NEW
CA-B-0277,Amy,Edwards,+16193741451,amy.edwards@gmail.com,Amy Acquisitions,,San Diego,California,CA,,Buyer,,REIT,0,0,79,B,Nationwide Lead Gen,NEW
CO-S-0308,Nathan,Adams,+17208683295,nathan.adams@gmail.com,,5846 Oak Ct,Denver,Colorado,CO,80256,Seller,Bankruptcy,Out-of-State Absentee Landlord,254567,316885,79,B,Nationwide Lead Gen,NEW
CT-S-0370,Sylvia,Cooper,+12034868003,sylvia.cooper@outlook.com,,666 Chestnut Ave,Stamford,Connecticut,CT,26724,Seller,Code Violation,Job Relocation - Must Sell Fast,388181,355813,79,B,Nationwide Lead Gen,NEW
CT-S-0391,Carolyn,Ruiz,+12033858361,carolyn.ruiz@yahoo.com,,3489 Sunset Dr,New Haven,Connecticut,CT,48810,Seller,Utility Shutoff,Out-of-State Absentee Landlord,405105,96812,79,B,Nationwide Lead Gen,NEW
FL-S-0505,Adam,Rogers,+17863125626,adam.rogers@aol.com,,2446 Ridge Dr,Miami,Florida,FL,33168,Seller,Lien,Inherited Property - Not Interested,720266,165632,79,B,Nationwide Lead Gen,NEW
FL-B-0519,Melissa,Alvarez,+19042093273,melissa.alvarez@outlook.com,,,Jacksonville,Florida,FL,,Buyer,,Property Manager,0,0,79,B,Nationwide Lead Gen,NEW
GA-B-0594,Christine,Parker,+19125372183,christine.parker@yahoo.com,,,Savannah,Georgia,GA,,Buyer,,Buy and Hold,0,0,79,B,Nationwide Lead Gen,NEW
ID-S-0658,Ashley,Clark,+12089586024,ashley.clark@yahoo.com,,2165 Elm Pl,Meridian,Idaho,ID,98226,Seller,Pre-Foreclosure,Divorce Settlement Required,672652,351353,79,B,Nationwide Lead Gen,NEW
IL-S-0707,Zachary,Kelly,+12174698245,zachary.kelly@aol.com,,5459 Enterprise Pkwy,Springfield,Illinois,IL,17403,Seller,Probate,Property Needs Major Repairs,495159,215823,79,B,Nationwide Lead Gen,NEW
IN-S-0775,Zachary,Howard,+12606749979,zachary.howard@gmail.com,,8101 River Blvd,Fort Wayne,Indiana,IN,56135,Seller,Fire Damage,Vacant Property - High Equity,795082,72916,79,B,Nationwide Lead Gen,NEW
IN-B-0822,Kimberly,Torres,+18123666395,kimberly.torres@outlook.com,,,Evansville,Indiana,IN,,Buyer,,Property Manager,0,0,79,B,Nationwide Lead Gen,NEW
KS-B-0876,Rosa,James,+17858153611,rosa.james@gmail.com,,,Topeka,Kansas,KS,,Buyer,,Developer,0,0,79,B,Nationwide Lead Gen,NEW
KY-S-0891,Amanda,Rodriguez,+15027513653,amanda.rodriguez@outlook.com,,5020 Ridge Ave,Louisville,Kentucky,KY,40270,Seller,Code Violation,Property Needs Major Repairs,161381,285930,79,B,Nationwide Lead Gen,NEW
KY-B-0958,Carol,Patel,+15025667691,carol.patel@outlook.com,,,Louisville,Kentucky,KY,,Buyer,,Developer,0,0,79,B,Nationwide Lead Gen,NEW
LA-S-1000,Edward,Scott,+13187808579,edward.scott@hotmail.com,,3452 Meadow Blvd,Shreveport,Louisiana,LA,78516,Seller,Code Violation,Property Needs Major Repairs,402444,111411,79,B,Nationwide Lead Gen,NEW
LA-S-1007,Heather,Ramirez,+12255257305,heather.ramirez@outlook.com,,8860 Innovation Blvd,Baton Rouge,Louisiana,LA,89443,Seller,Lien,Inherited Family Estate (Probate),706201,119054,79,B,Nationwide Lead Gen,NEW
LA-B-1026,Rosa,Garcia,+13374286852,rosa.garcia@yahoo.com,,,Lafayette,Louisiana,LA,,Buyer,,Wholesaler,0,0,79,B,Nationwide Lead Gen,NEW
ME-S-1037,Katherine,Gomez,+12077491700,katherine.gomez@yahoo.com,,635 Oak Pl,Lewiston,Maine,ME,80794,Seller,Probate,Behind on Mortgage Payments,444422,344597,79,B,Nationwide Lead Gen,NEW
MD-S-1086,Betty,Peterson,+13016576414,betty.peterson@aol.com,,8028 Monroe Ln,Gaithersburg,Maryland,MD,32943,Seller,Condemned,Property in Probate - Estate Settlement,471650,107575,79,B,Nationwide Lead Gen,NEW
MD-S-1101,Richard,Green,+13013772845,richard.green@gmail.com,,4950 Hill Rd,Frederick,Maryland,MD,43521,Seller,Probate,Tired Landlord - Ready to Exit,179066,56213,79,B,Nationwide Lead Gen,NEW
MA-S-1188,Ronald,Evans,+18577616464,ronald.evans@yahoo.com,,901 Business Pkwy,Boston,Massachusetts,MA,2179,Seller,Bankruptcy,Inherited Family Estate (Probate),860065,115661,79,B,Nationwide Lead Gen,NEW
MI-S-1225,Thomas,Martin,+13133391732,thomas.martin@outlook.com,,271 Jackson St,Detroit,Michigan,MI,48273,Seller,Pre-Foreclosure,Behind on Mortgage Payments,672009,322834,79,B,Nationwide Lead Gen,NEW
MS-S-1372,Dennis,Turner,+12284564492,dennis.turner@hotmail.com,,7982 Chestnut Ave,Gulfport,Mississippi,MS,62731,Seller,Condemned,Job Relocation - Must Sell Fast,913855,168660,79,B,Nationwide Lead Gen,NEW
MO-S-1405,Aaron,Williams,+18165225816,aaron.williams@aol.com,,1434 Madison Pkwy,Independence,Missouri,MO,96747,Seller,Bankruptcy,Tired Landlord - Ready to Exit,188326,124383,79,B,Nationwide Lead Gen,NEW
MO-S-1410,Amy,Price,+18162835575,amy.price@gmail.com,,5388 Highland Ave,Kansas City,Missouri,MO,64166,Seller,Absentee Owner,Distressed Property - Code Violations,496271,319436,79,B,Nationwide Lead Gen,NEW
MO-S-1413,Carol,Harris,+18169545343,carol.harris@hotmail.com,,8998 Lake Dr,Kansas City,Missouri,MO,64149,Seller,Pre-Foreclosure,Property in Probate - Estate Settlement,447397,368069,79,B,Nationwide Lead Gen,NEW
MO-S-1417,Douglas,Gray,+18163835745,douglas.gray@gmail.com,,8391 Highland Ave,Kansas City,Missouri,MO,64193,Seller,Probate,Inherited Property - Not Interested,248288,319060,79,B,Nationwide Lead Gen,NEW
MO-B-1458,Aaron,Evans,+14173753556,aaron.evans@yahoo.com,Aaron Home Buyers,,Springfield,Missouri,MO,,Buyer,,Buy and Hold,0,0,79,B,Nationwide Lead Gen,NEW
MO-B-1459,Kimberly,Chavez,+14175705196,kimberly.chavez@gmail.com,,,Springfield,Missouri,MO,,Buyer,,Investor,0,0,79,B,Nationwide Lead Gen,NEW
MT-S-1487,Kevin,Mitchell,+14067302680,kevin.mitchell@outlook.com,,2247 Valley Ave,Great Falls,Montana,MT,22321,Seller,Eviction,Distressed Property - Code Violations,246781,261147,79,B,Nationwide Lead Gen,NEW
NE-S-1518,Margaret,Baker,+14029166075,margaret.baker@yahoo.com,,2773 Summit Blvd,Lincoln,Nebraska,NE,47057,Seller,Tax Delinquent,Property Needs Major Repairs,643973,224750,79,B,Nationwide Lead Gen,NEW
NE-B-1529,Gregory,Peterson,+14026824792,gregory.peterson@yahoo.com,,,Omaha,Nebraska,NE,,Buyer,,Cash Buyer,0,0,79,B,Nationwide Lead Gen,NEW
NJ-S-1591,Irene,Castillo,+19732154959,irene.castillo@outlook.com,,8467 Peak St,Paterson,New Jersey,NJ,22656,Seller,Condemned,Distressed Property - Code Violations,306898,362993,79,B,Nationwide Lead Gen,NEW
NJ-B-1641,Katherine,Mendoza,+19086253531,katherine.mendoza@yahoo.com,,,Elizabeth,New Jersey,NJ,,Buyer,,REIT,0,0,79,B,Nationwide Lead Gen,NEW
NJ-B-1649,Amy,Mendoza,+12013127914,amy.mendoza@gmail.com,,,Jersey City,New Jersey,NJ,,Buyer,,Developer,0,0,79,B,Nationwide Lead Gen,NEW
NM-B-1692,Christine,Thompson,+15054001013,christine.thompson@outlook.com,,,Albuquerque,New Mexico,NM,,Buyer,,REIT,0,0,79,B,Nationwide Lead Gen,NEW
NY-S-1719,Rebecca,Cox,+15857592619,rebecca.cox@gmail.com,,8755 Garden Pl,Rochester,New York,NY,60679,Seller,Lien,Inherited Property - Not Interested,800794,340681,79,B,Nationwide Lead Gen,NEW
NY-S-1739,Zachary,Nelson,+16466097474,zachary.nelson@gmail.com,,1471 Oak Way,New York City,New York,NY,10004,Seller,Bankruptcy,Financial Hardship - Needs Cash,824994,56252,79,B,Nationwide Lead Gen,NEW
NC-S-1788,Jennifer,Price,+13368603385,jennifer.price@hotmail.com,,3441 Birch Way,Greensboro,North Carolina,NC,89605,Seller,High Equity,Property in Probate - Estate Settlement,339460,335231,79,B,Nationwide Lead Gen,NEW
NC-S-1791,Raymond,White,+17043888263,raymond.white@outlook.com,,4361 Maple Pkwy,Charlotte,North Carolina,NC,28291,Seller,Lien,Avoiding Foreclosure Auction,770080,127890,79,B,Nationwide Lead Gen,NEW
NC-B-1821,Maria,Johnson,+19198657705,maria.johnson@gmail.com,Maria Properties,,Durham,North Carolina,NC,,Buyer,,REIT,0,0,79,B,Nationwide Lead Gen,NEW
ND-S-1846,Timothy,Lee,+17017402475,timothy.lee@outlook.com,,6231 Madison Pkwy,Bismarck,North Dakota,ND,87220,Seller,Judgment,Inherited Property - Not Interested,787116,364334,79,B,Nationwide Lead Gen,NEW
ND-B-1872,Pamela,Hughes,+17015699460,pamela.hughes@outlook.com,Pamela Capital,,Bismarck,North Dakota,ND,,Buyer,,Investor,0,0,79,B,Nationwide Lead Gen,NEW
OH-S-1893,Robert,Smith,+14195152762,robert.smith@gmail.com,,7464 Washington Pkwy,Toledo,Ohio,OH,74936,Seller,Fire Damage,Absentee Owner - Lives Out of State,618220,387058,79,B,Nationwide Lead Gen,NEW
OH-S-1895,Nicole,Campbell,+13304927523,nicole.campbell@aol.com,,1631 Cedar Pkwy,Akron,Ohio,OH,51425,Seller,Fire Damage,Property Needs Major Repairs,453588,373343,79,B,Nationwide Lead Gen,NEW
OR-S-2060,Patrick,Anderson,+15035223688,patrick.anderson@yahoo.com,,4515 Walnut St,Salem,Oregon,OR,85356,Seller,High Equity,Property in Probate - Estate Settlement,722211,398734,79,B,Nationwide Lead Gen,NEW
OR-B-2093,Jennifer,Martin,+15412986440,jennifer.martin@outlook.com,Jennifer Solutions,,Eugene,Oregon,OR,,Buyer,,Fix & Flip,0,0,79,B,Nationwide Lead Gen,NEW
PA-S-2145,Aaron,Long,+14127542533,aaron.long@outlook.com,,2754 Jackson Ave,Pittsburgh,Pennsylvania,PA,48008,Seller,Vacant Property,Financial Hardship - Needs Cash,945172,52055,79,B,Nationwide Lead Gen,NEW
SC-S-2210,John,Alvarez,+18437258072,john.alvarez@hotmail.com,,904 Harrison Blvd,Charleston,South Carolina,SC,29405,Seller,High Equity,Inherited Family Estate (Probate),257032,247282,79,B,Nationwide Lead Gen,NEW
SC-S-2234,Jerry,Scott,+18647781105,jerry.scott@hotmail.com,,7629 Technology Dr,Greenville,South Carolina,SC,32382,Seller,Lien,Out-of-State Absentee Landlord,583693,175441,79,B,Nationwide Lead Gen,NEW
SC-S-2239,Dennis,Phillips,+18038308212,dennis.phillips@hotmail.com,,5636 Birch Way,Columbia,South Carolina,SC,65640,Seller,Judgment,Behind on Mortgage Payments,493576,120249,79,B,Nationwide Lead Gen,NEW
TN-S-2326,Helen,Evans,+16156535822,helen.evans@yahoo.com,,2406 Summit Ct,Nashville,Tennessee,TN,37206,Seller,Code Violation,Financial Hardship - Needs Cash,422308,165139,79,B,Nationwide Lead Gen,NEW
TX-S-2402,Joshua,Smith,+16828022618,joshua.smith@hotmail.com,,7624 Summit Ct,Fort Worth,Texas,TX,58003,Seller,Pre-Foreclosure,Job Relocation - Must Sell Fast,605535,119012,79,B,Nationwide Lead Gen,NEW
TX-B-2436,Aaron,Cox,+18324546153,aaron.cox@outlook.com,Aaron Capital,,Houston,Texas,TX,,Buyer,,Wholesaler,0,0,79,B,Nationwide Lead Gen,NEW
TX-B-2443,Harold,Reyes,+18176041559,harold.reyes@gmail.com,Harold Capital,,Fort Worth,Texas,TX,,Buyer,,Fix & Flip,0,0,79,B,Nationwide Lead Gen,NEW
TX-B-2447,John,Nelson,+15129097383,john.nelson@gmail.com,,,Austin,Texas,TX,,Buyer,,Buy and Hold,0,0,79,B,Nationwide Lead Gen,NEW
UT-S-2489,Jerry,Hughes,+18017816264,jerry.hughes@hotmail.com,,8535 Chestnut St,Provo,Utah,UT,93960,Seller,Eviction,Behind on Mortgage Payments,190142,294928,79,B,Nationwide Lead Gen,NEW
UT-B-2521,Timothy,Robinson,+18015631357,timothy.robinson@gmail.com,Timothy Home Buyers,,West Valley City,Utah,UT,,Buyer,,Wholesaler,0,0,79,B,Nationwide Lead Gen,NEW
VA-S-2606,John,Morales,+18049316002,john.morales@yahoo.com,,7991 Walnut Ct,Richmond,Virginia,VA,62434,Seller,Fire Damage,Inherited Property - Not Interested,397504,216833,79,B,Nationwide Lead Gen,NEW
WV-S-2725,Donald,Turner,+13045851266,donald.turner@gmail.com,,9967 Park Way,Parkersburg,West Virginia,WV,29884,Seller,Utility Shutoff,Inherited Family Estate (Probate),509909,103869,79,B,Nationwide Lead Gen,NEW
WV-S-2730,Anna,Scott,+13043557579,anna.scott@hotmail.com,,618 Commerce Way,Huntington,West Virginia,WV,76270,Seller,Vacant Property,Absentee Owner - Lives Out of State,733657,349350,79,B,Nationwide Lead Gen,NEW
WV-B-2742,Dennis,Jones,+13043979621,dennis.jones@gmail.com,,,Parkersburg,West Virginia,WV,,Buyer,,Property Manager,0,0,79,B,Nationwide Lead Gen,NEW
WI-S-2783,Andrew,Ortiz,+14148665458,andrew.ortiz@hotmail.com,,8408 Hill Blvd,Milwaukee,Wisconsin,WI,53298,Seller,Condemned,Behind on Mortgage Payments,251440,270954,79,B,Nationwide Lead Gen,NEW
AL-S-0023,Nancy,Ross,+12053855846,nancy.ross@hotmail.com,,863 Peak Way,Birmingham,Alabama,AL,35214,Seller,Pre-Foreclosure,Inherited Property - Not Interested,277999,265152,78,B,Nationwide Lead Gen,NEW
AL-B-0059,Aaron,Jones,+16594464032,aaron.jones@gmail.com,Aaron Holdings,,Birmingham,Alabama,AL,,Buyer,,Wholesaler,0,0,78,B,Nationwide Lead Gen,NEW
AL-B-0064,Christopher,Clark,+12512406343,christopher.clark@outlook.com,,,Mobile,Alabama,AL,,Buyer,,Property Manager,0,0,78,B,Nationwide Lead Gen,NEW
AK-B-0103,Andrew,Jackson,+19072629580,andrew.jackson@yahoo.com,,,Juneau,Alaska,AK,,Buyer,,Developer,0,0,78,B,Nationwide Lead Gen,NEW
AZ-S-0141,Tyler,Phillips,+16024435564,tyler.phillips@hotmail.com,,9136 Peak Ave,Mesa,Arizona,AZ,95627,Seller,Lien,Vacant Property - High Equity,718223,177282,78,B,Nationwide Lead Gen,NEW
AZ-B-0164,Deborah,Thompson,+14803441189,deborah.thompson@yahoo.com,Deborah Realty,,Chandler,Arizona,AZ,,Buyer,,Buy and Hold,0,0,78,B,Nationwide Lead Gen,NEW
CA-B-0281,Karen,Sanchez,+12136117657,karen.sanchez@outlook.com,Karen Holdings,,Los Angeles,California,CA,,Buyer,,Buy and Hold,0,0,78,B,Nationwide Lead Gen,NEW
CO-S-0300,Mary,Evans,+17198814980,mary.evans@yahoo.com,,9112 Summit Dr,Colorado Springs,Colorado,CO,43953,Seller,Eviction,Out-of-State Absentee Landlord,851087,104183,78,B,Nationwide Lead Gen,NEW
CT-S-0363,Helen,Thomas,+12039063513,helen.thomas@aol.com,,4494 Main Pl,Bridgeport,Connecticut,CT,31994,Seller,Tax Delinquent,Tax Lien & Pre-Foreclosure Opportunity,934300,105326,78,B,Nationwide Lead Gen,NEW
CT-S-0372,Kimberly,Flores,+12039253758,kimberly.flores@hotmail.com,,4934 Spring Pkwy,Bridgeport,Connecticut,CT,16986,Seller,Lien,Distressed Property - Code Violations,628156,232478,78,B,Nationwide Lead Gen,NEW
FL-S-0480,Sharon,Edwards,+14078872358,sharon.edwards@hotmail.com,,8014 Innovation Pkwy,Orlando,Florida,FL,32874,Seller,Lien,Out-of-State Absentee Landlord,552972,51582,78,B,Nationwide Lead Gen,NEW
FL-S-0486,Maria,Bailey,+19047598507,maria.bailey@hotmail.com,,2212 Washington St,Jacksonville,Florida,FL,13021,Seller,Fire Damage,Job Relocation - Must Sell Fast,586290,188597,78,B,Nationwide Lead Gen,NEW
FL-S-0499,Stephen,Williams,+19547457475,stephen.williams@yahoo.com,,2350 Ridge Way,Fort Lauderdale,Florida,FL,58687,Seller,High Equity,Property in Probate - Estate Settlement,893545,132915,78,B,Nationwide Lead Gen,NEW
FL-B-0521,Sandra,James,+17865596038,sandra.james@outlook.com,Sandra Properties,,Miami,Florida,FL,,Buyer,,Investor,0,0,78,B,Nationwide Lead Gen,NEW
FL-B-0533,Yolanda,James,+18139892420,yolanda.james@gmail.com,,,Tampa,Florida,FL,,Buyer,,Property Manager,0,0,78,B,Nationwide Lead Gen,NEW
GA-S-0555,Raymond,Nguyen,+17066034862,raymond.nguyen@yahoo.com,,6487 Summit Pkwy,Augusta,Georgia,GA,31494,Seller,Condemned,Divorce Settlement Required,830564,333510,78,B,Nationwide Lead Gen,NEW
GA-S-0559,Brandon,Brown,+17062737179,brandon.brown@gmail.com,,3844 Lake Ct,Columbus,Georgia,GA,79664,Seller,Bankruptcy,Absentee Owner - Lives Out of State,814713,114148,78,B,Nationwide Lead Gen,NEW
GA-S-0588,Heather,James,+17067064403,heather.james@hotmail.com,,2093 Enterprise Dr,Columbus,Georgia,GA,14864,Seller,Vacant Property,Out-of-State Absentee Landlord,456631,128775,78,B,Nationwide Lead Gen,NEW
ID-S-0648,Peter,Ruiz,+12089071750,peter.ruiz@gmail.com,,4539 Harrison Way,Meridian,Idaho,ID,51257,Seller,Lien,Behind on Mortgage Payments,297549,161324,78,B,Nationwide Lead Gen,NEW
ID-S-0662,Janet,Alvarez,+12085254163,janet.alvarez@gmail.com,,7298 Forest Way,Boise,Idaho,ID,83717,Seller,Fire Damage,Divorce Settlement Required,611119,139316,78,B,Nationwide Lead Gen,NEW
IL-S-0677,Christine,Young,+12176308978,christine.young@gmail.com,,4425 Washington St,Springfield,Illinois,IL,36452,Seller,Bankruptcy,Vacant Property - High Equity,273587,366650,78,B,Nationwide Lead Gen,NEW
IL-S-0687,Janet,Hughes,+12175845086,janet.hughes@yahoo.com,,3556 Birch Way,Springfield,Illinois,IL,72974,Seller,Vacant Property,Vacant Property - High Equity,728462,107578,78,B,Nationwide Lead Gen,NEW
IL-B-0728,Deborah,Phillips,+13312624460,deborah.phillips@yahoo.com,,,Naperville,Illinois,IL,,Buyer,,Cash Buyer,0,0,78,B,Nationwide Lead Gen,NEW
IL-B-0738,Carmen,Hughes,+18726485711,carmen.hughes@outlook.com,Carmen Home Buyers,,Chicago,Illinois,IL,,Buyer,,Property Manager,0,0,78,B,Nationwide Lead Gen,NEW
IN-B-0808,Jason,Patel,+13177294534,jason.patel@outlook.com,,,Indianapolis,Indiana,IN,,Buyer,,Property Manager,0,0,78,B,Nationwide Lead Gen,NEW
KS-S-0859,William,Thomas,+19132832718,william.thomas@yahoo.com,,7204 Washington Rd,Kansas City,Kansas,KS,50563,Seller,Pre-Foreclosure,Tired Landlord - Ready to Exit,713718,244908,78,B,Nationwide Lead Gen,NEW
KS-B-0877,Sarah,Jimenez,+13166489135,sarah.jimenez@yahoo.com,,,Wichita,Kansas,KS,,Buyer,,REIT,0,0,78,B,Nationwide Lead Gen,NEW
KY-B-0936,Jerry,Castillo,+18596521985,jerry.castillo@gmail.com,Jerry Holdings,,Covington,Kentucky,KY,,Buyer,,Buy and Hold,0,0,78,B,Nationwide Lead Gen,NEW
KY-B-0937,Benjamin,Hernandez,+12705054722,benjamin.hernandez@outlook.com,,,Bowling Green,Kentucky,KY,,Buyer,,Fix & Flip,0,0,78,B,Nationwide Lead Gen,NEW
LA-S-0978,Charles,Harris,+15046229297,charles.harris@gmail.com,,5629 Washington Pl,New Orleans,Louisiana,LA,70182,Seller,Condemned,Job Relocation - Must Sell Fast,419185,282218,78,B,Nationwide Lead Gen,NEW
LA-B-1021,Paul,Cook,+13183738465,paul.cook@yahoo.com,,,Shreveport,Louisiana,LA,,Buyer,,REIT,0,0,78,B,Nationwide Lead Gen,NEW
ME-S-1038,Justin,Edwards,+12076718253,justin.edwards@hotmail.com,,1765 Monroe Pkwy,Portland,Maine,ME,4155,Seller,High Equity,Absentee Owner - Lives Out of State,817030,381322,78,B,Nationwide Lead Gen,NEW
ME-S-1053,Jennifer,Anderson,+12076052954,jennifer.anderson@outlook.com,,5837 Innovation Pkwy,Bangor,Maine,ME,21481,Seller,Utility Shutoff,Avoiding Foreclosure Auction,631084,353444,78,B,Nationwide Lead Gen,NEW
MD-S-1091,Joseph,Lewis,+12402618989,joseph.lewis@aol.com,,9828 Park St,Rockville,Maryland,MD,62558,Seller,Tax Delinquent,Property Needs Major Repairs,482693,396842,78,B,Nationwide Lead Gen,NEW
MD-B-1116,Betty,Myers,+13017073842,betty.myers@outlook.com,,,Frederick,Maryland,MD,,Buyer,,Investor,0,0,78,B,Nationwide Lead Gen,NEW
MD-B-1126,Nicole,Cox,+13015997975,nicole.cox@yahoo.com,,,Rockville,Maryland,MD,,Buyer,,Developer,0,0,78,B,Nationwide Lead Gen,NEW
MA-S-1159,Larry,Johnson,+14136279209,larry.johnson@gmail.com,,4021 Madison Ln,Springfield,Massachusetts,MA,98429,Seller,Condemned,Inherited Family Estate (Probate),223267,365286,78,B,Nationwide Lead Gen,NEW
MI-S-1236,Donald,Kelly,+13134307930,donald.kelly@hotmail.com,,2389 Monroe Ave,Detroit,Michigan,MI,48285,Seller,Fire Damage,Distressed Property - Code Violations,606362,128029,78,B,Nationwide Lead Gen,NEW
MI-B-1275,Carolyn,Lopez,+17347213290,carolyn.lopez@yahoo.com,Carolyn Realty,,Ann Arbor,Michigan,MI,,Buyer,,Property Manager,0,0,78,B,Nationwide Lead Gen,NEW
MN-S-1299,Rosa,Thomas,+16516861117,rosa.thomas@aol.com,,7854 River Pkwy,St. Paul,Minnesota,MN,72500,Seller,Vacant Property,Vacant Property - High Equity,227007,66480,78,B,Nationwide Lead Gen,NEW
MN-S-1325,Jonathan,Hall,+16517689269,jonathan.hall@hotmail.com,,8177 Madison St,St. Paul,Minnesota,MN,16470,Seller,Eviction,Absentee Owner - Lives Out of State,626408,310690,78,B,Nationwide Lead Gen,NEW
MN-S-1335,Linda,Walker,+16516546077,linda.walker@gmail.com,,9770 Peak Ct,Minneapolis,Minnesota,MN,55435,Seller,Vacant Property,Vacant Property - High Equity,648844,190658,78,B,Nationwide Lead Gen,NEW
MN-S-1340,Mary,Anderson,+16515539602,mary.anderson@aol.com,,9325 Peak Pl,St. Paul,Minnesota,MN,14517,Seller,Tax Delinquent,Inherited Property - Not Interested,721301,262533,78,B,Nationwide Lead Gen,NEW
MN-B-1358,Kimberly,Miller,+12188969099,kimberly.miller@gmail.com,Kimberly Holdings,,Duluth,Minnesota,MN,,Buyer,,Fix & Flip,0,0,78,B,Nationwide Lead Gen,NEW
MN-B-1363,Laura,Allen,+12189589323,laura.allen@yahoo.com,Laura Realty,,Duluth,Minnesota,MN,,Buyer,,Property Manager,0,0,78,B,Nationwide Lead Gen,NEW
MO-S-1411,Nathan,Smith,+16368819146,nathan.smith@hotmail.com,,2948 Summit Ave,St. Louis,Missouri,MO,33668,Seller,Eviction,Tired Landlord - Ready to Exit,550379,127687,78,B,Nationwide Lead Gen,NEW
MO-B-1456,Eric,Smith,+18163037451,eric.smith@yahoo.com,,,Kansas City,Missouri,MO,,Buyer,,Developer,0,0,78,B,Nationwide Lead Gen,NEW
NV-S-1531,Scott,Brooks,+17024358057,scott.brooks@gmail.com,,1778 Meadow Blvd,Las Vegas,Nevada,NV,89123,Seller,Condemned,Financial Hardship - Needs Cash,812464,58344,78,B,Nationwide Lead Gen,NEW
NV-B-1554,Frank,Rivera,+17022797991,frank.rivera@gmail.com,Frank Properties,,Henderson,Nevada,NV,,Buyer,,REIT,0,0,78,B,Nationwide Lead Gen,NEW
NH-B-1585,Paul,Ross,+16036277786,paul.ross@outlook.com,Paul Capital,,Concord,New Hampshire,NH,,Buyer,,Developer,0,0,78,B,Nationwide Lead Gen,NEW
NJ-B-1651,Brandon,Evans,+19736551608,brandon.evans@gmail.com,Brandon Realty,,Newark,New Jersey,NJ,,Buyer,,Fix & Flip,0,0,78,B,Nationwide Lead Gen,NEW
NJ-B-1660,Deborah,Hughes,+19738082741,deborah.hughes@gmail.com,,,Paterson,New Jersey,NJ,,Buyer,,Property Manager,0,0,78,B,Nationwide Lead Gen,NEW
NM-S-1682,Stephanie,Turner,+15056033840,stephanie.turner@gmail.com,,4601 Washington Pl,Santa Fe,New Mexico,NM,48707,Seller,Lien,Out-of-State Absentee Landlord,759055,104631,78,B,Nationwide Lead Gen,NEW
NY-S-1715,Ashley,Collins,+13155612225,ashley.collins@outlook.com,,3558 Lake Dr,Syracuse,New York,NY,24037,Seller,Judgment,Tax Lien & Pre-Foreclosure Opportunity,531251,289153,78,B,Nationwide Lead Gen,NEW
NY-B-1761,Mary,Baker,+15853944856,mary.baker@gmail.com,Mary Investments,,Rochester,New York,NY,,Buyer,,Developer,0,0,78,B,Nationwide Lead Gen,NEW
NC-S-1777,Eric,Foster,+19195179982,eric.foster@aol.com,,497 Hill Blvd,Raleigh,North Carolina,NC,77007,Seller,Eviction,Distressed Property - Code Violations,420191,357150,78,B,Nationwide Lead Gen,NEW
NC-S-1789,Judy,White,+13368687669,judy.white@gmail.com,,9913 Summit Rd,Greensboro,North Carolina,NC,21480,Seller,Lien,Out-of-State Absentee Landlord,579885,213818,78,B,Nationwide Lead Gen,NEW
OK-S-1986,Brandon,Clark,+19182426075,brandon.clark@hotmail.com,,1607 Technology Ct,Broken Arrow,Oklahoma,OK,99373,Seller,Vacant Property,Property Needs Major Repairs,188124,92468,78,B,Nationwide Lead Gen,NEW
OR-B-2080,Matthew,Long,+15417619346,matthew.long@gmail.com,,,Eugene,Oregon,OR,,Buyer,,Cash Buyer,0,0,78,B,Nationwide Lead Gen,NEW
PA-B-2156,Douglas,Lopez,+18145053729,douglas.lopez@gmail.com,,,Erie,Pennsylvania,PA,,Buyer,,Investor,0,0,78,B,Nationwide Lead Gen,NEW
RI-S-2187,Kenneth,Clark,+14013733238,kenneth.clark@yahoo.com,,9154 Chestnut Ln,Cranston,Rhode Island,RI,41925,Seller,High Equity,Tax Lien & Pre-Foreclosure Opportunity,522300,337884,78,B,Nationwide Lead Gen,NEW
SC-S-2227,Patricia,Torres,+18035151545,patricia.torres@yahoo.com,,7447 Hickory Dr,Columbia,South Carolina,SC,73875,Seller,Condemned,Inherited Family Estate (Probate),909724,221796,78,B,Nationwide Lead Gen,NEW
SC-S-2228,Anna,Sanchez,+18034477007,anna.sanchez@outlook.com,,6030 Pine St,Columbia,South Carolina,SC,39134,Seller,High Equity,Inherited Property - Not Interested,208429,359786,78,B,Nationwide Lead Gen,NEW
SC-S-2248,Rachel,Wood,+18646462018,rachel.wood@outlook.com,,4650 Forest Rd,Greenville,South Carolina,SC,36400,Seller,Bankruptcy,Divorce Settlement Required,326342,171298,78,B,Nationwide Lead Gen,NEW
SC-B-2262,Dennis,Allen,+18643511039,dennis.allen@outlook.com,Dennis Investments,,Greenville,South Carolina,SC,,Buyer,,Cash Buyer,0,0,78,B,Nationwide Lead Gen,NEW
TN-S-2314,Harold,Lopez,+16153851316,harold.lopez@outlook.com,,866 Maple Pkwy,Nashville,Tennessee,TN,37295,Seller,Bankruptcy,Out-of-State Absentee Landlord,748118,341174,78,B,Nationwide Lead Gen,NEW
TN-S-2356,Helen,White,+14237682831,helen.white@hotmail.com,,5511 Forest Rd,Chattanooga,Tennessee,TN,19583,Seller,Vacant Property,Divorce Settlement Required,230782,278371,78,B,Nationwide Lead Gen,NEW
TN-B-2380,Robert,Roberts,+19016435623,robert.roberts@yahoo.com,Robert Properties,,Memphis,Tennessee,TN,,Buyer,,Fix & Flip,0,0,78,B,Nationwide Lead Gen,NEW
TX-S-2389,Christopher,Jones,+12102731793,christopher.jones@yahoo.com,,7996 Park Ct,San Antonio,Texas,TX,51079,Seller,Tax Delinquent,Job Relocation - Must Sell Fast,242589,228097,78,B,Nationwide Lead Gen,NEW
TX-B-2460,Gary,Hill,+12106426969,gary.hill@outlook.com,,,San Antonio,Texas,TX,,Buyer,,Buy and Hold,0,0,78,B,Nationwide Lead Gen,NEW
UT-S-2476,Maria,Jimenez,+18012272730,maria.jimenez@gmail.com,,6887 Garden Dr,Ogden,Utah,UT,46946,Seller,Lien,Property in Probate - Estate Settlement,697619,132910,78,B,Nationwide Lead Gen,NEW
UT-B-2526,Shirley,Collins,+18015318071,shirley.collins@outlook.com,Shirley Acquisitions,,West Valley City,Utah,UT,,Buyer,,Cash Buyer,0,0,78,B,Nationwide Lead Gen,NEW
VT-B-2560,Emma,Johnson,+18023559060,emma.johnson@gmail.com,Emma Holdings,,Burlington,Vermont,VT,,Buyer,,Investor,0,0,78,B,Nationwide Lead Gen,NEW
VA-S-2592,Sarah,Hernandez,+18045471687,sarah.hernandez@outlook.com,,4293 Cedar Rd,Richmond,Virginia,VA,66153,Seller,Condemned,Divorce Settlement Required,657732,99676,78,B,Nationwide Lead Gen,NEW
WA-S-2651,Maria,Torres,+12532793792,maria.torres@aol.com,,1811 Highland Pl,Seattle,Washington,WA,98105,Seller,Probate,Job Relocation - Must Sell Fast,392469,51338,78,B,Nationwide Lead Gen,NEW
WA-S-2674,Aaron,Smith,+14258101085,aaron.smith@outlook.com,,5841 Innovation Ct,Bellevue,Washington,WA,12899,Seller,Code Violation,Inherited Family Estate (Probate),316955,137814,78,B,Nationwide Lead Gen,NEW
WA-S-2690,Patrick,Howard,+15092259872,patrick.howard@aol.com,,6559 Cedar Blvd,Spokane,Washington,WA,21988,Seller,Code Violation,Divorce Settlement Required,729533,274505,78,B,Nationwide Lead Gen,NEW
WA-B-2710,Nicole,Davis,+15093334145,nicole.davis@gmail.com,,,Spokane,Washington,WA,,Buyer,,Investor,0,0,78,B,Nationwide Lead Gen,NEW
WI-S-2760,Nancy,Wright,+16087911021,nancy.wright@hotmail.com,,3917 Madison St,Madison,Wisconsin,WI,88481,Seller,Code Violation,Property in Probate - Estate Settlement,552099,164567,78,B,Nationwide Lead Gen,NEW
WI-S-2764,Ashley,Davis,+14146532262,ashley.davis@yahoo.com,,860 Pine Ct,Milwaukee,Wisconsin,WI,53208,Seller,Vacant Property,Tired Landlord - Ready to Exit,497226,62568,78,B,Nationwide Lead Gen,NEW
WY-S-2840,Barbara,Sanders,+13072832051,barbara.sanders@hotmail.com,,6735 Enterprise Ct,Casper,Wyoming,WY,81914,Seller,Eviction,Distressed Property - Code Violations,699659,223412,78,B,Nationwide Lead Gen,NEW
AK-S-0079,Jerry,Cox,+19078982119,jerry.cox@aol.com,,3980 Oak Pkwy,Juneau,Alaska,AK,47439,Seller,Vacant Property,Job Relocation - Must Sell Fast,827315,338270,77,B,Nationwide Lead Gen,NEW
AK-S-0080,Shirley,Richardson,+19073794498,shirley.richardson@yahoo.com,,9516 Oak Dr,Fairbanks,Alaska,AK,44461,Seller,Condemned,Behind on Mortgage Payments,692456,164920,77,B,Nationwide Lead Gen,NEW
AZ-S-0151,Samuel,Gomez,+15203742090,samuel.gomez@gmail.com,,1723 Industrial Ct,Tucson,Arizona,AZ,85748,Seller,Code Violation,Vacant Property - High Equity,884943,355718,77,B,Nationwide Lead Gen,NEW
AZ-B-0160,Richard,Long,+16028423667,richard.long@yahoo.com,,,Mesa,Arizona,AZ,,Buyer,,Investor,0,0,77,B,Nationwide Lead Gen,NEW
CA-S-0244,Harold,Bennett,+14083402532,harold.bennett@outlook.com,,8263 Highland Pl,San Jose,California,CA,14663,Seller,Condemned,Distressed Property - Code Violations,704819,247587,77,B,Nationwide Lead Gen,NEW
CA-S-0247,Brian,Smith,+15595037774,brian.smith@gmail.com,,950 Industrial St,Fresno,California,CA,57580,Seller,Judgment,Job Relocation - Must Sell Fast,231141,71284,77,B,Nationwide Lead Gen,NEW
CA-B-0280,Christine,Nelson,+15594822776,christine.nelson@yahoo.com,,,Fresno,California,CA,,Buyer,,Buy and Hold,0,0,77,B,Nationwide Lead Gen,NEW
CT-S-0384,Dorothy,Kim,+12032899615,dorothy.kim@yahoo.com,,7293 Chestnut Pl,Stamford,Connecticut,CT,27181,Seller,Judgment,Behind on Mortgage Payments,518151,399012,77,B,Nationwide Lead Gen,NEW
CT-S-0399,Jack,Wood,+18605141901,jack.wood@yahoo.com,,6760 Maple Blvd,Hartford,Connecticut,CT,6179,Seller,Lien,Out-of-State Absentee Landlord,848868,271328,77,B,Nationwide Lead Gen,NEW
DE-B-0456,Kenneth,Hernandez,+13024749936,kenneth.hernandez@gmail.com,,,Wilmington,Delaware,DE,,Buyer,,Cash Buyer,0,0,77,B,Nationwide Lead Gen,NEW
FL-S-0466,Joshua,Perez,+18137873393,joshua.perez@aol.com,,6330 Jackson Ave,Tampa,Florida,FL,17773,Seller,Judgment,Vacant Property - High Equity,406297,212990,77,B,Nationwide Lead Gen,NEW
HI-B-0645,Paul,Walker,+18087307801,paul.walker@gmail.com,,,Honolulu,Hawaii,HI,,Buyer,,Developer,0,0,77,B,Nationwide Lead Gen,NEW
ID-S-0647,Nancy,Collins,+12086385538,nancy.collins@yahoo.com,,391 Business Way,Idaho Falls,Idaho,ID,44517,Seller,Code Violation,Avoiding Foreclosure Auction,739202,187148,77,B,Nationwide Lead Gen,NEW
ID-S-0650,Jason,Ward,+12088506268,jason.ward@hotmail.com,,8027 Adams Pkwy,Nampa,Idaho,ID,10050,Seller,Eviction,Inherited Family Estate (Probate),215228,297907,77,B,Nationwide Lead Gen,NEW
IL-S-0699,Harold,Morris,+13122203248,harold.morris@yahoo.com,,7629 Pine Dr,Chicago,Illinois,IL,60653,Seller,Utility Shutoff,Job Relocation - Must Sell Fast,258260,116380,77,B,Nationwide Lead Gen,NEW
IL-S-0702,Scott,Young,+16308527488,scott.young@gmail.com,,6420 Jefferson Ct,Aurora,Illinois,IL,10176,Seller,Condemned,Absentee Owner - Lives Out of State,401578,156673,77,B,Nationwide Lead Gen,NEW
IL-S-0719,Carlos,Ortiz,+13313499937,carlos.ortiz@gmail.com,,8894 Birch Dr,Naperville,Illinois,IL,33692,Seller,Absentee Owner,Property Needs Major Repairs,278739,145338,77,B,Nationwide Lead Gen,NEW
IN-S-0793,Henry,Roberts,+18122901294,henry.roberts@yahoo.com,,5099 Park Pkwy,Evansville,Indiana,IN,19635,Seller,Bankruptcy,Divorce Settlement Required,249692,397065,77,B,Nationwide Lead Gen,NEW
IN-B-0810,Margaret,Bennett,+18125728382,margaret.bennett@yahoo.com,,,Evansville,Indiana,IN,,Buyer,,Buy and Hold,0,0,77,B,Nationwide Lead Gen,NEW
IA-S-0826,Rachel,Cox,+15155678402,rachel.cox@gmail.com,,4313 Lincoln Ave,Des Moines,Iowa,IA,50386,Seller,Code Violation,Tax Lien & Pre-Foreclosure Opportunity,836392,359478,77,B,Nationwide Lead Gen,NEW
KS-B-0885,Carlos,Lopez,+19135922813,carlos.lopez@outlook.com,,,Kansas City,Kansas,KS,,Buyer,,Investor,0,0,77,B,Nationwide Lead Gen,NEW
KY-B-0938,Pamela,Richardson,+18594628411,pamela.richardson@gmail.com,Pamela Acquisitions,,Lexington,Kentucky,KY,,Buyer,,Buy and Hold,0,0,77,B,Nationwide Lead Gen,NEW
KY-B-0957,Henry,Alvarez,+15026722850,henry.alvarez@gmail.com,Henry Acquisitions,,Louisville,Kentucky,KY,,Buyer,,Cash Buyer,0,0,77,B,Nationwide Lead Gen,NEW
LA-B-1029,Elizabeth,Harris,+13186717029,elizabeth.harris@yahoo.com,,,Shreveport,Louisiana,LA,,Buyer,,Fix & Flip,0,0,77,B,Nationwide Lead Gen,NEW
LA-B-1033,Jeffrey,Clark,+12252401881,jeffrey.clark@yahoo.com,,,Baton Rouge,Louisiana,LA,,Buyer,,Investor,0,0,77,B,Nationwide Lead Gen,NEW
ME-B-1059,Justin,Mitchell,+12076888634,justin.mitchell@gmail.com,Justin Investments,,Portland,Maine,ME,,Buyer,,Developer,0,0,77,B,Nationwide Lead Gen,NEW
ME-B-1065,Brenda,Cook,+12075321984,brenda.cook@gmail.com,Brenda Realty,,Lewiston,Maine,ME,,Buyer,,Developer,0,0,77,B,Nationwide Lead Gen,NEW
MD-B-1121,Amanda,Murphy,+14105215302,amanda.murphy@yahoo.com,Amanda Realty,,Baltimore,Maryland,MD,,Buyer,,REIT,0,0,77,B,Nationwide Lead Gen,NEW
MA-S-1187,Brenda,Castillo,+17743098510,brenda.castillo@gmail.com,,6989 Walnut Blvd,Worcester,Massachusetts,MA,68882,Seller,Tax Delinquent,Vacant Property - High Equity,629644,295528,77,B,Nationwide Lead Gen,NEW
MN-S-1291,Carmen,Bennett,+16514254306,carmen.bennett@outlook.com,,6169 Business Ct,St. Paul,Minnesota,MN,46160,Seller,Tax Delinquent,Divorce Settlement Required,742873,262899,77,B,Nationwide Lead Gen,NEW
MN-S-1339,Steven,Evans,+15077254880,steven.evans@yahoo.com,,3911 Walnut Rd,Rochester,Minnesota,MN,70307,Seller,Vacant Property,Tired Landlord - Ready to Exit,872594,386226,77,B,Nationwide Lead Gen,NEW
MS-S-1370,Gary,Gonzalez,+12285977403,gary.gonzalez@aol.com,,5204 Hill Ct,Gulfport,Mississippi,MS,68229,Seller,Bankruptcy,Absentee Owner - Lives Out of State,860782,115473,77,B,Nationwide Lead Gen,NEW
MT-S-1480,Anthony,Nelson,+14064823008,anthony.nelson@hotmail.com,,704 Washington Ct,Missoula,Montana,MT,62344,Seller,Judgment,Property in Probate - Estate Settlement,905508,171020,77,B,Nationwide Lead Gen,NEW
MT-S-1483,Susan,Martinez,+14062474283,susan.martinez@aol.com,,3974 Creek Way,Billings,Montana,MT,59144,Seller,Eviction,Divorce Settlement Required,542267,382426,77,B,Nationwide Lead Gen,NEW
NH-S-1578,Sarah,Ross,+16035843152,sarah.ross@outlook.com,,1545 Harrison Blvd,Concord,New Hampshire,NH,58062,Seller,Bankruptcy,Property in Probate - Estate Settlement,944396,82209,77,B,Nationwide Lead Gen,NEW
NJ-B-1646,Jack,Ramos,+12012314900,jack.ramos@yahoo.com,,,Jersey City,New Jersey,NJ,,Buyer,,Property Manager,0,0,77,B,Nationwide Lead Gen,NEW
NM-S-1673,Christine,Kelly,+15058775223,christine.kelly@gmail.com,,1855 Monroe Way,Santa Fe,New Mexico,NM,33289,Seller,Lien,Vacant Property - High Equity,795873,197828,77,B,Nationwide Lead Gen,NEW
NY-S-1721,Scott,Long,+15853866057,scott.long@gmail.com,,7078 Innovation Ave,Rochester,New York,NY,89927,Seller,Lien,Distressed Property - Code Violations,498233,71213,77,B,Nationwide Lead Gen,NEW
NY-S-1722,Karen,Gutierrez,+17162995088,karen.gutierrez@aol.com,,3416 Vista Dr,Buffalo,New York,NY,14243,Seller,Tax Delinquent,Divorce Settlement Required,576396,288574,77,B,Nationwide Lead Gen,NEW
NY-B-1749,Carolyn,Howard,+19172178734,carolyn.howard@outlook.com,Carolyn Properties,,New York City,New York,NY,,Buyer,,Cash Buyer,0,0,77,B,Nationwide Lead Gen,NEW
NY-B-1750,Harold,Nguyen,+15857064982,harold.nguyen@gmail.com,,,Rochester,New York,NY,,Buyer,,Buy and Hold,0,0,77,B,Nationwide Lead Gen,NEW
NC-B-1833,Shirley,Robinson,+19809035823,shirley.robinson@outlook.com,,,Charlotte,North Carolina,NC,,Buyer,,Developer,0,0,77,B,Nationwide Lead Gen,NEW
OK-S-1962,Nathan,Kim,+19184837586,nathan.kim@yahoo.com,,9885 Pine Pkwy,Tulsa,Oklahoma,OK,65709,Seller,Fire Damage,Tired Landlord - Ready to Exit,814175,317937,77,B,Nationwide Lead Gen,NEW
OK-B-2014,Patricia,Patel,+14059238784,patricia.patel@yahoo.com,Patricia Investments,,Oklahoma City,Oklahoma,OK,,Buyer,,Cash Buyer,0,0,77,B,Nationwide Lead Gen,NEW
OR-S-2057,Helen,Bennett,+15036656790,helen.bennett@aol.com,,7561 Peak Ln,Portland,Oregon,OR,97296,Seller,Eviction,Vacant Property - High Equity,663417,258819,77,B,Nationwide Lead Gen,NEW
OR-B-2098,Heather,Ward,+15418223334,heather.ward@yahoo.com,Heather Realty,,Bend,Oregon,OR,,Buyer,,Developer,0,0,77,B,Nationwide Lead Gen,NEW
SC-S-2255,Katherine,Taylor,+18646387082,katherine.taylor@aol.com,,5374 Lake Rd,Greenville,South Carolina,SC,22099,Seller,Pre-Foreclosure,Absentee Owner - Lives Out of State,336962,328110,77,B,Nationwide Lead Gen,NEW
TN-S-2311,Larry,Hill,+18654015861,larry.hill@yahoo.com,,2914 Ridge Ln,Knoxville,Tennessee,TN,88625,Seller,Tax Delinquent,Vacant Property - High Equity,787896,41508,77,B,Nationwide Lead Gen,NEW
TN-S-2354,Margaret,Lopez,+16154391864,margaret.lopez@gmail.com,,7527 Birch St,Nashville,Tennessee,TN,37227,Seller,High Equity,Inherited Property - Not Interested,339200,318442,77,B,Nationwide Lead Gen,NEW
TX-S-2423,Carlos,Ortiz,+19158512922,carlos.ortiz@gmail.com,,7186 Summit Rd,El Paso,Texas,TX,95181,Seller,Code Violation,Absentee Owner - Lives Out of State,249133,141060,77,B,Nationwide Lead Gen,NEW
TX-B-2451,Amy,Turner,+19156839238,amy.turner@yahoo.com,Amy Realty,,El Paso,Texas,TX,,Buyer,,REIT,0,0,77,B,Nationwide Lead Gen,NEW
UT-S-2463,James,Ramos,+18014208783,james.ramos@aol.com,,655 Creek Pkwy,Provo,Utah,UT,82875,Seller,Judgment,Absentee Owner - Lives Out of State,427765,184870,77,B,Nationwide Lead Gen,NEW
VT-S-2541,Adam,Taylor,+18029525236,adam.taylor@yahoo.com,,6956 Innovation Blvd,Montpelier,Vermont,VT,18545,Seller,Absentee Owner,Tax Lien & Pre-Foreclosure Opportunity,407257,207174,77,B,Nationwide Lead Gen,NEW
VT-S-2555,Sylvia,Cook,+18023226074,sylvia.cook@yahoo.com,,9050 Forest Pkwy,Montpelier,Vermont,VT,34765,Seller,Absentee Owner,Tax Lien & Pre-Foreclosure Opportunity,857445,162837,77,B,Nationwide Lead Gen,NEW
VA-S-2578,Matthew,Wright,+18049519323,matthew.wright@outlook.com,,4557 Lake Rd,Richmond,Virginia,VA,78875,Seller,Absentee Owner,Inherited Property - Not Interested,701636,162586,77,B,Nationwide Lead Gen,NEW
VA-S-2584,Heather,Peterson,+17037261918,heather.peterson@outlook.com,,5740 Madison Ave,Arlington,Virginia,VA,24298,Seller,Tax Delinquent,Distressed Property - Code Violations,731090,387551,77,B,Nationwide Lead Gen,NEW
WA-S-2663,Carlos,Phillips,+14257927397,carlos.phillips@outlook.com,,5083 Creek Way,Bellevue,Washington,WA,39822,Seller,Utility Shutoff,Tax Lien & Pre-Foreclosure Opportunity,417651,194454,77,B,Nationwide Lead Gen,NEW
WA-S-2670,Brian,Green,+14257454748,brian.green@gmail.com,,2088 Harrison Dr,Bellevue,Washington,WA,91677,Seller,Absentee Owner,Vacant Property - High Equity,941024,54579,77,B,Nationwide Lead Gen,NEW
WY-S-2823,Kathleen,Hall,+13072463813,kathleen.hall@hotmail.com,,655 Adams Pkwy,Laramie,Wyoming,WY,62589,Seller,Judgment,Avoiding Foreclosure Auction,598447,279447,77,B,Nationwide Lead Gen,NEW
AL-S-0036,Patrick,Lee,+12056742220,patrick.lee@gmail.com,,4666 Cedar Rd,Birmingham,Alabama,AL,35209,Seller,Bankruptcy,Financial Hardship - Needs Cash,926088,174032,76,B,Nationwide Lead Gen,NEW
AL-S-0038,Ryan,Garcia,+19385843544,ryan.garcia@yahoo.com,,3618 Walnut Way,Huntsville,Alabama,AL,84134,Seller,Probate,Job Relocation - Must Sell Fast,676415,308175,76,B,Nationwide Lead Gen,NEW
AZ-S-0150,Michelle,Kelly,+14802506927,michelle.kelly@aol.com,,5976 Forest Rd,Chandler,Arizona,AZ,84675,Seller,Condemned,Tax Lien & Pre-Foreclosure Opportunity,820046,374735,76,B,Nationwide Lead Gen,NEW
AZ-S-0152,Nancy,Adams,+14808604602,nancy.adams@hotmail.com,,4847 Peak Rd,Phoenix,Arizona,AZ,85073,Seller,Bankruptcy,Job Relocation - Must Sell Fast,788542,190223,76,B,Nationwide Lead Gen,NEW
AZ-S-0154,Nancy,James,+14807713120,nancy.james@aol.com,,2649 Madison Ln,Chandler,Arizona,AZ,41564,Seller,Pre-Foreclosure,Tired Landlord - Ready to Exit,546169,214664,76,B,Nationwide Lead Gen,NEW
CA-S-0219,Ronald,Scott,+16283817365,ronald.scott@gmail.com,,4308 Technology Ave,San Francisco,California,CA,80537,Seller,Fire Damage,Out-of-State Absentee Landlord,620203,186232,76,B,Nationwide Lead Gen,NEW
CA-S-0231,Janet,Robinson,+18586094694,janet.robinson@gmail.com,,3202 Harrison Ct,San Diego,California,CA,92115,Seller,High Equity,Absentee Owner - Lives Out of State,445119,114733,76,B,Nationwide Lead Gen,NEW
CA-B-0263,Nathan,Peterson,+12132008779,nathan.peterson@gmail.com,,,Los Angeles,California,CA,,Buyer,,Buy and Hold,0,0,76,B,Nationwide Lead Gen,NEW
CA-B-0267,Steven,Patel,+14154096195,steven.patel@gmail.com,,,San Francisco,California,CA,,Buyer,,Developer,0,0,76,B,Nationwide Lead Gen,NEW
CO-S-0327,Amanda,Smith,+17196567694,amanda.smith@aol.com,,1315 Ridge Pl,Colorado Springs,Colorado,CO,15686,Seller,Absentee Owner,Absentee Owner - Lives Out of State,814989,391980,76,B,Nationwide Lead Gen,NEW
CO-S-0329,George,Brown,+17194056278,george.brown@yahoo.com,,2111 Adams St,Colorado Springs,Colorado,CO,60351,Seller,Code Violation,Property in Probate - Estate Settlement,415121,370092,76,B,Nationwide Lead Gen,NEW
CO-S-0330,Elena,Long,+13035709398,elena.long@hotmail.com,,9562 Lake St,Aurora,Colorado,CO,31565,Seller,High Equity,Financial Hardship - Needs Cash,746505,154390,76,B,Nationwide Lead Gen,NEW
CO-B-0354,Kathleen,Hernandez,+19706046743,kathleen.hernandez@gmail.com,,,Fort Collins,Colorado,CO,,Buyer,,Buy and Hold,0,0,76,B,Nationwide Lead Gen,NEW
GA-S-0556,Helen,Bennett,+17064661820,helen.bennett@yahoo.com,,3881 Adams St,Columbus,Georgia,GA,30935,Seller,Probate,Inherited Property - Not Interested,706673,77461,76,B,Nationwide Lead Gen,NEW
GA-S-0583,Sharon,Hernandez,+17067811407,sharon.hernandez@aol.com,,6193 Washington Ln,Columbus,Georgia,GA,12134,Seller,Pre-Foreclosure,Tax Lien & Pre-Foreclosure Opportunity,699883,370024,76,B,Nationwide Lead Gen,NEW
HI-S-0629,Aaron,Castillo,+18085957929,aaron.castillo@gmail.com,,4329 Elm Pkwy,Honolulu,Hawaii,HI,96873,Seller,Vacant Property,Avoiding Foreclosure Auction,190655,368037,76,B,Nationwide Lead Gen,NEW
IA-S-0827,Jeffrey,Adams,+13198304406,jeffrey.adams@hotmail.com,,8194 Ridge Pl,Cedar Rapids,Iowa,IA,41652,Seller,Eviction,Avoiding Foreclosure Auction,883919,330829,76,B,Nationwide Lead Gen,NEW
KY-S-0924,Sandra,Lee,+15029209099,sandra.lee@gmail.com,,1732 Walnut Pl,Louisville,Kentucky,KY,40260,Seller,Utility Shutoff,Behind on Mortgage Payments,904508,208128,76,B,Nationwide Lead Gen,NEW
KY-S-0933,Raymond,Mendoza,+15024833114,raymond.mendoza@hotmail.com,,4120 River Dr,Louisville,Kentucky,KY,40251,Seller,Probate,Inherited Family Estate (Probate),815180,75904,76,B,Nationwide Lead Gen,NEW
KY-B-0940,Jessica,Watson,+18597134661,jessica.watson@outlook.com,,,Covington,Kentucky,KY,,Buyer,,Property Manager,0,0,76,B,Nationwide Lead Gen,NEW
LA-B-1011,Ashley,Rivera,+15047567380,ashley.rivera@outlook.com,Ashley Investments,,New Orleans,Louisiana,LA,,Buyer,,Fix & Flip,0,0,76,B,Nationwide Lead Gen,NEW
ME-S-1055,Donald,Cox,+12074957101,donald.cox@yahoo.com,,1670 Canyon Ln,Bangor,Maine,ME,63838,Seller,Code Violation,Property in Probate - Estate Settlement,764492,340641,76,B,Nationwide Lead Gen,NEW
MD-S-1114,Brian,Mendoza,+12406772645,brian.mendoza@aol.com,,2265 River Pkwy,Frederick,Maryland,MD,57355,Seller,Eviction,Property in Probate - Estate Settlement,366188,114632,76,B,Nationwide Lead Gen,NEW
MA-S-1148,Nicholas,Morales,+14136235380,nicholas.morales@yahoo.com,,8437 Birch Way,Springfield,Massachusetts,MA,36349,Seller,Eviction,Property Needs Major Repairs,890005,197633,76,B,Nationwide Lead Gen,NEW
MA-S-1155,Betty,Kelly,+17747936185,betty.kelly@yahoo.com,,6677 Maple Pkwy,Worcester,Massachusetts,MA,16182,Seller,Tax Delinquent,Absentee Owner - Lives Out of State,568688,366940,76,B,Nationwide Lead Gen,NEW
MA-S-1190,Emily,Ruiz,+14135563538,emily.ruiz@gmail.com,,3489 Main Rd,Springfield,Massachusetts,MA,40175,Seller,Probate,Tax Lien & Pre-Foreclosure Opportunity,257731,362538,76,B,Nationwide Lead Gen,NEW
MI-S-1228,Jacob,Evans,+13135376986,jacob.evans@yahoo.com,,3736 Pine Pkwy,Detroit,Michigan,MI,48220,Seller,High Equity,Financial Hardship - Needs Cash,729016,87341,76,B,Nationwide Lead Gen,NEW
MI-S-1256,Karen,Wilson,+16165767572,karen.wilson@outlook.com,,4567 Forest Blvd,Grand Rapids,Michigan,MI,49226,Seller,Eviction,Distressed Property - Code Violations,370159,232414,76,B,Nationwide Lead Gen,NEW
MI-B-1280,Christopher,Sanders,+13134104102,christopher.sanders@gmail.com,Christopher Acquisitions,,Detroit,Michigan,MI,,Buyer,,Investor,0,0,76,B,Nationwide Lead Gen,NEW
MN-S-1334,Henry,Myers,+16518827369,henry.myers@gmail.com,,6331 Pine Pl,St. Paul,Minnesota,MN,53279,Seller,Lien,Inherited Family Estate (Probate),139699,200400,76,B,Nationwide Lead Gen,NEW
NE-S-1501,Jerry,Morris,+14024394813,jerry.morris@aol.com,,7082 Canyon Pkwy,Lincoln,Nebraska,NE,84743,Seller,Fire Damage,Divorce Settlement Required,669264,78312,76,B,Nationwide Lead Gen,NEW
NE-B-1528,Linda,Hernandez,+14025883106,linda.hernandez@yahoo.com,Linda Holdings,,Bellevue,Nebraska,NE,,Buyer,,REIT,0,0,76,B,Nationwide Lead Gen,NEW
NV-B-1553,Kimberly,Perez,+17027281706,kimberly.perez@yahoo.com,,,Las Vegas,Nevada,NV,,Buyer,,REIT,0,0,76,B,Nationwide Lead Gen,NEW
NJ-S-1595,Tyler,Chavez,+12019997342,tyler.chavez@hotmail.com,,8349 Pine Pl,Jersey City,New Jersey,NJ,89908,Seller,Condemned,Tax Lien & Pre-Foreclosure Opportunity,409916,286398,76,B,Nationwide Lead Gen,NEW
NJ-B-1662,Laura,Mitchell,+19738524098,laura.mitchell@gmail.com,Laura Acquisitions,,Newark,New Jersey,NJ,,Buyer,,Property Manager,0,0,76,B,Nationwide Lead Gen,NEW
NM-S-1679,Angela,Gutierrez,+15056669580,angela.gutierrez@yahoo.com,,5352 Cedar St,Albuquerque,New Mexico,NM,87194,Seller,Probate,Inherited Property - Not Interested,658243,220116,76,B,Nationwide Lead Gen,NEW
NY-S-1725,Paul,Carter,+15853705815,paul.carter@gmail.com,,9639 Spring Rd,Rochester,New York,NY,98401,Seller,Lien,Absentee Owner - Lives Out of State,370127,59039,76,B,Nationwide Lead Gen,NEW
NC-S-1786,Gary,Lee,+19806049339,gary.lee@gmail.com,,8077 Washington Way,Charlotte,North Carolina,NC,28288,Seller,Condemned,Property Needs Major Repairs,671218,278719,76,B,Nationwide Lead Gen,NEW
NC-B-1823,Judy,Jimenez,+19195175243,judy.jimenez@yahoo.com,Judy Home Buyers,,Durham,North Carolina,NC,,Buyer,,Fix & Flip,0,0,76,B,Nationwide Lead Gen,NEW
ND-S-1849,Gary,Wood,+17018415679,gary.wood@aol.com,,9218 Commerce Pl,Fargo,North Dakota,ND,58199,Seller,Condemned,Divorce Settlement Required,377254,270972,76,B,Nationwide Lead Gen,NEW
OH-S-1900,Carmen,Taylor,+12164251183,carmen.taylor@outlook.com,,2680 Creek Pkwy,Cleveland,Ohio,OH,25246,Seller,Pre-Foreclosure,Divorce Settlement Required,687921,303906,76,B,Nationwide Lead Gen,NEW
OH-B-1926,Patricia,Clark,+15135249719,patricia.clark@yahoo.com,Patricia Properties,,Cincinnati,Ohio,OH,,Buyer,,Wholesaler,0,0,76,B,Nationwide Lead Gen,NEW
SD-B-2305,Ashley,Gomez,+16058737204,ashley.gomez@yahoo.com,Ashley Properties,,Aberdeen,South Dakota,SD,,Buyer,,Developer,0,0,76,B,Nationwide Lead Gen,NEW
TN-S-2318,Ryan,Peterson,+18654771446,ryan.peterson@hotmail.com,,9380 Madison Dr,Knoxville,Tennessee,TN,63955,Seller,Code Violation,Avoiding Foreclosure Auction,450819,234319,76,B,Nationwide Lead Gen,NEW
TN-S-2332,Elena,Howard,+18654745516,elena.howard@gmail.com,,1786 Maple Blvd,Knoxville,Tennessee,TN,11825,Seller,Eviction,Property in Probate - Estate Settlement,300650,352711,76,B,Nationwide Lead Gen,NEW
TN-S-2350,Kenneth,Anderson,+18653128762,kenneth.anderson@gmail.com,,7514 Pine Ave,Knoxville,Tennessee,TN,17789,Seller,Fire Damage,Avoiding Foreclosure Auction,127967,297584,76,B,Nationwide Lead Gen,NEW
TX-S-2431,John,Gutierrez,+12104535327,john.gutierrez@hotmail.com,,2108 Ridge Ln,San Antonio,Texas,TX,48418,Seller,Bankruptcy,Distressed Property - Code Violations,165222,191010,76,B,Nationwide Lead Gen,NEW
TX-S-2434,Gloria,Castillo,+19159791199,gloria.castillo@aol.com,,240 Chestnut Rd,El Paso,Texas,TX,77014,Seller,Judgment,Divorce Settlement Required,450483,198378,76,B,Nationwide Lead Gen,NEW
UT-S-2487,Gary,Cox,+18016813688,gary.cox@aol.com,,9944 Washington Ct,Provo,Utah,UT,65079,Seller,Judgment,Property in Probate - Estate Settlement,882998,156806,76,B,Nationwide Lead Gen,NEW
UT-B-2516,Patricia,Parker,+18015304558,patricia.parker@outlook.com,Patricia Properties,,Salt Lake City,Utah,UT,,Buyer,,Wholesaler,0,0,76,B,Nationwide Lead Gen,NEW
UT-B-2520,Edward,Peterson,+18019902799,edward.peterson@yahoo.com,Edward Holdings,,Ogden,Utah,UT,,Buyer,,Cash Buyer,0,0,76,B,Nationwide Lead Gen,NEW
VA-B-2618,Ashley,Edwards,+17579147520,ashley.edwards@yahoo.com,,,Virginia Beach,Virginia,VA,,Buyer,,Investor,0,0,76,B,Nationwide Lead Gen,NEW
WA-S-2644,Brian,Stewart,+12532273212,brian.stewart@outlook.com,,3208 Main St,Seattle,Washington,WA,98137,Seller,High Equity,Vacant Property - High Equity,177244,192432,76,B,Nationwide Lead Gen,NEW
WA-S-2645,Zachary,Miller,+12537989441,zachary.miller@outlook.com,,2357 Peak St,Tacoma,Washington,WA,33070,Seller,Tax Delinquent,Job Relocation - Must Sell Fast,246640,90953,76,B,Nationwide Lead Gen,NEW
WA-B-2700,Debra,Hall,+14255413424,debra.hall@yahoo.com,,,Bellevue,Washington,WA,,Buyer,,Fix & Flip,0,0,76,B,Nationwide Lead Gen,NEW
WV-S-2724,Carmen,Bennett,+13042497515,carmen.bennett@yahoo.com,,6307 Adams Ct,Charleston,West Virginia,WV,25357,Seller,Fire Damage,Distressed Property - Code Violations,512061,369543,76,B,Nationwide Lead Gen,NEW
WV-S-2727,Anthony,Jones,+13046058419,anthony.jones@outlook.com,,8928 Enterprise Pl,Charleston,West Virginia,WV,25381,Seller,Bankruptcy,Financial Hardship - Needs Cash,926697,393850,76,B,Nationwide Lead Gen,NEW
WV-S-2734,Jeffrey,Davis,+13044993547,jeffrey.davis@hotmail.com,,9670 Meadow Ct,Huntington,West Virginia,WV,14786,Seller,High Equity,Tax Lien & Pre-Foreclosure Opportunity,378855,176193,76,B,Nationwide Lead Gen,NEW
WI-S-2785,Gloria,Mendoza,+16085268799,gloria.mendoza@outlook.com,,1384 Elm Dr,Madison,Wisconsin,WI,14228,Seller,Judgment,Behind on Mortgage Payments,922498,199330,76,B,Nationwide Lead Gen,NEW
WI-B-2803,Charles,Hernandez,+19203264534,charles.hernandez@yahoo.com,Charles Holdings,,Green Bay,Wisconsin,WI,,Buyer,,Developer,0,0,76,B,Nationwide Lead Gen,NEW
WI-B-2815,Ronald,Lopez,+14147836272,ronald.lopez@gmail.com,Ronald Properties,,Milwaukee,Wisconsin,WI,,Buyer,,Investor,0,0,76,B,Nationwide Lead Gen,NEW
WI-B-2819,Karen,Morales,+12622829652,karen.morales@gmail.com,,,Kenosha,Wisconsin,WI,,Buyer,,REIT,0,0,76,B,Nationwide Lead Gen,NEW
WY-S-2839,Pamela,Taylor,+13077023746,pamela.taylor@yahoo.com,,105 Forest Blvd,Cheyenne,Wyoming,WY,82096,Seller,Lien,Avoiding Foreclosure Auction,742968,156704,76,B,Nationwide Lead Gen,NEW
AL-B-0070,Alexander,Price,+13345252719,alexander.price@outlook.com,Alexander Home Buyers,,Montgomery,Alabama,AL,,Buyer,,Developer,0,0,75,B,Nationwide Lead Gen,NEW
AK-B-0105,Betty,Jones,+19077314594,betty.jones@gmail.com,,,Fairbanks,Alaska,AK,,Buyer,,Property Manager,0,0,75,B,Nationwide Lead Gen,NEW
AZ-S-0142,Brenda,Baker,+16234918727,brenda.baker@aol.com,,738 Elm Dr,Phoenix,Arizona,AZ,85015,Seller,Eviction,Avoiding Foreclosure Auction,387860,292405,75,B,Nationwide Lead Gen,NEW
AZ-B-0161,Kathleen,Robinson,+14807263930,kathleen.robinson@outlook.com,Kathleen Holdings,,Chandler,Arizona,AZ,,Buyer,,Wholesaler,0,0,75,B,Nationwide Lead Gen,NEW
AR-B-0207,George,Watson,+18702649777,george.watson@yahoo.com,,,Jonesboro,Arkansas,AR,,Buyer,,Cash Buyer,0,0,75,B,Nationwide Lead Gen,NEW
CA-B-0285,Jeffrey,Chavez,+18584002973,jeffrey.chavez@yahoo.com,,,San Diego,California,CA,,Buyer,,Investor,0,0,75,B,Nationwide Lead Gen,NEW
CT-S-0373,George,Richardson,+19599028736,george.richardson@outlook.com,,6835 Garden Blvd,Hartford,Connecticut,CT,6149,Seller,Utility Shutoff,Financial Hardship - Needs Cash,523617,264305,75,B,Nationwide Lead Gen,NEW
CT-S-0378,Christopher,Moore,+12032171546,christopher.moore@outlook.com,,1128 River Ln,Bridgeport,Connecticut,CT,20440,Seller,Eviction,Out-of-State Absentee Landlord,341521,146478,75,B,Nationwide Lead Gen,NEW
CT-B-0415,Kathleen,Martin,+12035116379,kathleen.martin@yahoo.com,Kathleen Investments,,Stamford,Connecticut,CT,,Buyer,,Fix & Flip,0,0,75,B,Nationwide Lead Gen,NEW
CT-B-0425,Cynthia,Wood,+12038199645,cynthia.wood@outlook.com,,,Bridgeport,Connecticut,CT,,Buyer,,Buy and Hold,0,0,75,B,Nationwide Lead Gen,NEW
FL-S-0497,Mary,Ramirez,+17864111446,mary.ramirez@hotmail.com,,9717 Jefferson Dr,Miami,Florida,FL,33115,Seller,Utility Shutoff,Job Relocation - Must Sell Fast,804315,364394,75,B,Nationwide Lead Gen,NEW
FL-B-0523,Peter,Lewis,+19045514900,peter.lewis@gmail.com,,,Jacksonville,Florida,FL,,Buyer,,Buy and Hold,0,0,75,B,Nationwide Lead Gen,NEW
GA-S-0552,Amy,King,+17068001827,amy.king@outlook.com,,552 Hill St,Columbus,Georgia,GA,12370,Seller,Absentee Owner,Financial Hardship - Needs Cash,847322,115278,75,B,Nationwide Lead Gen,NEW
GA-S-0565,Edward,Rogers,+17065469564,edward.rogers@aol.com,,2287 Monroe St,Columbus,Georgia,GA,77736,Seller,Utility Shutoff,Inherited Property - Not Interested,585264,331675,75,B,Nationwide Lead Gen,NEW
GA-S-0567,Yolanda,Diaz,+19124305363,yolanda.diaz@outlook.com,,5994 Business Ct,Savannah,Georgia,GA,16160,Seller,Tax Delinquent,Financial Hardship - Needs Cash,533869,230093,75,B,Nationwide Lead Gen,NEW
HI-S-0617,Lisa,Martinez,+18083414715,lisa.martinez@hotmail.com,,4004 Vista Ave,Kailua,Hawaii,HI,88940,Seller,Lien,Out-of-State Absentee Landlord,366156,350049,75,B,Nationwide Lead Gen,NEW
ID-B-0674,Sandra,Brown,+12085238860,sandra.brown@gmail.com,Sandra Solutions,,Meridian,Idaho,ID,,Buyer,,Property Manager,0,0,75,B,Nationwide Lead Gen,NEW
IL-S-0685,Dorothy,Johnson,+17738039133,dorothy.johnson@yahoo.com,,1320 Vista Ln,Chicago,Illinois,IL,60617,Seller,Utility Shutoff,Divorce Settlement Required,346150,307408,75,B,Nationwide Lead Gen,NEW
IL-S-0722,Christine,Long,+16309782316,christine.long@outlook.com,,4435 Garden Dr,Aurora,Illinois,IL,63536,Seller,Utility Shutoff,Divorce Settlement Required,140981,217937,75,B,Nationwide Lead Gen,NEW
IN-S-0787,Peter,Myers,+13179794628,peter.myers@aol.com,,8383 Commerce Ct,Indianapolis,Indiana,IN,46233,Seller,Lien,Financial Hardship - Needs Cash,719910,66835,75,B,Nationwide Lead Gen,NEW
IN-S-0796,Richard,Gutierrez,+12602584272,richard.gutierrez@outlook.com,,3678 Adams Way,Fort Wayne,Indiana,IN,24568,Seller,Tax Delinquent,Out-of-State Absentee Landlord,146215,392532,75,B,Nationwide Lead Gen,NEW
IN-B-0802,Sharon,Gonzalez,+12609323592,sharon.gonzalez@gmail.com,,,Fort Wayne,Indiana,IN,,Buyer,,Developer,0,0,75,B,Nationwide Lead Gen,NEW
IA-S-0830,Timothy,Kim,+15636205949,timothy.kim@yahoo.com,,4733 Jefferson Dr,Davenport,Iowa,IA,17468,Seller,Vacant Property,Behind on Mortgage Payments,304781,252086,75,B,Nationwide Lead Gen,NEW
KS-S-0870,Helen,Murphy,+13168681282,helen.murphy@hotmail.com,,5232 Lincoln Ln,Wichita,Kansas,KS,67282,Seller,Lien,Tax Lien & Pre-Foreclosure Opportunity,466227,341281,75,B,Nationwide Lead Gen,NEW
KY-S-0909,Ryan,Davis,+18594061378,ryan.davis@aol.com,,8804 Enterprise St,Covington,Kentucky,KY,77083,Seller,Tax Delinquent,Distressed Property - Code Violations,475809,55979,75,B,Nationwide Lead Gen,NEW
KY-B-0949,Eric,Murphy,+18597781580,eric.murphy@outlook.com,Eric Solutions,,Lexington,Kentucky,KY,,Buyer,,Property Manager,0,0,75,B,Nationwide Lead Gen,NEW
LA-S-0993,Joseph,Perez,+15045949795,joseph.perez@gmail.com,,5285 Cedar Pkwy,New Orleans,Louisiana,LA,70153,Seller,Pre-Foreclosure,Behind on Mortgage Payments,260253,368419,75,B,Nationwide Lead Gen,NEW
LA-S-1009,Sylvia,Chavez,+13184474659,sylvia.chavez@outlook.com,,1130 Walnut Blvd,Shreveport,Louisiana,LA,22705,Seller,Judgment,Property in Probate - Estate Settlement,523917,391021,75,B,Nationwide Lead Gen,NEW
MD-S-1070,Jonathan,Jackson,+12405075237,jonathan.jackson@yahoo.com,,8281 Cedar St,Rockville,Maryland,MD,78895,Seller,Bankruptcy,Vacant Property - High Equity,277619,297257,75,B,Nationwide Lead Gen,NEW
MD-S-1079,Sarah,Moore,+12409148656,sarah.moore@hotmail.com,,8032 Cedar Pl,Frederick,Maryland,MD,76901,Seller,Fire Damage,Divorce Settlement Required,827202,110767,75,B,Nationwide Lead Gen,NEW
MD-S-1084,Sharon,Morgan,+14436639638,sharon.morgan@gmail.com,,1815 Jefferson Rd,Baltimore,Maryland,MD,21275,Seller,Condemned,Vacant Property - High Equity,413127,285425,75,B,Nationwide Lead Gen,NEW
MD-S-1096,Frank,Green,+13018156892,frank.green@yahoo.com,,5303 Main Dr,Frederick,Maryland,MD,44359,Seller,Condemned,Out-of-State Absentee Landlord,222825,98091,75,B,Nationwide Lead Gen,NEW
MD-B-1119,Ryan,Wright,+13012117046,ryan.wright@gmail.com,Ryan Home Buyers,,Gaithersburg,Maryland,MD,,Buyer,,Fix & Flip,0,0,75,B,Nationwide Lead Gen,NEW
MD-B-1125,Jason,Williams,+12404082973,jason.williams@outlook.com,Jason Capital,,Frederick,Maryland,MD,,Buyer,,Wholesaler,0,0,75,B,Nationwide Lead Gen,NEW
MA-B-1206,Judy,Diaz,+18578772572,judy.diaz@gmail.com,Judy Properties,,Boston,Massachusetts,MA,,Buyer,,Investor,0,0,75,B,Nationwide Lead Gen,NEW
MI-S-1251,Ronald,Torres,+13134344902,ronald.torres@yahoo.com,,1933 Meadow St,Detroit,Michigan,MI,48203,Seller,Lien,Property Needs Major Repairs,336416,124493,75,B,Nationwide Lead Gen,NEW
MI-S-1255,Mary,Brown,+16165489118,mary.brown@aol.com,,2420 Lake Blvd,Grand Rapids,Michigan,MI,90878,Seller,Utility Shutoff,Out-of-State Absentee Landlord,222434,392158,75,B,Nationwide Lead Gen,NEW
MI-S-1264,Laura,Brown,+15174853824,laura.brown@yahoo.com,,6553 Monroe Dr,Lansing,Michigan,MI,98016,Seller,Tax Delinquent,Divorce Settlement Required,617964,111572,75,B,Nationwide Lead Gen,NEW
MI-B-1284,Patrick,Gonzalez,+17343128870,patrick.gonzalez@outlook.com,Patrick Realty,,Ann Arbor,Michigan,MI,,Buyer,,Fix & Flip,0,0,75,B,Nationwide Lead Gen,NEW
MN-B-1347,Margaret,Walker,+16518352939,margaret.walker@yahoo.com,,,St. Paul,Minnesota,MN,,Buyer,,Property Manager,0,0,75,B,Nationwide Lead Gen,NEW
MN-B-1360,Jessica,Nelson,+12182302862,jessica.nelson@outlook.com,,,Duluth,Minnesota,MN,,Buyer,,Property Manager,0,0,75,B,Nationwide Lead Gen,NEW
MO-S-1435,Elena,Hall,+14173035686,elena.hall@outlook.com,,863 Garden Dr,Springfield,Missouri,MO,70522,Seller,Vacant Property,Absentee Owner - Lives Out of State,671351,339224,75,B,Nationwide Lead Gen,NEW
MO-S-1443,Aaron,Torres,+18166971941,aaron.torres@yahoo.com,,3916 Washington Pl,Kansas City,Missouri,MO,64104,Seller,High Equity,Behind on Mortgage Payments,334315,167611,75,B,Nationwide Lead Gen,NEW
MO-B-1454,Brenda,Nelson,+18164142073,brenda.nelson@yahoo.com,Brenda Solutions,,Kansas City,Missouri,MO,,Buyer,,Developer,0,0,75,B,Nationwide Lead Gen,NEW
MT-S-1485,Helen,Jimenez,+14062407002,helen.jimenez@hotmail.com,,5638 Sunrise Blvd,Missoula,Montana,MT,47735,Seller,Bankruptcy,Inherited Family Estate (Probate),132047,306814,75,B,Nationwide Lead Gen,NEW
MT-B-1493,Margaret,Smith,+14067582242,margaret.smith@outlook.com,Margaret Acquisitions,,Billings,Montana,MT,,Buyer,,Cash Buyer,0,0,75,B,Nationwide Lead Gen,NEW
NE-B-1527,Kevin,Scott,+14028392907,kevin.scott@gmail.com,Kevin Investments,,Bellevue,Nebraska,NE,,Buyer,,Fix & Flip,0,0,75,B,Nationwide Lead Gen,NEW
NV-S-1549,Robert,Cooper,+17759379256,robert.cooper@aol.com,,9063 Technology Pl,Sparks,Nevada,NV,14527,Seller,Absentee Owner,Inherited Property - Not Interested,167198,295026,75,B,Nationwide Lead Gen,NEW
NH-B-1589,Zachary,Jackson,+16037214651,zachary.jackson@outlook.com,Zachary Capital,,Nashua,New Hampshire,NH,,Buyer,,Cash Buyer,0,0,75,B,Nationwide Lead Gen,NEW
NJ-S-1599,Samuel,Ortiz,+19087448524,samuel.ortiz@aol.com,,6865 Chestnut Pkwy,Elizabeth,New Jersey,NJ,71193,Seller,Utility Shutoff,Tired Landlord - Ready to Exit,595925,326339,75,B,Nationwide Lead Gen,NEW
NJ-B-1659,Joseph,Chavez,+19084113092,joseph.chavez@outlook.com,Joseph Holdings,,Elizabeth,New Jersey,NJ,,Buyer,,Property Manager,0,0,75,B,Nationwide Lead Gen,NEW
NJ-B-1665,Irene,Collins,+19738757380,irene.collins@outlook.com,,,Newark,New Jersey,NJ,,Buyer,,Investor,0,0,75,B,Nationwide Lead Gen,NEW
NM-S-1676,Dennis,Hughes,+15057677043,dennis.hughes@gmail.com,,488 Meadow Way,Albuquerque,New Mexico,NM,87106,Seller,Pre-Foreclosure,Job Relocation - Must Sell Fast,256347,279950,75,B,Nationwide Lead Gen,NEW
NY-S-1706,Catherine,Nguyen,+16468926869,catherine.nguyen@aol.com,,1467 Walnut Blvd,New York City,New York,NY,10049,Seller,Absentee Owner,Distressed Property - Code Violations,914685,81627,75,B,Nationwide Lead Gen,NEW
NC-S-1792,Joshua,Scott,+19196325931,joshua.scott@hotmail.com,,2377 Ridge Way,Raleigh,North Carolina,NC,93728,Seller,Judgment,Tired Landlord - Ready to Exit,896815,191277,75,B,Nationwide Lead Gen,NEW
NC-S-1797,Ronald,Gutierrez,+19192746888,ronald.gutierrez@yahoo.com,,2984 River Rd,Durham,North Carolina,NC,92071,Seller,Absentee Owner,Tired Landlord - Ready to Exit,318657,64933,75,B,Nationwide Lead Gen,NEW
OH-S-1898,Gregory,Chavez,+13808762193,gregory.chavez@gmail.com,,2937 Birch Blvd,Columbus,Ohio,OH,43270,Seller,Pre-Foreclosure,Distressed Property - Code Violations,555117,275834,75,B,Nationwide Lead Gen,NEW
OH-S-1909,Emily,Brown,+15136049537,emily.brown@gmail.com,,1085 Ridge Ln,Cincinnati,Ohio,OH,17592,Seller,Judgment,Financial Hardship - Needs Cash,217716,90575,75,B,Nationwide Lead Gen,NEW
OK-B-2023,Susan,Howard,+19184086757,susan.howard@yahoo.com,Susan Acquisitions,,Broken Arrow,Oklahoma,OK,,Buyer,,Property Manager,0,0,75,B,Nationwide Lead Gen,NEW
RI-S-2177,Carlos,Cruz,+14015792384,carlos.cruz@hotmail.com,,6427 Oak Pkwy,Warwick,Rhode Island,RI,71840,Seller,Vacant Property,Inherited Family Estate (Probate),622469,170364,75,B,Nationwide Lead Gen,NEW
RI-S-2193,Edward,Robinson,+14019487381,edward.robinson@outlook.com,,3587 Valley Ln,Providence,Rhode Island,RI,2901,Seller,Vacant Property,Behind on Mortgage Payments,796346,198890,75,B,Nationwide Lead Gen,NEW
RI-B-2200,Michelle,Miller,+14013148922,michelle.miller@yahoo.com,Michelle Properties,,Providence,Rhode Island,RI,,Buyer,,Investor,0,0,75,B,Nationwide Lead Gen,NEW
SC-S-2236,Judy,Cook,+18646152272,judy.cook@gmail.com,,744 Pine St,Greenville,South Carolina,SC,66035,Seller,Absentee Owner,Absentee Owner - Lives Out of State,297784,238968,75,B,Nationwide Lead Gen,NEW
SD-B-2306,Kathleen,Ramos,+16056167699,kathleen.ramos@yahoo.com,Kathleen Realty,,Rapid City,South Dakota,SD,,Buyer,,Fix & Flip,0,0,75,B,Nationwide Lead Gen,NEW
TX-S-2393,Carmen,Collins,+19153268762,carmen.collins@yahoo.com,,9468 Cedar Ln,El Paso,Texas,TX,58105,Seller,Probate,Distressed Property - Code Violations,239221,83429,75,B,Nationwide Lead Gen,NEW
TX-S-2420,Kathleen,Miller,+19727815701,kathleen.miller@yahoo.com,,8157 Sunrise Ct,Dallas,Texas,TX,75257,Seller,Pre-Foreclosure,Financial Hardship - Needs Cash,798224,383592,75,B,Nationwide Lead Gen,NEW
UT-B-2535,Steven,Ramirez,+18019654682,steven.ramirez@outlook.com,Steven Home Buyers,,Ogden,Utah,UT,,Buyer,,Fix & Flip,0,0,75,B,Nationwide Lead Gen,NEW
VT-S-2543,Ruth,Walker,+18029961913,ruth.walker@aol.com,,7535 Chestnut Way,Burlington,Vermont,VT,5419,Seller,Eviction,Property Needs Major Repairs,768593,58289,75,B,Nationwide Lead Gen,NEW
VT-S-2549,Emily,Thomas,+18029133327,emily.thomas@yahoo.com,,897 Creek Ave,Burlington,Vermont,VT,5482,Seller,Code Violation,Out-of-State Absentee Landlord,350423,228820,75,B,Nationwide Lead Gen,NEW
VT-B-2557,Steven,Adams,+18022331438,steven.adams@outlook.com,,,Burlington,Vermont,VT,,Buyer,,Wholesaler,0,0,75,B,Nationwide Lead Gen,NEW
VT-B-2562,Mary,Ortiz,+18027828774,mary.ortiz@outlook.com,Mary Capital,,Montpelier,Vermont,VT,,Buyer,,Cash Buyer,0,0,75,B,Nationwide Lead Gen,NEW
VA-S-2612,Justin,Baker,+17034977263,justin.baker@yahoo.com,,7957 Harrison Ave,Arlington,Virginia,VA,69250,Seller,Probate,Avoiding Foreclosure Auction,564484,165760,75,B,Nationwide Lead Gen,NEW
VA-B-2619,Rosa,Lopez,+18045587572,rosa.lopez@outlook.com,Rosa Properties,,Richmond,Virginia,VA,,Buyer,,Wholesaler,0,0,75,B,Nationwide Lead Gen,NEW
VA-B-2628,Anthony,Reyes,+17577767256,anthony.reyes@yahoo.com,Anthony Investments,,Norfolk,Virginia,VA,,Buyer,,Cash Buyer,0,0,75,B,Nationwide Lead Gen,NEW
WA-S-2643,Patrick,Allen,+12067171895,patrick.allen@aol.com,,9657 Monroe Pkwy,Seattle,Washington,WA,98118,Seller,Absentee Owner,Divorce Settlement Required,413861,96034,75,B,Nationwide Lead Gen,NEW
WA-S-2677,Karen,Jones,+15094938014,karen.jones@hotmail.com,,8278 Elm Pl,Spokane,Washington,WA,62343,Seller,Probate,Out-of-State Absentee Landlord,475096,385092,75,B,Nationwide Lead Gen,NEW
WA-B-2708,Dennis,Robinson,+12536763430,dennis.robinson@outlook.com,Dennis Solutions,,Seattle,Washington,WA,,Buyer,,Property Manager,0,0,75,B,Nationwide Lead Gen,NEW
WI-S-2758,Paul,Taylor,+16085681568,paul.taylor@outlook.com,,7880 Sunrise Dr,Madison,Wisconsin,WI,87591,Seller,Tax Delinquent,Inherited Property - Not Interested,161531,377810,75,B,Nationwide Lead Gen,NEW
WI-B-2802,Nathan,Roberts,+14144138777,nathan.roberts@gmail.com,Nathan Realty,,Milwaukee,Wisconsin,WI,,Buyer,,Wholesaler,0,0,75,B,Nationwide Lead Gen,NEW
WI-B-2804,Adam,Young,+16083285492,adam.young@yahoo.com,,,Madison,Wisconsin,WI,,Buyer,,Cash Buyer,0,0,75,B,Nationwide Lead Gen,NEW
WY-S-2821,Patrick,Alvarez,+13078108421,patrick.alvarez@outlook.com,,4931 Birch Ln,Cheyenne,Wyoming,WY,82072,Seller,Judgment,Property Needs Major Repairs,358855,253167,75,B,Nationwide Lead Gen,NEW
WY-B-2843,Jacob,Nguyen,+13072521828,jacob.nguyen@outlook.com,Jacob Acquisitions,,Casper,Wyoming,WY,,Buyer,,Fix & Flip,0,0,75,B,Nationwide Lead Gen,NEW
AL-S-0012,Nicole,Cooper,+16598329426,nicole.cooper@outlook.com,,6656 Pine St,Birmingham,Alabama,AL,35292,Seller,Judgment,Divorce Settlement Required,781707,359081,74,B,Nationwide Lead Gen,NEW
AL-S-0047,Sharon,Lewis,+12517844238,sharon.lewis@outlook.com,,3270 Garden Dr,Mobile,Alabama,AL,26276,Seller,Vacant Property,Out-of-State Absentee Landlord,136978,364470,74,B,Nationwide Lead Gen,NEW
CA-S-0224,Ashley,Cook,+16696969985,ashley.cook@yahoo.com,,3454 Canyon Ct,San Jose,California,CA,73326,Seller,Absentee Owner,Divorce Settlement Required,488505,331903,74,B,Nationwide Lead Gen,NEW
CA-S-0233,Amy,Lewis,+14157273303,amy.lewis@yahoo.com,,9121 Hill Pkwy,San Francisco,California,CA,35527,Seller,Probate,Tired Landlord - Ready to Exit,513339,195240,74,B,Nationwide Lead Gen,NEW
CA-B-0270,David,Campbell,+19168133102,david.campbell@gmail.com,,,Sacramento,California,CA,,Buyer,,Property Manager,0,0,74,B,Nationwide Lead Gen,NEW
CA-B-0276,Brian,Ramirez,+15107852343,brian.ramirez@outlook.com,,,Oakland,California,CA,,Buyer,,REIT,0,0,74,B,Nationwide Lead Gen,NEW
CA-B-0284,Carmen,Gonzalez,+18187917869,carmen.gonzalez@yahoo.com,,,Los Angeles,California,CA,,Buyer,,Developer,0,0,74,B,Nationwide Lead Gen,NEW
CO-S-0291,Amy,Perez,+17199821527,amy.perez@hotmail.com,,6793 Main Ln,Colorado Springs,Colorado,CO,54320,Seller,Fire Damage,Property Needs Major Repairs,627381,312499,74,B,Nationwide Lead Gen,NEW
CO-S-0305,Nicole,Carter,+17194643466,nicole.carter@hotmail.com,,4108 Canyon St,Colorado Springs,Colorado,CO,16277,Seller,Condemned,Tax Lien & Pre-Foreclosure Opportunity,903928,117931,74,B,Nationwide Lead Gen,NEW
CO-S-0320,Kathleen,Baker,+17195231542,kathleen.baker@yahoo.com,,5958 Washington Ln,Colorado Springs,Colorado,CO,24830,Seller,High Equity,Property Needs Major Repairs,619526,279186,74,B,Nationwide Lead Gen,NEW
CO-B-0357,John,Lewis,+17202956697,john.lewis@yahoo.com,,,Denver,Colorado,CO,,Buyer,,REIT,0,0,74,B,Nationwide Lead Gen,NEW
CT-B-0427,Benjamin,Bailey,+12036307044,benjamin.bailey@outlook.com,,,Stamford,Connecticut,CT,,Buyer,,Investor,0,0,74,B,Nationwide Lead Gen,NEW
FL-B-0536,Michael,King,+17863199952,michael.king@yahoo.com,Michael Home Buyers,,Miami,Florida,FL,,Buyer,,Cash Buyer,0,0,74,B,Nationwide Lead Gen,NEW
GA-S-0566,Alexander,Murphy,+17063069846,alexander.murphy@aol.com,,5027 Hill Blvd,Columbus,Georgia,GA,60351,Seller,Vacant Property,Divorce Settlement Required,513210,110784,74,B,Nationwide Lead Gen,NEW
HI-S-0633,Nicole,Edwards,+18088112866,nicole.edwards@outlook.com,,5386 Adams Blvd,Honolulu,Hawaii,HI,96892,Seller,Utility Shutoff,Distressed Property - Code Violations,311768,173751,74,B,Nationwide Lead Gen,NEW
IL-S-0713,Gary,Martin,+16309017654,gary.martin@aol.com,,8247 Vista Blvd,Aurora,Illinois,IL,25640,Seller,Pre-Foreclosure,Job Relocation - Must Sell Fast,833503,180095,74,B,Nationwide Lead Gen,NEW
IL-S-0720,Sarah,Gutierrez,+13128644313,sarah.gutierrez@gmail.com,,7134 Vista Ct,Chicago,Illinois,IL,60631,Seller,Vacant Property,Vacant Property - High Equity,828188,391880,74,B,Nationwide Lead Gen,NEW
IN-B-0812,James,Perez,+12607964097,james.perez@yahoo.com,,,Fort Wayne,Indiana,IN,,Buyer,,Fix & Flip,0,0,74,B,Nationwide Lead Gen,NEW
KY-S-0905,Benjamin,Price,+18596865025,benjamin.price@hotmail.com,,7345 Innovation Dr,Lexington,Kentucky,KY,60114,Seller,Pre-Foreclosure,Inherited Property - Not Interested,332028,186961,74,B,Nationwide Lead Gen,NEW
KY-S-0914,Edward,Torres,+12706707199,edward.torres@yahoo.com,,8873 Lincoln St,Bowling Green,Kentucky,KY,55069,Seller,Condemned,Out-of-State Absentee Landlord,552434,238039,74,B,Nationwide Lead Gen,NEW
KY-S-0929,Jonathan,Baker,+12702671513,jonathan.baker@outlook.com,,6439 Canyon Rd,Bowling Green,Kentucky,KY,44443,Seller,Eviction,Out-of-State Absentee Landlord,819538,180818,74,B,Nationwide Lead Gen,NEW
KY-B-0941,Linda,Jackson,+18599355355,linda.jackson@gmail.com,,,Covington,Kentucky,KY,,Buyer,,Buy and Hold,0,0,74,B,Nationwide Lead Gen,NEW
LA-B-1016,Christine,Sanders,+13184795538,christine.sanders@gmail.com,,,Shreveport,Louisiana,LA,,Buyer,,Property Manager,0,0,74,B,Nationwide Lead Gen,NEW
MD-B-1124,Michelle,Wood,+14106289874,michelle.wood@outlook.com,Michelle Home Buyers,,Baltimore,Maryland,MD,,Buyer,,Cash Buyer,0,0,74,B,Nationwide Lead Gen,NEW
MA-B-1201,Irene,Morgan,+14139217748,irene.morgan@gmail.com,Irene Holdings,,Springfield,Massachusetts,MA,,Buyer,,Fix & Flip,0,0,74,B,Nationwide Lead Gen,NEW
MI-S-1216,Ronald,Bennett,+15178097057,ronald.bennett@yahoo.com,,9122 Business Pl,Lansing,Michigan,MI,48009,Seller,Eviction,Avoiding Foreclosure Auction,287778,284657,74,B,Nationwide Lead Gen,NEW
MI-B-1283,Linda,Hughes,+13132019646,linda.hughes@outlook.com,Linda Capital,,Detroit,Michigan,MI,,Buyer,,Developer,0,0,74,B,Nationwide Lead Gen,NEW
MI-B-1290,Christine,Brooks,+17345949983,christine.brooks@outlook.com,Christine Realty,,Ann Arbor,Michigan,MI,,Buyer,,Property Manager,0,0,74,B,Nationwide Lead Gen,NEW
MN-B-1359,Anna,Young,+16519749540,anna.young@gmail.com,Anna Investments,,St. Paul,Minnesota,MN,,Buyer,,Investor,0,0,74,B,Nationwide Lead Gen,NEW
MN-B-1364,Emma,Ross,+15077751798,emma.ross@gmail.com,,,Rochester,Minnesota,MN,,Buyer,,Fix & Flip,0,0,74,B,Nationwide Lead Gen,NEW
MO-S-1431,Carol,Scott,+14177053981,carol.scott@gmail.com,,6064 Valley Dr,Springfield,Missouri,MO,32606,Seller,Code Violation,Job Relocation - Must Sell Fast,223037,384611,74,B,Nationwide Lead Gen,NEW
MT-B-1497,Sharon,Stewart,+14068072423,sharon.stewart@gmail.com,Sharon Properties,,Great Falls,Montana,MT,,Buyer,,Buy and Hold,0,0,74,B,Nationwide Lead Gen,NEW
NE-S-1503,Gloria,Jimenez,+14027341854,gloria.jimenez@gmail.com,,9964 Jackson St,Lincoln,Nebraska,NE,77076,Seller,Fire Damage,Inherited Family Estate (Probate),256792,126481,74,B,Nationwide Lead Gen,NEW
NH-S-1570,Michelle,Gutierrez,+16037961279,michelle.gutierrez@gmail.com,,6691 Vista Pkwy,Manchester,New Hampshire,NH,3165,Seller,High Equity,Out-of-State Absentee Landlord,784851,303991,74,B,Nationwide Lead Gen,NEW
NJ-S-1598,Janet,Bailey,+19089378611,janet.bailey@gmail.com,,1522 Sunrise Pl,Elizabeth,New Jersey,NJ,83572,Seller,Tax Delinquent,Distressed Property - Code Violations,701069,45991,74,B,Nationwide Lead Gen,NEW
NJ-S-1616,Ruth,Morris,+19735394220,ruth.morris@aol.com,,3379 Chestnut Rd,Newark,New Jersey,NJ,7111,Seller,Pre-Foreclosure,Out-of-State Absentee Landlord,623431,399415,74,B,Nationwide Lead Gen,NEW
NJ-S-1629,Amy,Price,+12013967182,amy.price@yahoo.com,,3351 Elm Ln,Jersey City,New Jersey,NJ,14348,Seller,Bankruptcy,Vacant Property - High Equity,369481,274456,74,B,Nationwide Lead Gen,NEW
NY-B-1760,Ruth,Rivera,+17185232531,ruth.rivera@outlook.com,Ruth Home Buyers,,New York City,New York,NY,,Buyer,,Fix & Flip,0,0,74,B,Nationwide Lead Gen,NEW
NC-S-1772,Susan,Cooper,+13369112714,susan.cooper@hotmail.com,,6109 Maple Ct,Greensboro,North Carolina,NC,16434,Seller,Condemned,Financial Hardship - Needs Cash,219874,279420,74,B,Nationwide Lead Gen,NEW
NC-S-1784,Debra,Green,+19194886154,debra.green@aol.com,,2631 Industrial Blvd,Raleigh,North Carolina,NC,57192,Seller,Bankruptcy,Inherited Family Estate (Probate),790749,69867,74,B,Nationwide Lead Gen,NEW
ND-B-1869,Yolanda,Turner,+17014911664,yolanda.turner@gmail.com,,,Bismarck,North Dakota,ND,,Buyer,,Fix & Flip,0,0,74,B,Nationwide Lead Gen,NEW
OH-S-1884,Cynthia,Ward,+14198279404,cynthia.ward@aol.com,,2705 Enterprise St,Toledo,Ohio,OH,48618,Seller,Probate,Distressed Property - Code Violations,372057,123921,74,B,Nationwide Lead Gen,NEW
OH-B-1945,Kathleen,Jackson,+15134081693,kathleen.jackson@yahoo.com,,,Cincinnati,Ohio,OH,,Buyer,,Buy and Hold,0,0,74,B,Nationwide Lead Gen,NEW
OK-S-1958,Larry,Murphy,+19185406986,larry.murphy@hotmail.com,,2424 Highland Ave,Tulsa,Oklahoma,OK,39299,Seller,Vacant Property,Tax Lien & Pre-Foreclosure Opportunity,884215,367464,74,B,Nationwide Lead Gen,NEW
OK-S-1959,Frank,Jones,+14054696568,frank.jones@gmail.com,,8911 Hill Ct,Norman,Oklahoma,OK,12412,Seller,Vacant Property,Distressed Property - Code Violations,287158,161058,74,B,Nationwide Lead Gen,NEW
OK-S-1998,Melissa,Gutierrez,+14056038510,melissa.gutierrez@gmail.com,,7323 Maple Pl,Oklahoma City,Oklahoma,OK,73127,Seller,Eviction,Behind on Mortgage Payments,690843,212594,74,B,Nationwide Lead Gen,NEW
OK-B-2002,Steven,Campbell,+19185253566,steven.campbell@yahoo.com,Steven Capital,,Broken Arrow,Oklahoma,OK,,Buyer,,REIT,0,0,74,B,Nationwide Lead Gen,NEW
OK-B-2006,Katherine,Sanchez,+19182525831,katherine.sanchez@gmail.com,Katherine Holdings,,Broken Arrow,Oklahoma,OK,,Buyer,,Wholesaler,0,0,74,B,Nationwide Lead Gen,NEW
OR-S-2049,Jonathan,Watson,+15413704873,jonathan.watson@outlook.com,,9358 Hill Rd,Eugene,Oregon,OR,90434,Seller,Code Violation,Property Needs Major Repairs,788375,340776,74,B,Nationwide Lead Gen,NEW
OR-B-2083,Michael,Thomas,+15417511926,michael.thomas@outlook.com,Michael Properties,,Bend,Oregon,OR,,Buyer,,Fix & Flip,0,0,74,B,Nationwide Lead Gen,NEW
PA-S-2104,Barbara,Alvarez,+12678925222,barbara.alvarez@gmail.com,,9636 Jackson Dr,Philadelphia,Pennsylvania,PA,19157,Seller,Probate,Absentee Owner - Lives Out of State,616631,182221,74,B,Nationwide Lead Gen,NEW
RI-B-2203,Henry,Stewart,+14018447133,henry.stewart@yahoo.com,,,Cranston,Rhode Island,RI,,Buyer,,Fix & Flip,0,0,74,B,Nationwide Lead Gen,NEW
SC-S-2229,Carol,Reed,+18644297915,carol.reed@outlook.com,,8161 Lincoln Pl,Greenville,South Carolina,SC,99234,Seller,Condemned,Divorce Settlement Required,392922,144122,74,B,Nationwide Lead Gen,NEW
SC-S-2242,George,Rogers,+18438068337,george.rogers@yahoo.com,,3116 Elm Pl,Myrtle Beach,South Carolina,SC,77030,Seller,Bankruptcy,Distressed Property - Code Violations,894497,85957,74,B,Nationwide Lead Gen,NEW
SC-B-2260,Timothy,Moore,+18438507610,timothy.moore@yahoo.com,Timothy Solutions,,Charleston,South Carolina,SC,,Buyer,,Fix & Flip,0,0,74,B,Nationwide Lead Gen,NEW
TX-S-2415,Steven,Ramos,+15123664413,steven.ramos@gmail.com,,7085 Industrial St,Austin,Texas,TX,14965,Seller,Judgment,Distressed Property - Code Violations,654054,199518,74,B,Nationwide Lead Gen,NEW
UT-S-2498,Yolanda,Rogers,+18013707654,yolanda.rogers@outlook.com,,9344 Sunset Ct,Provo,Utah,UT,49019,Seller,Fire Damage,Distressed Property - Code Violations,881162,301912,74,B,Nationwide Lead Gen,NEW
VT-S-2546,Debra,Kim,+18028639402,debra.kim@yahoo.com,,4778 Adams St,Rutland,Vermont,VT,44443,Seller,Bankruptcy,Out-of-State Absentee Landlord,173650,395092,74,B,Nationwide Lead Gen,NEW
WA-S-2669,Adam,Young,+12535102375,adam.young@hotmail.com,,2933 Pine Dr,Tacoma,Washington,WA,63667,Seller,Probate,Property Needs Major Repairs,457856,92131,74,B,Nationwide Lead Gen,NEW
WA-S-2680,Scott,Murphy,+12062476784,scott.murphy@aol.com,,375 Sunrise Ln,Seattle,Washington,WA,98198,Seller,Code Violation,Avoiding Foreclosure Auction,669457,328496,74,B,Nationwide Lead Gen,NEW
WA-B-2694,Pamela,Reed,+12534043951,pamela.reed@outlook.com,,,Tacoma,Washington,WA,,Buyer,,Property Manager,0,0,74,B,Nationwide Lead Gen,NEW
WA-B-2704,Maria,Brown,+12535696000,maria.brown@yahoo.com,Maria Investments,,Seattle,Washington,WA,,Buyer,,Developer,0,0,74,B,Nationwide Lead Gen,NEW
WV-S-2716,Kevin,Parker,+13047742952,kevin.parker@outlook.com,,7708 Summit Ln,Charleston,West Virginia,WV,25353,Seller,Eviction,Out-of-State Absentee Landlord,661290,43471,74,B,Nationwide Lead Gen,NEW
WV-S-2720,Stephanie,Sanchez,+13043569838,stephanie.sanchez@yahoo.com,,3503 Summit Pl,Parkersburg,West Virginia,WV,16632,Seller,Probate,Absentee Owner - Lives Out of State,611184,211308,74,B,Nationwide Lead Gen,NEW
WV-B-2738,Betty,Morales,+13047252165,betty.morales@yahoo.com,Betty Capital,,Charleston,West Virginia,WV,,Buyer,,Buy and Hold,0,0,74,B,Nationwide Lead Gen,NEW
WI-S-2754,Steven,White,+16085738459,steven.white@outlook.com,,1772 Madison Ave,Madison,Wisconsin,WI,73677,Seller,Lien,Property in Probate - Estate Settlement,712730,145764,74,B,Nationwide Lead Gen,NEW
WI-B-2809,Stephen,Myers,+19202385090,stephen.myers@yahoo.com,Stephen Capital,,Green Bay,Wisconsin,WI,,Buyer,,Buy and Hold,0,0,74,B,Nationwide Lead Gen,NEW
AL-S-0002,Sylvia,Collins,+16594636123,sylvia.collins@yahoo.com,,8336 Enterprise Way,Birmingham,Alabama,AL,35285,Seller,Lien,Inherited Family Estate (Probate),401614,190528,73,B,Nationwide Lead Gen,NEW
AL-B-0069,Tyler,Garcia,+12563828301,tyler.garcia@yahoo.com,Tyler Acquisitions,,Huntsville,Alabama,AL,,Buyer,,Developer,0,0,73,B,Nationwide Lead Gen,NEW
AK-S-0084,Daniel,Turner,+19073356352,daniel.turner@aol.com,,8136 Commerce Blvd,Fairbanks,Alaska,AK,66655,Seller,Absentee Owner,Out-of-State Absentee Landlord,800900,336692,73,B,Nationwide Lead Gen,NEW
AZ-S-0121,Margaret,Ruiz,+14806369785,margaret.ruiz@gmail.com,,3557 Sunrise Ln,Phoenix,Arizona,AZ,85034,Seller,Code Violation,Avoiding Foreclosure Auction,475442,152788,73,B,Nationwide Lead Gen,NEW
AR-S-0191,Frank,Rodriguez,+14794793717,frank.rodriguez@gmail.com,,7062 Cedar Way,Fayetteville,Arkansas,AR,84692,Seller,Bankruptcy,Property Needs Major Repairs,294841,236134,73,B,Nationwide Lead Gen,NEW
AR-B-0208,Judy,Baker,+15014355052,judy.baker@outlook.com,Judy Solutions,,Little Rock,Arkansas,AR,,Buyer,,Cash Buyer,0,0,73,B,Nationwide Lead Gen,NEW
CA-S-0223,Shirley,Reyes,+16193858834,shirley.reyes@yahoo.com,,1186 Summit Way,San Diego,California,CA,92120,Seller,Fire Damage,Property Needs Major Repairs,661336,347613,73,B,Nationwide Lead Gen,NEW
CA-S-0240,Frank,Taylor,+15109552767,frank.taylor@yahoo.com,,3999 Walnut Ave,Oakland,California,CA,57294,Seller,Probate,Tax Lien & Pre-Foreclosure Opportunity,789995,361124,73,B,Nationwide Lead Gen,NEW
CA-B-0273,Rebecca,Torres,+16196889504,rebecca.torres@yahoo.com,,,San Diego,California,CA,,Buyer,,Cash Buyer,0,0,73,B,Nationwide Lead Gen,NEW
CO-S-0294,Dennis,Kim,+13036436028,dennis.kim@hotmail.com,,1969 Jefferson Blvd,Denver,Colorado,CO,80275,Seller,Pre-Foreclosure,Inherited Property - Not Interested,849762,265274,73,B,Nationwide Lead Gen,NEW
CO-S-0310,Katherine,Alvarez,+19704872804,katherine.alvarez@gmail.com,,5572 Meadow Way,Fort Collins,Colorado,CO,25662,Seller,Eviction,Vacant Property - High Equity,341235,317176,73,B,Nationwide Lead Gen,NEW
CT-B-0421,Debra,Ramos,+12037071866,debra.ramos@yahoo.com,,,Stamford,Connecticut,CT,,Buyer,,Buy and Hold,0,0,73,B,Nationwide Lead Gen,NEW
FL-S-0479,Elena,Turner,+18503648829,elena.turner@outlook.com,,132 River Way,Tallahassee,Florida,FL,38717,Seller,Eviction,Avoiding Foreclosure Auction,617438,279332,73,B,Nationwide Lead Gen,NEW
GA-S-0547,Jeffrey,Richardson,+17064853331,jeffrey.richardson@outlook.com,,4733 Creek Ave,Columbus,Georgia,GA,88654,Seller,Bankruptcy,Financial Hardship - Needs Cash,127374,89415,73,B,Nationwide Lead Gen,NEW
GA-S-0564,Susan,Wright,+17703377411,susan.wright@gmail.com,,8449 Walnut St,Atlanta,Georgia,GA,30356,Seller,Code Violation,Job Relocation - Must Sell Fast,916571,235317,73,B,Nationwide Lead Gen,NEW
GA-S-0568,Margaret,Green,+17708222531,margaret.green@yahoo.com,,3174 Oak Ln,Atlanta,Georgia,GA,30336,Seller,Vacant Property,Financial Hardship - Needs Cash,448008,283847,73,B,Nationwide Lead Gen,NEW
GA-S-0585,Andrew,Ruiz,+14706261857,andrew.ruiz@hotmail.com,,9590 Jackson Way,Atlanta,Georgia,GA,30394,Seller,Pre-Foreclosure,Property in Probate - Estate Settlement,281051,310079,73,B,Nationwide Lead Gen,NEW
ID-S-0655,Barbara,Price,+12088602696,barbara.price@hotmail.com,,6547 Harrison Pl,Boise,Idaho,ID,83704,Seller,Judgment,Vacant Property - High Equity,877526,226474,73,B,Nationwide Lead Gen,NEW
IL-S-0690,Patrick,Williams,+13319135941,patrick.williams@yahoo.com,,2052 Valley Ln,Naperville,Illinois,IL,44750,Seller,Probate,Absentee Owner - Lives Out of State,275311,165367,73,B,Nationwide Lead Gen,NEW
IL-S-0704,Deborah,Flores,+13313084527,deborah.flores@outlook.com,,333 Creek Ct,Naperville,Illinois,IL,66290,Seller,Eviction,Tired Landlord - Ready to Exit,796589,256161,73,B,Nationwide Lead Gen,NEW
IL-B-0726,Samantha,Martin,+13314928966,samantha.martin@outlook.com,,,Naperville,Illinois,IL,,Buyer,,Fix & Flip,0,0,73,B,Nationwide Lead Gen,NEW
IN-S-0790,Janet,Chavez,+15743015573,janet.chavez@gmail.com,,4584 Walnut Dr,South Bend,Indiana,IN,96889,Seller,Condemned,Behind on Mortgage Payments,879692,76213,73,B,Nationwide Lead Gen,NEW
IA-S-0844,Timothy,Brooks,+15637549866,timothy.brooks@gmail.com,,1369 Jackson St,Davenport,Iowa,IA,71890,Seller,Condemned,Avoiding Foreclosure Auction,678362,128965,73,B,Nationwide Lead Gen,NEW
IA-B-0846,Zachary,Stewart,+15153912250,zachary.stewart@outlook.com,Zachary Solutions,,Des Moines,Iowa,IA,,Buyer,,Investor,0,0,73,B,Nationwide Lead Gen,NEW
KY-S-0918,Kathleen,Reed,+18599433588,kathleen.reed@outlook.com,,4063 Maple Way,Covington,Kentucky,KY,82624,Seller,Pre-Foreclosure,Property Needs Major Repairs,350372,382651,73,B,Nationwide Lead Gen,NEW
LA-S-0996,Patricia,Allen,+13377357135,patricia.allen@hotmail.com,,2814 Garden Blvd,Lafayette,Louisiana,LA,90396,Seller,Eviction,Vacant Property - High Equity,543942,209885,73,B,Nationwide Lead Gen,NEW
LA-B-1020,Frank,Mitchell,+15046417724,frank.mitchell@gmail.com,,,New Orleans,Louisiana,LA,,Buyer,,Fix & Flip,0,0,73,B,Nationwide Lead Gen,NEW
ME-S-1047,Jack,Clark,+12077993929,jack.clark@yahoo.com,,7347 Hickory Dr,Bangor,Maine,ME,82066,Seller,Vacant Property,Inherited Property - Not Interested,180009,179915,73,B,Nationwide Lead Gen,NEW
MD-B-1128,Adam,Gutierrez,+13019253194,adam.gutierrez@outlook.com,,,Gaithersburg,Maryland,MD,,Buyer,,Buy and Hold,0,0,73,B,Nationwide Lead Gen,NEW
MD-B-1129,Thomas,Collins,+13013573822,thomas.collins@gmail.com,Thomas Holdings,,Gaithersburg,Maryland,MD,,Buyer,,Buy and Hold,0,0,73,B,Nationwide Lead Gen,NEW
MA-S-1171,Nancy,Foster,+17749825271,nancy.foster@hotmail.com,,6623 Cedar Blvd,Worcester,Massachusetts,MA,15699,Seller,Eviction,Job Relocation - Must Sell Fast,284150,189778,73,B,Nationwide Lead Gen,NEW
MA-B-1205,John,Patel,+18572363659,john.patel@gmail.com,,,Boston,Massachusetts,MA,,Buyer,,Cash Buyer,0,0,73,B,Nationwide Lead Gen,NEW
MA-B-1208,Carlos,Reyes,+18575117618,carlos.reyes@yahoo.com,Carlos Acquisitions,,Boston,Massachusetts,MA,,Buyer,,REIT,0,0,73,B,Nationwide Lead Gen,NEW
MI-S-1218,Dorothy,Gomez,+13139301125,dorothy.gomez@yahoo.com,,4117 Lincoln Blvd,Detroit,Michigan,MI,48283,Seller,Lien,Tired Landlord - Ready to Exit,940828,363797,73,B,Nationwide Lead Gen,NEW
MN-S-1304,Angela,White,+16519084954,angela.white@hotmail.com,,5212 Business Ln,St. Paul,Minnesota,MN,25096,Seller,Pre-Foreclosure,Property in Probate - Estate Settlement,295058,312538,73,B,Nationwide Lead Gen,NEW
MN-S-1331,Christine,Robinson,+16129794467,christine.robinson@aol.com,,6073 Creek Blvd,Minneapolis,Minnesota,MN,55456,Seller,Fire Damage,Vacant Property - High Equity,630618,253265,73,B,Nationwide Lead Gen,NEW
MT-S-1474,George,Johnson,+14064817679,george.johnson@aol.com,,3478 Washington Pl,Great Falls,Montana,MT,63240,Seller,Lien,Vacant Property - High Equity,125809,350569,73,B,Nationwide Lead Gen,NEW
NE-S-1517,Alexander,Thompson,+14025176520,alexander.thompson@yahoo.com,,3706 Madison Blvd,Lincoln,Nebraska,NE,41948,Seller,Pre-Foreclosure,Job Relocation - Must Sell Fast,331957,107363,73,B,Nationwide Lead Gen,NEW
NJ-S-1612,Rebecca,Hall,+19733443764,rebecca.hall@hotmail.com,,2479 Summit Ct,Newark,New Jersey,NJ,7163,Seller,Pre-Foreclosure,Behind on Mortgage Payments,289708,393103,73,B,Nationwide Lead Gen,NEW
NJ-S-1636,Debra,Cox,+19732765946,debra.cox@aol.com,,8654 Ridge Rd,Newark,New Jersey,NJ,7156,Seller,Tax Delinquent,Out-of-State Absentee Landlord,445699,390063,73,B,Nationwide Lead Gen,NEW
NJ-B-1647,Larry,Gutierrez,+19084823635,larry.gutierrez@yahoo.com,Larry Capital,,Elizabeth,New Jersey,NJ,,Buyer,,Buy and Hold,0,0,73,B,Nationwide Lead Gen,NEW
NM-B-1686,Elizabeth,Smith,+15053671628,elizabeth.smith@gmail.com,,,Santa Fe,New Mexico,NM,,Buyer,,Property Manager,0,0,73,B,Nationwide Lead Gen,NEW
NY-S-1732,William,Gutierrez,+17168212651,william.gutierrez@outlook.com,,9130 Main Dr,Buffalo,New York,NY,14207,Seller,Pre-Foreclosure,Vacant Property - High Equity,598917,64341,73,B,Nationwide Lead Gen,NEW
NC-B-1838,Amy,Thompson,+13365005929,amy.thompson@gmail.com,Amy Investments,,Greensboro,North Carolina,NC,,Buyer,,Cash Buyer,0,0,73,B,Nationwide Lead Gen,NEW
NC-B-1845,Pamela,Lopez,+13369849520,pamela.lopez@yahoo.com,,,Greensboro,North Carolina,NC,,Buyer,,Developer,0,0,73,B,Nationwide Lead Gen,NEW
ND-S-1848,Jack,Richardson,+17018265611,jack.richardson@yahoo.com,,3206 Vista Pkwy,Fargo,North Dakota,ND,58198,Seller,Judgment,Distressed Property - Code Violations,340924,268413,73,B,Nationwide Lead Gen,NEW
OH-S-1897,Jennifer,Collins,+13306798364,jennifer.collins@yahoo.com,,6067 Lincoln Way,Akron,Ohio,OH,44807,Seller,Lien,Financial Hardship - Needs Cash,388074,255436,73,B,Nationwide Lead Gen,NEW
OH-S-1907,Raymond,Martinez,+12163212330,raymond.martinez@outlook.com,,5360 Washington Ct,Cleveland,Ohio,OH,82972,Seller,Vacant Property,Property in Probate - Estate Settlement,596312,91103,73,B,Nationwide Lead Gen,NEW
OH-B-1932,Rachel,Davis,+15137405170,rachel.davis@yahoo.com,Rachel Capital,,Cincinnati,Ohio,OH,,Buyer,,Wholesaler,0,0,73,B,Nationwide Lead Gen,NEW
OH-B-1938,Carmen,Ross,+12163332061,carmen.ross@gmail.com,Carmen Solutions,,Cleveland,Ohio,OH,,Buyer,,Buy and Hold,0,0,73,B,Nationwide Lead Gen,NEW
OK-S-1957,Melissa,Johnson,+19185037979,melissa.johnson@hotmail.com,,115 Meadow Blvd,Tulsa,Oklahoma,OK,29591,Seller,Lien,Divorce Settlement Required,581831,166067,73,B,Nationwide Lead Gen,NEW
OR-B-2077,Jacob,Collins,+15418225866,jacob.collins@gmail.com,,,Eugene,Oregon,OR,,Buyer,,Developer,0,0,73,B,Nationwide Lead Gen,NEW
PA-S-2111,Stephen,Ramos,+12159481893,stephen.ramos@gmail.com,,7102 Forest Pkwy,Philadelphia,Pennsylvania,PA,19142,Seller,Judgment,Vacant Property - High Equity,564558,278944,73,B,Nationwide Lead Gen,NEW
PA-S-2138,Heather,Brown,+14127772751,heather.brown@hotmail.com,,4761 Technology Blvd,Pittsburgh,Pennsylvania,PA,70858,Seller,Absentee Owner,Vacant Property - High Equity,777731,217218,73,B,Nationwide Lead Gen,NEW
PA-S-2142,Melissa,Johnson,+18787037937,melissa.johnson@outlook.com,,4305 Walnut Ave,Pittsburgh,Pennsylvania,PA,39816,Seller,Judgment,Inherited Family Estate (Probate),614681,249479,73,B,Nationwide Lead Gen,NEW
PA-S-2150,Charles,Clark,+14126829617,charles.clark@hotmail.com,,5266 Main Way,Pittsburgh,Pennsylvania,PA,48637,Seller,High Equity,Property Needs Major Repairs,932622,194245,73,B,Nationwide Lead Gen,NEW
PA-B-2152,Anthony,Davis,+18142386214,anthony.davis@outlook.com,Anthony Capital,,Erie,Pennsylvania,PA,,Buyer,,Developer,0,0,73,B,Nationwide Lead Gen,NEW
PA-B-2160,Donald,Hughes,+18147917668,donald.hughes@outlook.com,Donald Home Buyers,,Erie,Pennsylvania,PA,,Buyer,,Wholesaler,0,0,73,B,Nationwide Lead Gen,NEW
SC-S-2211,Heather,Price,+18438933306,heather.price@outlook.com,,5939 Sunrise Pkwy,Charleston,South Carolina,SC,29456,Seller,Pre-Foreclosure,Divorce Settlement Required,238490,68986,73,B,Nationwide Lead Gen,NEW
SC-S-2221,Peter,Gray,+18437875175,peter.gray@hotmail.com,,8755 Jackson Way,Charleston,South Carolina,SC,29454,Seller,Vacant Property,Avoiding Foreclosure Auction,262900,172793,73,B,Nationwide Lead Gen,NEW
SD-S-2287,George,Campbell,+16059623206,george.campbell@outlook.com,,2370 Birch Ln,Aberdeen,South Dakota,SD,48686,Seller,Lien,Divorce Settlement Required,382522,288518,73,B,Nationwide Lead Gen,NEW
SD-S-2291,Gary,Moore,+16057561257,gary.moore@yahoo.com,,6114 Lake Dr,Aberdeen,South Dakota,SD,39702,Seller,Bankruptcy,Property Needs Major Repairs,452482,318692,73,B,Nationwide Lead Gen,NEW
SD-S-2298,Donald,Patel,+16052299997,donald.patel@yahoo.com,,6513 Creek Ln,Rapid City,South Dakota,SD,28428,Seller,Lien,Vacant Property - High Equity,681568,44440,73,B,Nationwide Lead Gen,NEW
TN-S-2317,Debra,Taylor,+19016324706,debra.taylor@gmail.com,,6718 Madison Way,Memphis,Tennessee,TN,99599,Seller,Absentee Owner,Absentee Owner - Lives Out of State,879887,112898,73,B,Nationwide Lead Gen,NEW
TN-S-2360,Daniel,Diaz,+14233679503,daniel.diaz@gmail.com,,3698 Hill Pkwy,Chattanooga,Tennessee,TN,80995,Seller,Bankruptcy,Inherited Property - Not Interested,850183,372778,73,B,Nationwide Lead Gen,NEW
TX-S-2388,Jacob,Phillips,+17136176932,jacob.phillips@gmail.com,,1913 Valley Blvd,Houston,Texas,TX,77021,Seller,Bankruptcy,Avoiding Foreclosure Auction,846489,88237,73,B,Nationwide Lead Gen,NEW
UT-S-2464,Emily,Jimenez,+18012337612,emily.jimenez@gmail.com,,4839 River Way,West Valley City,Utah,UT,82934,Seller,Judgment,Tax Lien & Pre-Foreclosure Opportunity,408440,169979,73,B,Nationwide Lead Gen,NEW
UT-B-2515,Patrick,Rodriguez,+18013071683,patrick.rodriguez@outlook.com,Patrick Capital,,West Valley City,Utah,UT,,Buyer,,REIT,0,0,73,B,Nationwide Lead Gen,NEW
VT-S-2540,Ruth,Patel,+18025369290,ruth.patel@gmail.com,,9718 Vista St,Montpelier,Vermont,VT,29404,Seller,Bankruptcy,Tired Landlord - Ready to Exit,534280,82673,73,B,Nationwide Lead Gen,NEW
VT-S-2544,Matthew,Ruiz,+18024661958,matthew.ruiz@gmail.com,,9192 Sunset Dr,Burlington,Vermont,VT,5469,Seller,Fire Damage,Property Needs Major Repairs,627980,212739,73,B,Nationwide Lead Gen,NEW
VT-S-2551,Nathan,Robinson,+18022353261,nathan.robinson@yahoo.com,,4654 Lake St,Rutland,Vermont,VT,28557,Seller,Eviction,Inherited Family Estate (Probate),652284,229305,73,B,Nationwide Lead Gen,NEW
VT-B-2558,Judy,Thomas,+18024672886,judy.thomas@gmail.com,,,Rutland,Vermont,VT,,Buyer,,Cash Buyer,0,0,73,B,Nationwide Lead Gen,NEW
VA-S-2569,Catherine,Edwards,+17577698684,catherine.edwards@gmail.com,,1055 Sunrise Rd,Virginia Beach,Virginia,VA,23460,Seller,Utility Shutoff,Vacant Property - High Equity,638632,349226,73,B,Nationwide Lead Gen,NEW
VA-S-2605,Samuel,Walker,+17577454490,samuel.walker@hotmail.com,,3058 Business Rd,Norfolk,Virginia,VA,90877,Seller,Condemned,Financial Hardship - Needs Cash,348487,306280,73,B,Nationwide Lead Gen,NEW
WA-S-2656,Heather,Rogers,+14253023692,heather.rogers@outlook.com,,1556 Chestnut Way,Bellevue,Washington,WA,64529,Seller,Code Violation,Financial Hardship - Needs Cash,574127,368268,73,B,Nationwide Lead Gen,NEW
WV-B-2745,Brian,Young,+13043537245,brian.young@outlook.com,Brian Investments,,Morgantown,West Virginia,WV,,Buyer,,Investor,0,0,73,B,Nationwide Lead Gen,NEW
WI-S-2769,Frank,Jones,+16084389586,frank.jones@aol.com,,4066 Peak Ln,Madison,Wisconsin,WI,48265,Seller,Judgment,Job Relocation - Must Sell Fast,468599,86174,73,B,Nationwide Lead Gen,NEW
WI-B-2813,Joshua,Price,+14143232500,joshua.price@yahoo.com,Joshua Realty,,Milwaukee,Wisconsin,WI,,Buyer,,REIT,0,0,73,B,Nationwide Lead Gen,NEW
WY-S-2835,Donna,Reyes,+13072647559,donna.reyes@yahoo.com,,4157 Peak Ct,Cheyenne,Wyoming,WY,82035,Seller,Fire Damage,Behind on Mortgage Payments,526585,123030,73,B,Nationwide Lead Gen,NEW
AL-S-0042,Sarah,Rivera,+12568295319,sarah.rivera@gmail.com,,582 Cedar Pkwy,Huntsville,Alabama,AL,54975,Seller,Lien,Divorce Settlement Required,303557,213226,72,B,Nationwide Lead Gen,NEW
AK-B-0104,James,Watson,+19078683329,james.watson@yahoo.com,James Realty,,Anchorage,Alaska,AK,,Buyer,,Investor,0,0,72,B,Nationwide Lead Gen,NEW
AZ-S-0138,Carmen,Foster,+16026831180,carmen.foster@yahoo.com,,1329 Maple St,Phoenix,Arizona,AZ,85079,Seller,Tax Delinquent,Job Relocation - Must Sell Fast,927690,258209,72,B,Nationwide Lead Gen,NEW
AZ-B-0157,Douglas,Roberts,+14807358172,douglas.roberts@gmail.com,,,Chandler,Arizona,AZ,,Buyer,,REIT,0,0,72,B,Nationwide Lead Gen,NEW
CA-S-0215,Rebecca,Johnson,+16289926204,rebecca.johnson@gmail.com,,4076 Commerce Dr,San Francisco,California,CA,18377,Seller,Utility Shutoff,Absentee Owner - Lives Out of State,121630,210392,72,B,Nationwide Lead Gen,NEW
CA-S-0218,Elena,Hughes,+15109572109,elena.hughes@gmail.com,,2394 Hill Ln,Oakland,California,CA,44600,Seller,High Equity,Tired Landlord - Ready to Exit,263277,223394,72,B,Nationwide Lead Gen,NEW
CO-B-0360,Alexander,Robinson,+13039805461,alexander.robinson@yahoo.com,Alexander Solutions,,Aurora,Colorado,CO,,Buyer,,REIT,0,0,72,B,Nationwide Lead Gen,NEW
CT-S-0393,Ronald,Cruz,+18608698751,ronald.cruz@aol.com,,8121 Cedar Dr,Hartford,Connecticut,CT,6143,Seller,Condemned,Absentee Owner - Lives Out of State,442452,397011,72,B,Nationwide Lead Gen,NEW
CT-B-0419,Gary,Davis,+14759801501,gary.davis@gmail.com,,,New Haven,Connecticut,CT,,Buyer,,Developer,0,0,72,B,Nationwide Lead Gen,NEW
CT-B-0429,Carolyn,Stewart,+12039953663,carolyn.stewart@gmail.com,Carolyn Holdings,,Bridgeport,Connecticut,CT,,Buyer,,Investor,0,0,72,B,Nationwide Lead Gen,NEW
GA-B-0607,Ruth,Rogers,+19129527836,ruth.rogers@outlook.com,,,Savannah,Georgia,GA,,Buyer,,Property Manager,0,0,72,B,Nationwide Lead Gen,NEW
HI-S-0616,Nathan,Morales,+18082728150,nathan.morales@aol.com,,4350 River Ave,Hilo,Hawaii,HI,43327,Seller,Pre-Foreclosure,Behind on Mortgage Payments,264832,341926,72,B,Nationwide Lead Gen,NEW
IL-S-0708,Benjamin,Young,+16307117458,benjamin.young@outlook.com,,5876 Jefferson Ave,Aurora,Illinois,IL,79130,Seller,Lien,Financial Hardship - Needs Cash,758591,166148,72,B,Nationwide Lead Gen,NEW
IN-S-0767,Charles,Williams,+15744227846,charles.williams@aol.com,,7232 Garden Pkwy,South Bend,Indiana,IN,50166,Seller,Eviction,Vacant Property - High Equity,653819,138181,72,B,Nationwide Lead Gen,NEW
IN-S-0769,Lisa,Edwards,+15743297157,lisa.edwards@yahoo.com,,7024 Forest Ave,South Bend,Indiana,IN,30342,Seller,Condemned,Property in Probate - Estate Settlement,902930,102526,72,B,Nationwide Lead Gen,NEW
IN-B-0809,Nancy,Thomas,+15749725077,nancy.thomas@outlook.com,,,South Bend,Indiana,IN,,Buyer,,Developer,0,0,72,B,Nationwide Lead Gen,NEW
KY-S-0930,Patricia,Gutierrez,+18592612601,patricia.gutierrez@outlook.com,,4103 Meadow Ct,Lexington,Kentucky,KY,91381,Seller,Probate,Behind on Mortgage Payments,300158,144116,72,B,Nationwide Lead Gen,NEW
LA-S-0994,Mark,Moore,+12254541294,mark.moore@hotmail.com,,4136 Chestnut Ln,Baton Rouge,Louisiana,LA,37105,Seller,Tax Delinquent,Tired Landlord - Ready to Exit,778088,181700,72,B,Nationwide Lead Gen,NEW
LA-B-1012,Elizabeth,White,+13379496039,elizabeth.white@outlook.com,,,Lafayette,Louisiana,LA,,Buyer,,Fix & Flip,0,0,72,B,Nationwide Lead Gen,NEW
ME-S-1051,Dennis,Cruz,+12074742085,dennis.cruz@hotmail.com,,4410 Spring Ave,Portland,Maine,ME,4196,Seller,Tax Delinquent,Tired Landlord - Ready to Exit,817668,45096,72,B,Nationwide Lead Gen,NEW
MD-S-1071,Jerry,Bailey,+14107329317,jerry.bailey@yahoo.com,,2994 Sunrise Ave,Baltimore,Maryland,MD,21287,Seller,Tax Delinquent,Vacant Property - High Equity,213186,375786,72,B,Nationwide Lead Gen,NEW
MD-S-1099,Henry,Cook,+13015698411,henry.cook@outlook.com,,3258 Technology Rd,Rockville,Maryland,MD,95620,Seller,Code Violation,Inherited Property - Not Interested,816858,148077,72,B,Nationwide Lead Gen,NEW
MD-S-1107,John,Wright,+13012316955,john.wright@aol.com,,6690 Ridge Pl,Gaithersburg,Maryland,MD,95031,Seller,Pre-Foreclosure,Tax Lien & Pre-Foreclosure Opportunity,922697,332488,72,B,Nationwide Lead Gen,NEW
MD-B-1118,Nicole,Castillo,+14433108262,nicole.castillo@gmail.com,Nicole Home Buyers,,Baltimore,Maryland,MD,,Buyer,,Wholesaler,0,0,72,B,Nationwide Lead Gen,NEW
MA-S-1149,Carmen,Robinson,+16179768996,carmen.robinson@yahoo.com,,9433 Jefferson Blvd,Cambridge,Massachusetts,MA,21232,Seller,Condemned,Inherited Family Estate (Probate),418857,152067,72,B,Nationwide Lead Gen,NEW
MA-B-1192,Mary,Ortiz,+14133041450,mary.ortiz@outlook.com,Mary Home Buyers,,Springfield,Massachusetts,MA,,Buyer,,Wholesaler,0,0,72,B,Nationwide Lead Gen,NEW
MI-B-1277,Charles,Wilson,+15173078385,charles.wilson@yahoo.com,,,Lansing,Michigan,MI,,Buyer,,Fix & Flip,0,0,72,B,Nationwide Lead Gen,NEW
MS-S-1377,Christine,Rivera,+12282771665,christine.rivera@yahoo.com,,5713 Innovation Pkwy,Biloxi,Mississippi,MS,82505,Seller,Fire Damage,Behind on Mortgage Payments,417732,173452,72,B,Nationwide Lead Gen,NEW
MO-S-1418,William,Ortiz,+16365772607,william.ortiz@outlook.com,,9296 Jefferson Rd,St. Louis,Missouri,MO,33056,Seller,Absentee Owner,Inherited Property - Not Interested,208109,206686,72,B,Nationwide Lead Gen,NEW
NE-S-1509,Richard,Price,+14022693996,richard.price@outlook.com,,9296 Creek Ln,Bellevue,Nebraska,NE,12680,Seller,Judgment,Inherited Family Estate (Probate),503234,43265,72,B,Nationwide Lead Gen,NEW
NJ-S-1637,Stephen,Wood,+19738074678,stephen.wood@aol.com,,5633 Elm Ct,Paterson,New Jersey,NJ,86792,Seller,High Equity,Vacant Property - High Equity,698730,65431,72,B,Nationwide Lead Gen,NEW
NJ-B-1644,Rebecca,Robinson,+19739193453,rebecca.robinson@gmail.com,,,Paterson,New Jersey,NJ,,Buyer,,Wholesaler,0,0,72,B,Nationwide Lead Gen,NEW
NY-S-1710,Judy,Lee,+13156693395,judy.lee@yahoo.com,,8738 Adams Ct,Syracuse,New York,NY,72352,Seller,Pre-Foreclosure,Avoiding Foreclosure Auction,522330,137293,72,B,Nationwide Lead Gen,NEW
NY-S-1730,Justin,Gray,+15856777374,justin.gray@outlook.com,,3868 Sunset Rd,Rochester,New York,NY,51316,Seller,Bankruptcy,Inherited Family Estate (Probate),701459,383699,72,B,Nationwide Lead Gen,NEW
NY-B-1762,Katherine,Bailey,+15852117932,katherine.bailey@outlook.com,,,Rochester,New York,NY,,Buyer,,Developer,0,0,72,B,Nationwide Lead Gen,NEW
NC-S-1790,Stephen,Ward,+19802848445,stephen.ward@yahoo.com,,9500 Summit Rd,Charlotte,North Carolina,NC,28264,Seller,Utility Shutoff,Vacant Property - High Equity,174191,141230,72,B,Nationwide Lead Gen,NEW
NC-S-1794,Judy,Harris,+13365528807,judy.harris@aol.com,,7372 Summit Ct,Greensboro,North Carolina,NC,22928,Seller,Fire Damage,Job Relocation - Must Sell Fast,162215,85458,72,B,Nationwide Lead Gen,NEW
NC-S-1795,Kenneth,Chavez,+13369576109,kenneth.chavez@yahoo.com,,6075 Sunset Blvd,Greensboro,North Carolina,NC,93224,Seller,Eviction,Inherited Property - Not Interested,733023,298962,72,B,Nationwide Lead Gen,NEW
NC-S-1810,Kimberly,Lee,+17042654015,kimberly.lee@outlook.com,,9291 Lincoln Ln,Charlotte,North Carolina,NC,28208,Seller,Absentee Owner,Inherited Property - Not Interested,557361,80652,72,B,Nationwide Lead Gen,NEW
NC-B-1825,Dennis,Morris,+19806524720,dennis.morris@outlook.com,,,Charlotte,North Carolina,NC,,Buyer,,Property Manager,0,0,72,B,Nationwide Lead Gen,NEW
ND-S-1847,Jessica,Gray,+17013034700,jessica.gray@aol.com,,3300 Cedar Ln,Fargo,North Dakota,ND,58135,Seller,Tax Delinquent,Absentee Owner - Lives Out of State,935498,398966,72,B,Nationwide Lead Gen,NEW
ND-S-1857,Christopher,Williams,+17018838643,christopher.williams@aol.com,,8928 Jackson Way,Grand Forks,North Dakota,ND,55815,Seller,Probate,Financial Hardship - Needs Cash,730129,316313,72,B,Nationwide Lead Gen,NEW
OH-S-1879,Sarah,Kelly,+14195877688,sarah.kelly@hotmail.com,,2794 Monroe Blvd,Toledo,Ohio,OH,70822,Seller,Absentee Owner,Avoiding Foreclosure Auction,804890,306717,72,B,Nationwide Lead Gen,NEW
OH-S-1920,Aaron,Cook,+13305707862,aaron.cook@aol.com,,7847 Ridge Pkwy,Akron,Ohio,OH,63778,Seller,Eviction,Financial Hardship - Needs Cash,818357,212661,72,B,Nationwide Lead Gen,NEW
OH-B-1931,Melissa,King,+15137312124,melissa.king@gmail.com,Melissa Home Buyers,,Cincinnati,Ohio,OH,,Buyer,,Buy and Hold,0,0,72,B,Nationwide Lead Gen,NEW
OK-B-2020,Carol,Torres,+14057832853,carol.torres@gmail.com,Carol Investments,,Oklahoma City,Oklahoma,OK,,Buyer,,Property Manager,0,0,72,B,Nationwide Lead Gen,NEW
OR-S-2069,Edward,Kelly,+19714613040,edward.kelly@hotmail.com,,1403 Main Ln,Portland,Oregon,OR,97287,Seller,Utility Shutoff,Absentee Owner - Lives Out of State,153440,349065,72,B,Nationwide Lead Gen,NEW
PA-S-2123,Douglas,Morales,+16108432189,douglas.morales@hotmail.com,,9494 Industrial Rd,Allentown,Pennsylvania,PA,79537,Seller,Condemned,Absentee Owner - Lives Out of State,498316,269743,72,B,Nationwide Lead Gen,NEW
PA-S-2147,Irene,Alvarez,+18149511521,irene.alvarez@aol.com,,3472 Sunset St,Erie,Pennsylvania,PA,43529,Seller,Absentee Owner,Absentee Owner - Lives Out of State,624400,378408,72,B,Nationwide Lead Gen,NEW
SD-S-2294,Irene,Rogers,+16053418333,irene.rogers@gmail.com,,2472 Lake Pkwy,Sioux Falls,South Dakota,SD,57131,Seller,Utility Shutoff,Inherited Property - Not Interested,529923,138551,72,B,Nationwide Lead Gen,NEW
TN-S-2344,Carolyn,Carter,+19018632364,carolyn.carter@outlook.com,,7360 Business Blvd,Memphis,Tennessee,TN,93577,Seller,Judgment,Avoiding Foreclosure Auction,381499,211163,72,B,Nationwide Lead Gen,NEW
TN-S-2359,Nancy,Bennett,+19014012327,nancy.bennett@hotmail.com,,6250 Highland Ave,Memphis,Tennessee,TN,47156,Seller,Utility Shutoff,Behind on Mortgage Payments,708052,318622,72,B,Nationwide Lead Gen,NEW
TN-B-2370,Timothy,Hernandez,+18654618536,timothy.hernandez@gmail.com,,,Knoxville,Tennessee,TN,,Buyer,,Developer,0,0,72,B,Nationwide Lead Gen,NEW
TN-B-2372,Rachel,Ramirez,+14239206609,rachel.ramirez@outlook.com,Rachel Home Buyers,,Chattanooga,Tennessee,TN,,Buyer,,REIT,0,0,72,B,Nationwide Lead Gen,NEW
TX-S-2414,Steven,Nguyen,+19156033505,steven.nguyen@yahoo.com,,3155 Creek Ln,El Paso,Texas,TX,19868,Seller,Lien,Property in Probate - Estate Settlement,826453,188298,72,B,Nationwide Lead Gen,NEW
TX-S-2426,Helen,Williams,+15123777505,helen.williams@hotmail.com,,8246 Technology Blvd,Austin,Texas,TX,48589,Seller,Probate,Job Relocation - Must Sell Fast,826460,301321,72,B,Nationwide Lead Gen,NEW
UT-B-2533,Stephen,Nguyen,+18012782782,stephen.nguyen@gmail.com,,,Ogden,Utah,UT,,Buyer,,Wholesaler,0,0,72,B,Nationwide Lead Gen,NEW
WA-S-2684,John,Campbell,+14257838538,john.campbell@outlook.com,,9678 Enterprise Ave,Bellevue,Washington,WA,64308,Seller,Judgment,Absentee Owner - Lives Out of State,886759,285518,72,B,Nationwide Lead Gen,NEW
WI-B-2797,Angela,Campbell,+19207331008,angela.campbell@gmail.com,Angela Home Buyers,,Green Bay,Wisconsin,WI,,Buyer,,Developer,0,0,72,B,Nationwide Lead Gen,NEW
WI-B-2798,Michael,Robinson,+16084844939,michael.robinson@outlook.com,Michael Holdings,,Madison,Wisconsin,WI,,Buyer,,Fix & Flip,0,0,72,B,Nationwide Lead Gen,NEW
WI-B-2801,Mark,Jones,+14145556915,mark.jones@gmail.com,Mark Properties,,Milwaukee,Wisconsin,WI,,Buyer,,Property Manager,0,0,72,B,Nationwide Lead Gen,NEW
WI-B-2811,Benjamin,Harris,+19209433025,benjamin.harris@gmail.com,Benjamin Home Buyers,,Green Bay,Wisconsin,WI,,Buyer,,Developer,0,0,72,B,Nationwide Lead Gen,NEW
AR-S-0181,Larry,Smith,+18704299135,larry.smith@hotmail.com,,7851 Vista Ct,Jonesboro,Arkansas,AR,73568,Seller,Vacant Property,Property in Probate - Estate Settlement,595370,82515,71,B,Nationwide Lead Gen,NEW
AR-S-0187,Nathan,Lewis,+14799453647,nathan.lewis@gmail.com,,8201 Chestnut Ct,Fort Smith,Arkansas,AR,22974,Seller,Utility Shutoff,Property Needs Major Repairs,542121,314682,71,B,Nationwide Lead Gen,NEW
CA-B-0279,Brian,Harris,+15596823686,brian.harris@outlook.com,Brian Home Buyers,,Fresno,California,CA,,Buyer,,Developer,0,0,71,B,Nationwide Lead Gen,NEW
CO-S-0297,Donald,Wilson,+13035508346,donald.wilson@gmail.com,,1552 Adams Dr,Aurora,Colorado,CO,71889,Seller,High Equity,Financial Hardship - Needs Cash,216616,342533,71,B,Nationwide Lead Gen,NEW
CO-S-0333,Donna,Phillips,+13038093715,donna.phillips@hotmail.com,,8135 Birch Pl,Aurora,Colorado,CO,19279,Seller,Condemned,Job Relocation - Must Sell Fast,579913,351876,71,B,Nationwide Lead Gen,NEW
CT-S-0409,Emma,Gonzalez,+14752903199,emma.gonzalez@outlook.com,,8853 Technology Dr,Bridgeport,Connecticut,CT,41540,Seller,Code Violation,Absentee Owner - Lives Out of State,787549,112570,71,B,Nationwide Lead Gen,NEW
CT-B-0414,Michael,Taylor,+19599908804,michael.taylor@gmail.com,Michael Home Buyers,,Hartford,Connecticut,CT,,Buyer,,Wholesaler,0,0,71,B,Nationwide Lead Gen,NEW
DE-S-0451,Anna,Hernandez,+13029574328,anna.hernandez@gmail.com,,1707 Valley Blvd,Newark,Delaware,DE,61435,Seller,High Equity,Out-of-State Absentee Landlord,653477,74619,71,B,Nationwide Lead Gen,NEW
DE-B-0465,Paul,Gutierrez,+13027833628,paul.gutierrez@outlook.com,Paul Holdings,,Newark,Delaware,DE,,Buyer,,Cash Buyer,0,0,71,B,Nationwide Lead Gen,NEW
FL-S-0510,John,Martinez,+19044066543,john.martinez@outlook.com,,2987 Innovation Pl,Jacksonville,Florida,FL,94867,Seller,Bankruptcy,Financial Hardship - Needs Cash,290218,381310,71,B,Nationwide Lead Gen,NEW
GA-S-0577,Michelle,Baker,+17065757768,michelle.baker@outlook.com,,4841 Meadow Ln,Columbus,Georgia,GA,39472,Seller,Probate,Behind on Mortgage Payments,370722,84459,71,B,Nationwide Lead Gen,NEW
GA-S-0578,Steven,Hall,+14048785146,steven.hall@aol.com,,2337 Main Pl,Atlanta,Georgia,GA,30393,Seller,Judgment,Property in Probate - Estate Settlement,467721,208289,71,B,Nationwide Lead Gen,NEW
IL-S-0686,Sandra,Gonzalez,+12173993104,sandra.gonzalez@aol.com,,7108 Creek Ave,Springfield,Illinois,IL,57496,Seller,Eviction,Absentee Owner - Lives Out of State,881121,57163,71,B,Nationwide Lead Gen,NEW
IL-B-0740,John,Parker,+13315046027,john.parker@outlook.com,John Investments,,Naperville,Illinois,IL,,Buyer,,Wholesaler,0,0,71,B,Nationwide Lead Gen,NEW
IN-B-0806,Jason,Price,+18129128262,jason.price@gmail.com,,,Evansville,Indiana,IN,,Buyer,,Investor,0,0,71,B,Nationwide Lead Gen,NEW
IA-S-0840,Carlos,Adams,+15158161035,carlos.adams@hotmail.com,,8547 Lincoln Dr,Des Moines,Iowa,IA,50355,Seller,Absentee Owner,Tired Landlord - Ready to Exit,250234,308829,71,B,Nationwide Lead Gen,NEW
KY-S-0922,Lisa,Mendoza,+18596497064,lisa.mendoza@outlook.com,,3163 Walnut Ln,Covington,Kentucky,KY,55278,Seller,Lien,Financial Hardship - Needs Cash,784424,331379,71,B,Nationwide Lead Gen,NEW
KY-S-0926,Barbara,Chavez,+18593413864,barbara.chavez@outlook.com,,7231 Vista Blvd,Lexington,Kentucky,KY,93308,Seller,Bankruptcy,Job Relocation - Must Sell Fast,874626,187128,71,B,Nationwide Lead Gen,NEW
KY-B-0959,Ruth,Murphy,+12708654804,ruth.murphy@yahoo.com,Ruth Holdings,,Bowling Green,Kentucky,KY,,Buyer,,Property Manager,0,0,71,B,Nationwide Lead Gen,NEW
LA-B-1031,Catherine,Turner,+13188966538,catherine.turner@gmail.com,Catherine Holdings,,Shreveport,Louisiana,LA,,Buyer,,Buy and Hold,0,0,71,B,Nationwide Lead Gen,NEW
ME-S-1049,Samantha,Martin,+12077945402,samantha.martin@gmail.com,,9724 Creek Pl,Lewiston,Maine,ME,14247,Seller,Absentee Owner,Divorce Settlement Required,836293,178091,71,B,Nationwide Lead Gen,NEW
MD-S-1104,Jason,Diaz,+13012786834,jason.diaz@hotmail.com,,1419 Vista Dr,Gaithersburg,Maryland,MD,61834,Seller,Absentee Owner,Distressed Property - Code Violations,251871,397981,71,B,Nationwide Lead Gen,NEW
MD-B-1133,Janet,Evans,+14103574761,janet.evans@outlook.com,Janet Acquisitions,,Baltimore,Maryland,MD,,Buyer,,Property Manager,0,0,71,B,Nationwide Lead Gen,NEW
MA-S-1141,Catherine,Hill,+17742697025,catherine.hill@yahoo.com,,3386 Maple Ct,Worcester,Massachusetts,MA,75604,Seller,Condemned,Financial Hardship - Needs Cash,180054,175210,71,B,Nationwide Lead Gen,NEW
MI-S-1223,Michelle,Gutierrez,+15178748453,michelle.gutierrez@gmail.com,,2293 Business Dr,Lansing,Michigan,MI,59910,Seller,Pre-Foreclosure,Distressed Property - Code Violations,845580,164460,71,B,Nationwide Lead Gen,NEW
MI-S-1240,Stephanie,Robinson,+13136174685,stephanie.robinson@hotmail.com,,1309 Innovation Way,Detroit,Michigan,MI,48210,Seller,Probate,Inherited Family Estate (Probate),839600,262394,71,B,Nationwide Lead Gen,NEW
MN-S-1298,Melissa,Brooks,+12189007099,melissa.brooks@yahoo.com,,2485 Lincoln Ct,Duluth,Minnesota,MN,24385,Seller,Eviction,Vacant Property - High Equity,337116,136590,71,B,Nationwide Lead Gen,NEW
MN-S-1312,Jessica,Price,+12187683259,jessica.price@yahoo.com,,8134 Hickory Rd,Duluth,Minnesota,MN,40539,Seller,Judgment,Distressed Property - Code Violations,554590,354389,71,B,Nationwide Lead Gen,NEW
MN-S-1319,Helen,Nguyen,+16515313016,helen.nguyen@outlook.com,,3957 Sunset Ct,Minneapolis,Minnesota,MN,55447,Seller,Pre-Foreclosure,Tired Landlord - Ready to Exit,337459,164318,71,B,Nationwide Lead Gen,NEW
MN-B-1345,Paul,Jones,+15076951750,paul.jones@gmail.com,,,Rochester,Minnesota,MN,,Buyer,,Investor,0,0,71,B,Nationwide Lead Gen,NEW
MO-S-1407,Zachary,Lewis,+18165442256,zachary.lewis@gmail.com,,5750 Lincoln Pkwy,Independence,Missouri,MO,79199,Seller,Probate,Financial Hardship - Needs Cash,129379,208980,71,B,Nationwide Lead Gen,NEW
MT-B-1494,Rosa,Stewart,+14067971795,rosa.stewart@gmail.com,Rosa Home Buyers,,Billings,Montana,MT,,Buyer,,Developer,0,0,71,B,Nationwide Lead Gen,NEW
NV-B-1556,George,Myers,+17757344633,george.myers@outlook.com,George Home Buyers,,Sparks,Nevada,NV,,Buyer,,Buy and Hold,0,0,71,B,Nationwide Lead Gen,NEW
NY-S-1714,Maria,Hughes,+12123381330,maria.hughes@hotmail.com,,6815 Oak Dr,New York City,New York,NY,10042,Seller,High Equity,Property in Probate - Estate Settlement,774991,81572,71,B,Nationwide Lead Gen,NEW
NY-S-1729,Irene,Roberts,+17163114951,irene.roberts@hotmail.com,,620 Washington Pkwy,Buffalo,New York,NY,14296,Seller,Eviction,Property in Probate - Estate Settlement,182417,58146,71,B,Nationwide Lead Gen,NEW
NY-S-1737,Christopher,Ruiz,+17163032783,christopher.ruiz@hotmail.com,,8903 Meadow Dr,Buffalo,New York,NY,14269,Seller,Vacant Property,Financial Hardship - Needs Cash,749333,62944,71,B,Nationwide Lead Gen,NEW
NY-B-1747,Scott,Cox,+17165384437,scott.cox@yahoo.com,Scott Properties,,Buffalo,New York,NY,,Buyer,,Property Manager,0,0,71,B,Nationwide Lead Gen,NEW
ND-S-1850,Jessica,Hill,+17017208950,jessica.hill@aol.com,,8538 Garden Pl,Grand Forks,North Dakota,ND,99785,Seller,Judgment,Divorce Settlement Required,322112,116200,71,B,Nationwide Lead Gen,NEW
OH-S-1891,Irene,Gonzalez,+12163074822,irene.gonzalez@yahoo.com,,1420 Hill Ave,Cleveland,Ohio,OH,76876,Seller,Vacant Property,Vacant Property - High Equity,183685,365552,71,B,Nationwide Lead Gen,NEW
OH-S-1925,Kevin,Brown,+13809371220,kevin.brown@hotmail.com,,4855 Washington Dr,Columbus,Ohio,OH,43226,Seller,Lien,Financial Hardship - Needs Cash,370341,113728,71,B,Nationwide Lead Gen,NEW
OK-S-1984,Sylvia,Gray,+19185334979,sylvia.gray@aol.com,,8916 Chestnut Dr,Broken Arrow,Oklahoma,OK,84883,Seller,Absentee Owner,Behind on Mortgage Payments,580047,398107,71,B,Nationwide Lead Gen,NEW
OK-B-2001,Edward,Scott,+14055466964,edward.scott@outlook.com,Edward Home Buyers,,Norman,Oklahoma,OK,,Buyer,,Wholesaler,0,0,71,B,Nationwide Lead Gen,NEW
OR-S-2040,Amy,Gutierrez,+15033473660,amy.gutierrez@gmail.com,,2910 Vista Ave,Salem,Oregon,OR,30568,Seller,Vacant Property,Inherited Family Estate (Probate),244059,200688,71,B,Nationwide Lead Gen,NEW
PA-S-2124,Rebecca,Stewart,+18144368309,rebecca.stewart@aol.com,,1988 Spring Rd,Erie,Pennsylvania,PA,10897,Seller,Pre-Foreclosure,Inherited Family Estate (Probate),847731,238412,71,B,Nationwide Lead Gen,NEW
PA-B-2161,Katherine,Williams,+12158914001,katherine.williams@yahoo.com,,,Philadelphia,Pennsylvania,PA,,Buyer,,Investor,0,0,71,B,Nationwide Lead Gen,NEW
PA-B-2162,John,Garcia,+12154272299,john.garcia@yahoo.com,,,Philadelphia,Pennsylvania,PA,,Buyer,,Fix & Flip,0,0,71,B,Nationwide Lead Gen,NEW
RI-B-2198,Harold,Mendoza,+14015128494,harold.mendoza@outlook.com,Harold Realty,,Warwick,Rhode Island,RI,,Buyer,,Fix & Flip,0,0,71,B,Nationwide Lead Gen,NEW
SD-S-2283,Andrew,Harris,+16059358996,andrew.harris@aol.com,,6695 Sunset Rd,Aberdeen,South Dakota,SD,33216,Seller,High Equity,Avoiding Foreclosure Auction,185962,397090,71,B,Nationwide Lead Gen,NEW
SD-S-2295,Zachary,Kim,+16053103355,zachary.kim@aol.com,,838 Enterprise Pl,Aberdeen,South Dakota,SD,52966,Seller,Eviction,Divorce Settlement Required,229080,227452,71,B,Nationwide Lead Gen,NEW
TX-S-2411,Margaret,Johnson,+17377913938,margaret.johnson@gmail.com,,8972 Harrison Way,Austin,Texas,TX,75454,Seller,Lien,Distressed Property - Code Violations,722655,313197,71,B,Nationwide Lead Gen,NEW
TX-S-2413,Kenneth,Rivera,+18323082763,kenneth.rivera@yahoo.com,,5676 Lincoln Ave,Houston,Texas,TX,77056,Seller,Fire Damage,Inherited Property - Not Interested,883390,375184,71,B,Nationwide Lead Gen,NEW
TX-S-2424,Heather,Rivera,+17135393699,heather.rivera@yahoo.com,,7231 Spring Pkwy,Houston,Texas,TX,77044,Seller,Condemned,Divorce Settlement Required,418037,321830,71,B,Nationwide Lead Gen,NEW
TX-B-2446,George,Clark,+17377972829,george.clark@gmail.com,George Holdings,,Austin,Texas,TX,,Buyer,,Developer,0,0,71,B,Nationwide Lead Gen,NEW
TX-B-2458,Rebecca,Lee,+15128385607,rebecca.lee@yahoo.com,Rebecca Acquisitions,,Austin,Texas,TX,,Buyer,,Buy and Hold,0,0,71,B,Nationwide Lead Gen,NEW
UT-S-2499,Nancy,Phillips,+18016137195,nancy.phillips@aol.com,,9381 Adams Ave,Provo,Utah,UT,23214,Seller,Lien,Behind on Mortgage Payments,909321,255714,71,B,Nationwide Lead Gen,NEW
UT-S-2508,Jacob,Thomas,+18013701377,jacob.thomas@outlook.com,,9722 Vista Way,West Valley City,Utah,UT,63937,Seller,Probate,Out-of-State Absentee Landlord,230982,268603,71,B,Nationwide Lead Gen,NEW
UT-B-2522,Eric,Wood,+18012495872,eric.wood@outlook.com,Eric Investments,,West Valley City,Utah,UT,,Buyer,,Fix & Flip,0,0,71,B,Nationwide Lead Gen,NEW
VA-S-2574,Nicole,Roberts,+17576983973,nicole.roberts@aol.com,,4923 Industrial Ln,Virginia Beach,Virginia,VA,23490,Seller,Lien,Inherited Family Estate (Probate),764314,361858,71,B,Nationwide Lead Gen,NEW
VA-B-2616,Carmen,Patel,+17572578598,carmen.patel@yahoo.com,Carmen Home Buyers,,Virginia Beach,Virginia,VA,,Buyer,,Property Manager,0,0,71,B,Nationwide Lead Gen,NEW
WA-S-2655,Jacob,Howard,+14255818110,jacob.howard@outlook.com,,9040 Madison Way,Bellevue,Washington,WA,40550,Seller,Vacant Property,Tired Landlord - Ready to Exit,655068,166420,71,B,Nationwide Lead Gen,NEW
WV-S-2719,Deborah,Kim,+13045281968,deborah.kim@outlook.com,,2727 Madison Ct,Parkersburg,West Virginia,WV,98281,Seller,Code Violation,Inherited Family Estate (Probate),913636,392304,71,B,Nationwide Lead Gen,NEW
WI-S-2768,Helen,Parker,+19204022824,helen.parker@aol.com,,4844 Maple Pkwy,Green Bay,Wisconsin,WI,14774,Seller,Absentee Owner,Distressed Property - Code Violations,763798,54210,71,B,Nationwide Lead Gen,NEW
AK-S-0093,Ruth,Adams,+19077194456,ruth.adams@gmail.com,,3489 Jefferson Dr,Juneau,Alaska,AK,87046,Seller,Absentee Owner,Financial Hardship - Needs Cash,767517,355101,70,B,Nationwide Lead Gen,NEW
CA-S-0252,Emily,Hernandez,+12797177583,emily.hernandez@gmail.com,,6074 Spring Rd,Sacramento,California,CA,89685,Seller,High Equity,Tax Lien & Pre-Foreclosure Opportunity,877119,289014,70,B,Nationwide Lead Gen,NEW
CO-S-0295,Kevin,Ward,+13034895340,kevin.ward@yahoo.com,,7309 Business Ln,Aurora,Colorado,CO,81551,Seller,Utility Shutoff,Property in Probate - Estate Settlement,468889,386080,70,B,Nationwide Lead Gen,NEW
CO-S-0299,Irene,Morgan,+13036767918,irene.morgan@hotmail.com,,5596 Elm Rd,Denver,Colorado,CO,80232,Seller,Utility Shutoff,Divorce Settlement Required,834398,265913,70,B,Nationwide Lead Gen,NEW
DE-B-0462,Rachel,Sanchez,+13028619770,rachel.sanchez@yahoo.com,,,Newark,Delaware,DE,,Buyer,,Wholesaler,0,0,70,B,Nationwide Lead Gen,NEW
DE-B-0464,Gregory,Wright,+13029902471,gregory.wright@outlook.com,,,Newark,Delaware,DE,,Buyer,,Wholesaler,0,0,70,B,Nationwide Lead Gen,NEW
FL-S-0493,Angela,Baker,+19543662983,angela.baker@hotmail.com,,268 Jackson St,Fort Lauderdale,Florida,FL,77679,Seller,Tax Delinquent,Property in Probate - Estate Settlement,635300,153017,70,B,Nationwide Lead Gen,NEW
FL-S-0512,Heather,Reyes,+18508565876,heather.reyes@aol.com,,4477 Pine St,Tallahassee,Florida,FL,72689,Seller,Absentee Owner,Inherited Property - Not Interested,641572,398622,70,B,Nationwide Lead Gen,NEW
FL-B-0524,Joseph,Cooper,+18135434131,joseph.cooper@yahoo.com,,,Tampa,Florida,FL,,Buyer,,Developer,0,0,70,B,Nationwide Lead Gen,NEW
FL-B-0531,Brenda,Stewart,+19543114701,brenda.stewart@outlook.com,Brenda Realty,,Fort Lauderdale,Florida,FL,,Buyer,,Fix & Flip,0,0,70,B,Nationwide Lead Gen,NEW
GA-S-0558,Nicole,Phillips,+17067803734,nicole.phillips@hotmail.com,,8067 Madison Pkwy,Columbus,Georgia,GA,34353,Seller,Pre-Foreclosure,Property in Probate - Estate Settlement,263182,361354,70,B,Nationwide Lead Gen,NEW
GA-B-0596,Ashley,Watson,+19122589662,ashley.watson@outlook.com,Ashley Investments,,Savannah,Georgia,GA,,Buyer,,REIT,0,0,70,B,Nationwide Lead Gen,NEW
GA-B-0603,Douglas,Cook,+17068901882,douglas.cook@yahoo.com,Douglas Capital,,Augusta,Georgia,GA,,Buyer,,Fix & Flip,0,0,70,B,Nationwide Lead Gen,NEW
HI-S-0620,Deborah,Cox,+18082598647,deborah.cox@aol.com,,3577 Industrial Ct,Hilo,Hawaii,HI,44473,Seller,Eviction,Absentee Owner - Lives Out of State,760398,175776,70,B,Nationwide Lead Gen,NEW
HI-S-0628,Alexander,Price,+18085477571,alexander.price@hotmail.com,,7961 River Pl,Kailua,Hawaii,HI,12809,Seller,Lien,Absentee Owner - Lives Out of State,751328,118089,70,B,Nationwide Lead Gen,NEW
ID-S-0654,Michael,Ortiz,+12082443019,michael.ortiz@outlook.com,,1136 Technology Rd,Meridian,Idaho,ID,77581,Seller,Absentee Owner,Job Relocation - Must Sell Fast,204471,208425,70,B,Nationwide Lead Gen,NEW
IN-S-0779,Carol,Morris,+14634118339,carol.morris@outlook.com,,8495 Commerce Rd,Indianapolis,Indiana,IN,46241,Seller,Probate,Financial Hardship - Needs Cash,124130,339483,70,B,Nationwide Lead Gen,NEW
IN-S-0788,Margaret,Mitchell,+12603173582,margaret.mitchell@outlook.com,,9193 Chestnut St,Fort Wayne,Indiana,IN,20359,Seller,Judgment,Property in Probate - Estate Settlement,333403,320051,70,B,Nationwide Lead Gen,NEW
IN-S-0797,Gregory,Morales,+12606996246,gregory.morales@gmail.com,,9988 Vista Blvd,Fort Wayne,Indiana,IN,67807,Seller,Eviction,Behind on Mortgage Payments,250864,99206,70,B,Nationwide Lead Gen,NEW
IN-B-0821,Thomas,Flores,+15742745150,thomas.flores@gmail.com,Thomas Investments,,South Bend,Indiana,IN,,Buyer,,Cash Buyer,0,0,70,B,Nationwide Lead Gen,NEW
IA-S-0836,Larry,Price,+13194812637,larry.price@outlook.com,,8526 Adams Way,Cedar Rapids,Iowa,IA,21084,Seller,Lien,Avoiding Foreclosure Auction,143913,368661,70,B,Nationwide Lead Gen,NEW
KY-S-0894,Sylvia,Thomas,+15025669158,sylvia.thomas@yahoo.com,,214 Ridge Rd,Louisville,Kentucky,KY,40271,Seller,Fire Damage,Avoiding Foreclosure Auction,173623,239632,70,B,Nationwide Lead Gen,NEW
KY-S-0927,Donald,Carter,+15026317279,donald.carter@outlook.com,,6257 Main Way,Louisville,Kentucky,KY,40210,Seller,Eviction,Tired Landlord - Ready to Exit,847971,73875,70,B,Nationwide Lead Gen,NEW
KY-B-0943,Anthony,Ortiz,+18596033987,anthony.ortiz@yahoo.com,Anthony Home Buyers,,Lexington,Kentucky,KY,,Buyer,,Property Manager,0,0,70,B,Nationwide Lead Gen,NEW
KY-B-0950,Elizabeth,Turner,+15026872420,elizabeth.turner@gmail.com,,,Louisville,Kentucky,KY,,Buyer,,Fix & Flip,0,0,70,B,Nationwide Lead Gen,NEW
MD-S-1082,Nathan,Carter,+13013213460,nathan.carter@hotmail.com,,607 Vista Dr,Gaithersburg,Maryland,MD,56547,Seller,Utility Shutoff,Tax Lien & Pre-Foreclosure Opportunity,807671,55976,70,B,Nationwide Lead Gen,NEW
MD-B-1117,Amanda,Gonzalez,+13019655657,amanda.gonzalez@outlook.com,Amanda Solutions,,Rockville,Maryland,MD,,Buyer,,REIT,0,0,70,B,Nationwide Lead Gen,NEW
MA-S-1153,Joshua,Chavez,+16176171315,joshua.chavez@yahoo.com,,435 Monroe Rd,Cambridge,Massachusetts,MA,58896,Seller,Pre-Foreclosure,Tax Lien & Pre-Foreclosure Opportunity,721801,212389,70,B,Nationwide Lead Gen,NEW
MA-B-1214,Nicole,Bailey,+16177893872,nicole.bailey@yahoo.com,Nicole Realty,,Boston,Massachusetts,MA,,Buyer,,Developer,0,0,70,B,Nationwide Lead Gen,NEW
MI-S-1241,Amanda,Price,+15174624265,amanda.price@aol.com,,5392 Peak Pl,Lansing,Michigan,MI,48360,Seller,Bankruptcy,Out-of-State Absentee Landlord,495826,161544,70,B,Nationwide Lead Gen,NEW
MN-B-1356,Jeffrey,Harris,+12185301657,jeffrey.harris@outlook.com,,,Duluth,Minnesota,MN,,Buyer,,Buy and Hold,0,0,70,B,Nationwide Lead Gen,NEW
MO-S-1421,Richard,Parker,+18165605943,richard.parker@yahoo.com,,5273 Innovation Rd,Kansas City,Missouri,MO,64154,Seller,Condemned,Vacant Property - High Equity,345365,379200,70,B,Nationwide Lead Gen,NEW
MO-B-1450,Betty,Williams,+14175158226,betty.williams@gmail.com,Betty Acquisitions,,Springfield,Missouri,MO,,Buyer,,REIT,0,0,70,B,Nationwide Lead Gen,NEW
MT-S-1477,Charles,Lewis,+14066857539,charles.lewis@aol.com,,8308 Business Way,Billings,Montana,MT,59126,Seller,Tax Delinquent,Divorce Settlement Required,801365,73447,70,B,Nationwide Lead Gen,NEW
NE-S-1506,Michelle,Sanders,+14026061796,michelle.sanders@outlook.com,,1221 Lake Dr,Bellevue,Nebraska,NE,18147,Seller,Lien,Financial Hardship - Needs Cash,722072,286815,70,B,Nationwide Lead Gen,NEW
NE-B-1530,Heather,Lewis,+14025489295,heather.lewis@outlook.com,,,Bellevue,Nebraska,NE,,Buyer,,Buy and Hold,0,0,70,B,Nationwide Lead Gen,NEW
NJ-S-1613,Janet,Garcia,+19734505768,janet.garcia@outlook.com,,874 Meadow Rd,Paterson,New Jersey,NJ,17660,Seller,Tax Delinquent,Behind on Mortgage Payments,566300,211495,70,B,Nationwide Lead Gen,NEW
NM-B-1689,Timothy,Rodriguez,+15757607438,timothy.rodriguez@outlook.com,,,Las Cruces,New Mexico,NM,,Buyer,,Developer,0,0,70,B,Nationwide Lead Gen,NEW
NM-B-1695,Cynthia,Long,+15756477455,cynthia.long@yahoo.com,,,Las Cruces,New Mexico,NM,,Buyer,,Investor,0,0,70,B,Nationwide Lead Gen,NEW
NY-S-1711,Emily,Gonzalez,+15853152774,emily.gonzalez@gmail.com,,2765 Industrial Ct,Rochester,New York,NY,88724,Seller,High Equity,Avoiding Foreclosure Auction,338584,248624,70,B,Nationwide Lead Gen,NEW
NC-S-1778,Aaron,Reed,+13362469619,aaron.reed@gmail.com,,1166 Innovation Blvd,Greensboro,North Carolina,NC,17667,Seller,High Equity,Divorce Settlement Required,386502,101458,70,B,Nationwide Lead Gen,NEW
NC-S-1815,Ryan,Gutierrez,+19197252612,ryan.gutierrez@aol.com,,6663 Commerce Ln,Raleigh,North Carolina,NC,68215,Seller,Absentee Owner,Tired Landlord - Ready to Exit,224752,328996,70,B,Nationwide Lead Gen,NEW
NC-B-1828,Shirley,Gutierrez,+17045049401,shirley.gutierrez@yahoo.com,,,Charlotte,North Carolina,NC,,Buyer,,Wholesaler,0,0,70,B,Nationwide Lead Gen,NEW
NC-B-1843,Gregory,Rodriguez,+19199127390,gregory.rodriguez@gmail.com,,,Durham,North Carolina,NC,,Buyer,,REIT,0,0,70,B,Nationwide Lead Gen,NEW
OH-S-1914,Donna,Hill,+13305603504,donna.hill@yahoo.com,,6789 Oak Ct,Akron,Ohio,OH,91243,Seller,Vacant Property,Job Relocation - Must Sell Fast,238918,235456,70,B,Nationwide Lead Gen,NEW
OK-S-1975,Michelle,Brooks,+19182807621,michelle.brooks@hotmail.com,,3031 Cedar Pkwy,Broken Arrow,Oklahoma,OK,79292,Seller,Absentee Owner,Property in Probate - Estate Settlement,652376,307185,70,B,Nationwide Lead Gen,NEW
OK-S-1980,Henry,White,+19184639565,henry.white@yahoo.com,,5281 Commerce Ct,Broken Arrow,Oklahoma,OK,96852,Seller,Tax Delinquent,Absentee Owner - Lives Out of State,192926,94572,70,B,Nationwide Lead Gen,NEW
OK-B-2017,Jacob,Reyes,+19184068553,jacob.reyes@gmail.com,,,Broken Arrow,Oklahoma,OK,,Buyer,,Fix & Flip,0,0,70,B,Nationwide Lead Gen,NEW
OR-B-2078,Elena,Rogers,+19716309952,elena.rogers@gmail.com,,,Portland,Oregon,OR,,Buyer,,Investor,0,0,70,B,Nationwide Lead Gen,NEW
OR-B-2091,Carolyn,Johnson,+15418548017,carolyn.johnson@outlook.com,,,Eugene,Oregon,OR,,Buyer,,Cash Buyer,0,0,70,B,Nationwide Lead Gen,NEW
PA-B-2155,Rosa,Reyes,+18143531732,rosa.reyes@yahoo.com,Rosa Realty,,Erie,Pennsylvania,PA,,Buyer,,Developer,0,0,70,B,Nationwide Lead Gen,NEW
PA-B-2175,Irene,Morris,+16106791644,irene.morris@outlook.com,Irene Properties,,Allentown,Pennsylvania,PA,,Buyer,,Buy and Hold,0,0,70,B,Nationwide Lead Gen,NEW
RI-S-2178,Melissa,Cook,+14015163343,melissa.cook@yahoo.com,,2576 Industrial Blvd,Providence,Rhode Island,RI,2995,Seller,Bankruptcy,Absentee Owner - Lives Out of State,471877,165698,70,B,Nationwide Lead Gen,NEW
RI-S-2191,Catherine,Harris,+14014464675,catherine.harris@aol.com,,3433 Garden Ln,Providence,Rhode Island,RI,2996,Seller,High Equity,Behind on Mortgage Payments,856023,377466,70,B,Nationwide Lead Gen,NEW
SC-S-2215,Henry,Bennett,+18646755730,henry.bennett@gmail.com,,4165 Cedar Pkwy,Greenville,South Carolina,SC,79550,Seller,Absentee Owner,Behind on Mortgage Payments,890750,364442,70,B,Nationwide Lead Gen,NEW
TN-B-2366,Donald,Mendoza,+16158555259,donald.mendoza@gmail.com,Donald Acquisitions,,Nashville,Tennessee,TN,,Buyer,,Property Manager,0,0,70,B,Nationwide Lead Gen,NEW
TX-B-2448,Elena,Sanders,+14699733832,elena.sanders@yahoo.com,Elena Capital,,Dallas,Texas,TX,,Buyer,,Cash Buyer,0,0,70,B,Nationwide Lead Gen,NEW
UT-S-2474,Kathleen,Peterson,+18019746763,kathleen.peterson@aol.com,,6114 River Pkwy,Ogden,Utah,UT,20262,Seller,Absentee Owner,Tax Lien & Pre-Foreclosure Opportunity,818441,164792,70,B,Nationwide Lead Gen,NEW
VT-S-2538,Lisa,Foster,+18023486211,lisa.foster@hotmail.com,,1421 Oak Pkwy,Burlington,Vermont,VT,5488,Seller,Eviction,Avoiding Foreclosure Auction,228369,112963,70,B,Nationwide Lead Gen,NEW
VA-S-2570,Margaret,Diaz,+17576026226,margaret.diaz@outlook.com,,2406 Meadow Pkwy,Norfolk,Virginia,VA,82251,Seller,Condemned,Behind on Mortgage Payments,863601,226518,70,B,Nationwide Lead Gen,NEW
VA-B-2621,Douglas,Roberts,+18048603694,douglas.roberts@yahoo.com,Douglas Properties,,Richmond,Virginia,VA,,Buyer,,Wholesaler,0,0,70,B,Nationwide Lead Gen,NEW
VA-B-2638,Larry,Martinez,+18044983114,larry.martinez@outlook.com,Larry Home Buyers,,Richmond,Virginia,VA,,Buyer,,Wholesaler,0,0,70,B,Nationwide Lead Gen,NEW
WY-B-2846,Betty,Myers,+13074534661,betty.myers@yahoo.com,Betty Investments,,Laramie,Wyoming,WY,,Buyer,,REIT,0,0,70,B,Nationwide Lead Gen,NEW
AL-B-0052,Zachary,Lee,+16593334989,zachary.lee@gmail.com,,,Birmingham,Alabama,AL,,Buyer,,Developer,0,0,69,C,Nationwide Lead Gen,NEW
AL-B-0053,Larry,Robinson,+13345838807,larry.robinson@gmail.com,Larry Home Buyers,,Montgomery,Alabama,AL,,Buyer,,Fix & Flip,0,0,69,C,Nationwide Lead Gen,NEW
AK-S-0089,Steven,King,+19076514951,steven.king@gmail.com,,2543 Hickory Rd,Anchorage,Alaska,AK,99541,Seller,Pre-Foreclosure,Tired Landlord - Ready to Exit,523001,88225,69,C,Nationwide Lead Gen,NEW
AZ-S-0118,Timothy,Hughes,+14807803919,timothy.hughes@aol.com,,4409 Meadow Dr,Phoenix,Arizona,AZ,85021,Seller,Bankruptcy,Job Relocation - Must Sell Fast,835650,196200,69,C,Nationwide Lead Gen,NEW
AR-S-0186,David,Williams,+14792803033,david.williams@hotmail.com,,5928 Vista Rd,Fayetteville,Arkansas,AR,19007,Seller,Lien,Out-of-State Absentee Landlord,907072,69259,69,C,Nationwide Lead Gen,NEW
CA-S-0250,Frank,Reyes,+12132233995,frank.reyes@yahoo.com,,365 Madison Rd,Los Angeles,California,CA,90048,Seller,Absentee Owner,Divorce Settlement Required,180430,128069,69,C,Nationwide Lead Gen,NEW
CT-S-0382,Jerry,Edwards,+12039034300,jerry.edwards@yahoo.com,,8453 Hill Blvd,Stamford,Connecticut,CT,83187,Seller,Tax Delinquent,Property in Probate - Estate Settlement,527745,205942,69,C,Nationwide Lead Gen,NEW
DE-S-0439,Jerry,King,+13022621485,jerry.king@hotmail.com,,8800 Birch Rd,Dover,Delaware,DE,14170,Seller,Fire Damage,Tax Lien & Pre-Foreclosure Opportunity,414214,87151,69,C,Nationwide Lead Gen,NEW
DE-S-0453,Mary,Morris,+13028044481,mary.morris@yahoo.com,,7517 Sunset Way,Wilmington,Delaware,DE,19865,Seller,Bankruptcy,Avoiding Foreclosure Auction,675267,268922,69,C,Nationwide Lead Gen,NEW
FL-S-0501,Brandon,Rodriguez,+18502396277,brandon.rodriguez@gmail.com,,5111 Enterprise Blvd,Tallahassee,Florida,FL,68734,Seller,Lien,Behind on Mortgage Payments,769324,357640,69,C,Nationwide Lead Gen,NEW
HI-S-0634,Joshua,Taylor,+18082525665,joshua.taylor@yahoo.com,,1873 Elm Ln,Honolulu,Hawaii,HI,96855,Seller,Judgment,Distressed Property - Code Violations,703019,323347,69,C,Nationwide Lead Gen,NEW
HI-B-0641,Joshua,Cook,+18082096668,joshua.cook@yahoo.com,Joshua Investments,,Hilo,Hawaii,HI,,Buyer,,Cash Buyer,0,0,69,C,Nationwide Lead Gen,NEW
ID-S-0657,Brian,Thompson,+12083694762,brian.thompson@yahoo.com,,2472 Hickory Ct,Nampa,Idaho,ID,14913,Seller,Utility Shutoff,Avoiding Foreclosure Auction,621968,142106,69,C,Nationwide Lead Gen,NEW
IL-S-0697,Christopher,Stewart,+13318012712,christopher.stewart@outlook.com,,5283 Ridge Way,Naperville,Illinois,IL,40806,Seller,Judgment,Vacant Property - High Equity,503761,270377,69,C,Nationwide Lead Gen,NEW
IL-B-0730,Peter,Lewis,+12179322765,peter.lewis@yahoo.com,,,Springfield,Illinois,IL,,Buyer,,Investor,0,0,69,C,Nationwide Lead Gen,NEW
IL-B-0748,Douglas,Cook,+13314316247,douglas.cook@gmail.com,Douglas Acquisitions,,Naperville,Illinois,IL,,Buyer,,Buy and Hold,0,0,69,C,Nationwide Lead Gen,NEW
IN-S-0776,Dorothy,Ramos,+18123648534,dorothy.ramos@aol.com,,1085 Highland Pl,Evansville,Indiana,IN,43778,Seller,Code Violation,Tired Landlord - Ready to Exit,211214,198153,69,C,Nationwide Lead Gen,NEW
IN-B-0817,Carolyn,Gomez,+14639778078,carolyn.gomez@gmail.com,,,Indianapolis,Indiana,IN,,Buyer,,Property Manager,0,0,69,C,Nationwide Lead Gen,NEW
IA-S-0833,Adam,Watson,+15635364172,adam.watson@hotmail.com,,2333 Lake Dr,Davenport,Iowa,IA,64102,Seller,Code Violation,Avoiding Foreclosure Auction,190730,392977,69,C,Nationwide Lead Gen,NEW
IA-S-0834,Yolanda,Davis,+15158408353,yolanda.davis@aol.com,,4814 Enterprise St,Des Moines,Iowa,IA,50322,Seller,Pre-Foreclosure,Property in Probate - Estate Settlement,652241,293143,69,C,Nationwide Lead Gen,NEW
KY-S-0901,Stephen,Anderson,+15022394869,stephen.anderson@hotmail.com,,5371 Vista Ln,Louisville,Kentucky,KY,40276,Seller,Pre-Foreclosure,Inherited Family Estate (Probate),383356,93877,69,C,Nationwide Lead Gen,NEW
KY-S-0925,Scott,Scott,+18597147141,scott.scott@yahoo.com,,8861 Park Ct,Lexington,Kentucky,KY,52180,Seller,Probate,Divorce Settlement Required,904354,213706,69,C,Nationwide Lead Gen,NEW
KY-B-0942,Anna,Wood,+18596889771,anna.wood@yahoo.com,,,Lexington,Kentucky,KY,,Buyer,,Fix & Flip,0,0,69,C,Nationwide Lead Gen,NEW
LA-S-0963,Alexander,Ross,+13373221440,alexander.ross@hotmail.com,,2715 Birch Ave,Lafayette,Louisiana,LA,32489,Seller,Vacant Property,Property Needs Major Repairs,556214,320783,69,C,Nationwide Lead Gen,NEW
LA-S-0991,Carol,Adams,+12256539339,carol.adams@outlook.com,,8902 Sunrise Pl,Baton Rouge,Louisiana,LA,72669,Seller,Probate,Divorce Settlement Required,608126,64186,69,C,Nationwide Lead Gen,NEW
LA-S-1003,George,Wood,+15046786259,george.wood@aol.com,,2926 Peak Rd,New Orleans,Louisiana,LA,70117,Seller,Lien,Avoiding Foreclosure Auction,773532,242542,69,C,Nationwide Lead Gen,NEW
LA-B-1018,Gregory,Jimenez,+15049019845,gregory.jimenez@outlook.com,Gregory Solutions,,New Orleans,Louisiana,LA,,Buyer,,REIT,0,0,69,C,Nationwide Lead Gen,NEW
LA-B-1023,Brenda,Foster,+15042674397,brenda.foster@outlook.com,Brenda Properties,,New Orleans,Louisiana,LA,,Buyer,,Property Manager,0,0,69,C,Nationwide Lead Gen,NEW
MD-S-1066,Nathan,Taylor,+14438942264,nathan.taylor@hotmail.com,,8248 Enterprise Ln,Baltimore,Maryland,MD,21273,Seller,Tax Delinquent,Inherited Property - Not Interested,628500,208709,69,C,Nationwide Lead Gen,NEW
MD-S-1083,Ryan,Green,+12403658534,ryan.green@yahoo.com,,7377 River Way,Rockville,Maryland,MD,89284,Seller,Eviction,Divorce Settlement Required,897039,117644,69,C,Nationwide Lead Gen,NEW
MD-S-1109,Edward,Cook,+14107314225,edward.cook@aol.com,,8534 Business Ct,Baltimore,Maryland,MD,21203,Seller,Absentee Owner,Behind on Mortgage Payments,333924,217742,69,C,Nationwide Lead Gen,NEW
MA-S-1169,Samantha,Ross,+15083693741,samantha.ross@hotmail.com,,4368 Jefferson Ln,Worcester,Massachusetts,MA,40243,Seller,Lien,Behind on Mortgage Payments,793156,172368,69,C,Nationwide Lead Gen,NEW
MA-S-1179,Jason,Hall,+16174855624,jason.hall@hotmail.com,,2342 Jefferson Pl,Cambridge,Massachusetts,MA,52748,Seller,Lien,Divorce Settlement Required,899224,45236,69,C,Nationwide Lead Gen,NEW
MA-S-1180,Carolyn,Smith,+16172905278,carolyn.smith@gmail.com,,1852 Elm Blvd,Cambridge,Massachusetts,MA,70672,Seller,Fire Damage,Out-of-State Absentee Landlord,254487,101007,69,C,Nationwide Lead Gen,NEW
MI-S-1233,Melissa,Hughes,+13136878796,melissa.hughes@outlook.com,,9634 Jackson Way,Detroit,Michigan,MI,48254,Seller,Vacant Property,Distressed Property - Code Violations,904483,135342,69,C,Nationwide Lead Gen,NEW
MI-S-1234,Justin,Brown,+15175039050,justin.brown@outlook.com,,7686 Elm Way,Lansing,Michigan,MI,69433,Seller,Fire Damage,Behind on Mortgage Payments,140891,100104,69,C,Nationwide Lead Gen,NEW
MI-B-1286,Cynthia,Gomez,+13138387323,cynthia.gomez@yahoo.com,Cynthia Solutions,,Detroit,Michigan,MI,,Buyer,,Wholesaler,0,0,69,C,Nationwide Lead Gen,NEW
MN-S-1297,Carolyn,Castillo,+16516601217,carolyn.castillo@outlook.com,,3101 Walnut Blvd,St. Paul,Minnesota,MN,45887,Seller,Utility Shutoff,Property Needs Major Repairs,860255,122393,69,C,Nationwide Lead Gen,NEW
MN-B-1362,Patricia,Jackson,+12183451331,patricia.jackson@gmail.com,,,Duluth,Minnesota,MN,,Buyer,,Property Manager,0,0,69,C,Nationwide Lead Gen,NEW
MT-S-1482,Patrick,Jackson,+14063078791,patrick.jackson@hotmail.com,,7446 Hill Ave,Great Falls,Montana,MT,10546,Seller,Utility Shutoff,Behind on Mortgage Payments,461908,219676,69,C,Nationwide Lead Gen,NEW
NJ-S-1593,Kimberly,Hill,+19736473805,kimberly.hill@outlook.com,,1710 Technology Blvd,Newark,New Jersey,NJ,7132,Seller,Utility Shutoff,Tax Lien & Pre-Foreclosure Opportunity,627174,233466,69,C,Nationwide Lead Gen,NEW
NJ-S-1594,Jennifer,Bailey,+19083846613,jennifer.bailey@yahoo.com,,2102 Washington Ln,Elizabeth,New Jersey,NJ,72001,Seller,Vacant Property,Absentee Owner - Lives Out of State,790372,136374,69,C,Nationwide Lead Gen,NEW
NJ-S-1633,Melissa,Ward,+19732786198,melissa.ward@aol.com,,392 Washington Ct,Paterson,New Jersey,NJ,60031,Seller,High Equity,Tired Landlord - Ready to Exit,610612,396440,69,C,Nationwide Lead Gen,NEW
NJ-B-1663,Laura,Flores,+19737972032,laura.flores@outlook.com,,,Paterson,New Jersey,NJ,,Buyer,,Buy and Hold,0,0,69,C,Nationwide Lead Gen,NEW
NY-S-1712,Harold,James,+16464026886,harold.james@hotmail.com,,5336 Sunrise Way,New York City,New York,NY,10062,Seller,Bankruptcy,Inherited Family Estate (Probate),326762,375561,69,C,Nationwide Lead Gen,NEW
NY-S-1723,Shirley,Moore,+15855634184,shirley.moore@gmail.com,,3986 Meadow Way,Rochester,New York,NY,68900,Seller,Utility Shutoff,Inherited Family Estate (Probate),566783,278258,69,C,Nationwide Lead Gen,NEW
NY-B-1763,Maria,Ramos,+13157508921,maria.ramos@gmail.com,Maria Investments,,Syracuse,New York,NY,,Buyer,,Investor,0,0,69,C,Nationwide Lead Gen,NEW
NC-B-1829,Benjamin,Ward,+19802459293,benjamin.ward@gmail.com,Benjamin Holdings,,Charlotte,North Carolina,NC,,Buyer,,Property Manager,0,0,69,C,Nationwide Lead Gen,NEW
NC-B-1837,Andrew,Young,+19192989063,andrew.young@outlook.com,Andrew Solutions,,Raleigh,North Carolina,NC,,Buyer,,Wholesaler,0,0,69,C,Nationwide Lead Gen,NEW
NC-B-1844,Sharon,Phillips,+19197032160,sharon.phillips@outlook.com,Sharon Holdings,,Raleigh,North Carolina,NC,,Buyer,,Cash Buyer,0,0,69,C,Nationwide Lead Gen,NEW
ND-S-1862,George,Young,+17017882119,george.young@aol.com,,321 Creek Ct,Bismarck,North Dakota,ND,97187,Seller,Judgment,Financial Hardship - Needs Cash,404139,94539,69,C,Nationwide Lead Gen,NEW
OH-B-1934,Christine,Flores,+13807819557,christine.flores@yahoo.com,Christine Acquisitions,,Columbus,Ohio,OH,,Buyer,,Wholesaler,0,0,69,C,Nationwide Lead Gen,NEW
OK-S-1983,Daniel,Allen,+19187596828,daniel.allen@gmail.com,,1778 Jackson Way,Broken Arrow,Oklahoma,OK,28681,Seller,Lien,Avoiding Foreclosure Auction,780984,136981,69,C,Nationwide Lead Gen,NEW
OK-S-1993,Eric,Cooper,+14055892247,eric.cooper@gmail.com,,1881 Valley Blvd,Norman,Oklahoma,OK,15896,Seller,Lien,Financial Hardship - Needs Cash,832638,155336,69,C,Nationwide Lead Gen,NEW
OK-B-2019,Eric,Sanchez,+19185089968,eric.sanchez@gmail.com,,,Broken Arrow,Oklahoma,OK,,Buyer,,Cash Buyer,0,0,69,C,Nationwide Lead Gen,NEW
OR-S-2037,Ryan,Patel,+15037696877,ryan.patel@aol.com,,5494 Valley Pkwy,Salem,Oregon,OR,40538,Seller,Condemned,Tax Lien & Pre-Foreclosure Opportunity,704368,364641,69,C,Nationwide Lead Gen,NEW
OR-B-2089,Frank,Anderson,+15037245591,frank.anderson@yahoo.com,Frank Properties,,Portland,Oregon,OR,,Buyer,,REIT,0,0,69,C,Nationwide Lead Gen,NEW
SC-B-2275,Zachary,Moore,+18433071141,zachary.moore@gmail.com,Zachary Holdings,,Charleston,South Carolina,SC,,Buyer,,Investor,0,0,69,C,Nationwide Lead Gen,NEW
TN-S-2315,Kevin,Martin,+19012809860,kevin.martin@aol.com,,9236 Enterprise Pkwy,Memphis,Tennessee,TN,36590,Seller,Code Violation,Inherited Family Estate (Probate),204958,319086,69,C,Nationwide Lead Gen,NEW
TN-S-2337,Anna,Flores,+18652143033,anna.flores@aol.com,,415 Canyon Ave,Knoxville,Tennessee,TN,75360,Seller,Eviction,Avoiding Foreclosure Auction,204566,229097,69,C,Nationwide Lead Gen,NEW
TX-B-2456,Stephanie,Sanchez,+17139968888,stephanie.sanchez@outlook.com,Stephanie Solutions,,Houston,Texas,TX,,Buyer,,REIT,0,0,69,C,Nationwide Lead Gen,NEW
UT-S-2495,Ronald,Phillips,+18012831683,ronald.phillips@hotmail.com,,5974 Forest St,Salt Lake City,Utah,UT,84189,Seller,Fire Damage,Job Relocation - Must Sell Fast,356470,320731,69,C,Nationwide Lead Gen,NEW
UT-S-2501,Edward,White,+18014924733,edward.white@outlook.com,,5480 Jefferson Ave,Provo,Utah,UT,94429,Seller,Pre-Foreclosure,Avoiding Foreclosure Auction,410664,399286,69,C,Nationwide Lead Gen,NEW
VT-S-2553,Carol,Myers,+18023452774,carol.myers@yahoo.com,,3545 Business Way,Rutland,Vermont,VT,81467,Seller,High Equity,Vacant Property - High Equity,769480,380884,69,C,Nationwide Lead Gen,NEW
VA-S-2596,John,Stewart,+17575802187,john.stewart@gmail.com,,878 Madison Rd,Virginia Beach,Virginia,VA,23496,Seller,Fire Damage,Vacant Property - High Equity,341521,242755,69,C,Nationwide Lead Gen,NEW
WA-B-2692,Daniel,Castillo,+12532891951,daniel.castillo@gmail.com,,,Tacoma,Washington,WA,,Buyer,,REIT,0,0,69,C,Nationwide Lead Gen,NEW
WV-B-2741,Nathan,Ruiz,+13046055105,nathan.ruiz@outlook.com,Nathan Capital,,Huntington,West Virginia,WV,,Buyer,,Property Manager,0,0,69,C,Nationwide Lead Gen,NEW
WI-S-2775,Barbara,Ruiz,+14145386837,barbara.ruiz@gmail.com,,9343 Jackson St,Milwaukee,Wisconsin,WI,53289,Seller,Eviction,Property Needs Major Repairs,839819,294899,69,C,Nationwide Lead Gen,NEW
WI-S-2791,George,Edwards,+12624525617,george.edwards@hotmail.com,,8967 Sunrise Ln,Kenosha,Wisconsin,WI,13466,Seller,Eviction,Vacant Property - High Equity,753094,339581,69,C,Nationwide Lead Gen,NEW
WI-B-2808,Anna,Cox,+14147864286,anna.cox@outlook.com,Anna Properties,,Milwaukee,Wisconsin,WI,,Buyer,,Property Manager,0,0,69,C,Nationwide Lead Gen,NEW
AL-S-0049,Helen,Baker,+12514338036,helen.baker@gmail.com,,2414 Summit Pkwy,Mobile,Alabama,AL,39649,Seller,Lien,Tax Lien & Pre-Foreclosure Opportunity,793005,129231,68,C,Nationwide Lead Gen,NEW
AL-B-0067,Donald,Lopez,+12052169988,donald.lopez@yahoo.com,Donald Solutions,,Birmingham,Alabama,AL,,Buyer,,REIT,0,0,68,C,Nationwide Lead Gen,NEW
AZ-S-0132,Jacob,Bailey,+15204177929,jacob.bailey@hotmail.com,,9072 Ridge Ln,Tucson,Arizona,AZ,85797,Seller,Eviction,Tired Landlord - Ready to Exit,472204,340466,68,C,Nationwide Lead Gen,NEW
AR-S-0185,Jeffrey,Johnson,+15014813674,jeffrey.johnson@aol.com,,151 Birch Dr,Little Rock,Arkansas,AR,72224,Seller,Judgment,Out-of-State Absentee Landlord,386489,171093,68,C,Nationwide Lead Gen,NEW
CA-S-0222,Debra,Jones,+16288718233,debra.jones@outlook.com,,6102 Pine Rd,San Francisco,California,CA,24261,Seller,Eviction,Avoiding Foreclosure Auction,602177,355102,68,C,Nationwide Lead Gen,NEW
CA-S-0248,Jerry,Scott,+18187678125,jerry.scott@aol.com,,7360 Hickory Rd,Los Angeles,California,CA,90016,Seller,Utility Shutoff,Tired Landlord - Ready to Exit,202082,275860,68,C,Nationwide Lead Gen,NEW
CO-S-0309,Stephen,Morris,+13038653284,stephen.morris@gmail.com,,7985 Adams Way,Denver,Colorado,CO,80231,Seller,Eviction,Vacant Property - High Equity,938005,277969,68,C,Nationwide Lead Gen,NEW
CO-S-0325,Heather,Sanchez,+17196562227,heather.sanchez@aol.com,,7911 Oak Rd,Colorado Springs,Colorado,CO,72531,Seller,Bankruptcy,Tired Landlord - Ready to Exit,759293,387166,68,C,Nationwide Lead Gen,NEW
CT-S-0365,Kevin,Brooks,+14758211180,kevin.brooks@gmail.com,,6383 River Ln,New Haven,Connecticut,CT,85849,Seller,Tax Delinquent,Property Needs Major Repairs,576689,238211,68,C,Nationwide Lead Gen,NEW
CT-S-0369,Katherine,Martinez,+12036413954,katherine.martinez@hotmail.com,,7812 Highland Ln,Bridgeport,Connecticut,CT,25210,Seller,Pre-Foreclosure,Inherited Property - Not Interested,357998,255908,68,C,Nationwide Lead Gen,NEW
CT-S-0377,Samuel,Evans,+12038868692,samuel.evans@yahoo.com,,6830 Jackson Pkwy,Stamford,Connecticut,CT,59329,Seller,Fire Damage,Avoiding Foreclosure Auction,584524,301326,68,C,Nationwide Lead Gen,NEW
CT-S-0408,Edward,Wilson,+18606652459,edward.wilson@aol.com,,2665 Cedar Pkwy,Hartford,Connecticut,CT,6199,Seller,Code Violation,Absentee Owner - Lives Out of State,584282,191484,68,C,Nationwide Lead Gen,NEW
CT-S-0410,Kathleen,Mitchell,+14752072168,kathleen.mitchell@outlook.com,,3575 Meadow Rd,Bridgeport,Connecticut,CT,58564,Seller,Judgment,Inherited Property - Not Interested,257022,232757,68,C,Nationwide Lead Gen,NEW
CT-B-0412,Angela,Bailey,+12038356714,angela.bailey@gmail.com,Angela Capital,,Stamford,Connecticut,CT,,Buyer,,Investor,0,0,68,C,Nationwide Lead Gen,NEW
DE-S-0438,Shirley,Phillips,+13022377673,shirley.phillips@outlook.com,,2567 Walnut Blvd,Newark,Delaware,DE,24846,Seller,High Equity,Divorce Settlement Required,289122,159873,68,C,Nationwide Lead Gen,NEW
FL-S-0483,Justin,Gutierrez,+14073228180,justin.gutierrez@hotmail.com,,5739 Business Way,Orlando,Florida,FL,32878,Seller,Judgment,Behind on Mortgage Payments,232605,118478,68,C,Nationwide Lead Gen,NEW
FL-S-0489,Raymond,Williams,+17863164364,raymond.williams@outlook.com,,6409 Meadow Pl,Miami,Florida,FL,33162,Seller,Vacant Property,Behind on Mortgage Payments,882398,147571,68,C,Nationwide Lead Gen,NEW
FL-S-0509,Amy,Rivera,+19042346904,amy.rivera@yahoo.com,,8041 Ridge Pkwy,Jacksonville,Florida,FL,58195,Seller,Bankruptcy,Inherited Property - Not Interested,191019,262542,68,C,Nationwide Lead Gen,NEW
FL-B-0517,Heather,Edwards,+17866589739,heather.edwards@gmail.com,Heather Home Buyers,,Miami,Florida,FL,,Buyer,,REIT,0,0,68,C,Nationwide Lead Gen,NEW
FL-B-0528,Douglas,Clark,+13055586247,douglas.clark@outlook.com,,,Miami,Florida,FL,,Buyer,,Wholesaler,0,0,68,C,Nationwide Lead Gen,NEW
GA-S-0541,Thomas,Gonzalez,+19123096731,thomas.gonzalez@outlook.com,,546 Creek Way,Savannah,Georgia,GA,20336,Seller,Probate,Tired Landlord - Ready to Exit,176143,84811,68,C,Nationwide Lead Gen,NEW
GA-S-0542,Kimberly,Flores,+17065139393,kimberly.flores@outlook.com,,5829 Vista St,Columbus,Georgia,GA,34394,Seller,Vacant Property,Inherited Property - Not Interested,811928,287208,68,C,Nationwide Lead Gen,NEW
GA-S-0579,Douglas,Ramos,+17066567629,douglas.ramos@hotmail.com,,801 Oak Blvd,Columbus,Georgia,GA,70720,Seller,Eviction,Tired Landlord - Ready to Exit,437457,182005,68,C,Nationwide Lead Gen,NEW
GA-B-0592,Mary,Thompson,+17066245923,mary.thompson@outlook.com,Mary Solutions,,Columbus,Georgia,GA,,Buyer,,Investor,0,0,68,C,Nationwide Lead Gen,NEW
GA-B-0611,Sylvia,Gonzalez,+17065431633,sylvia.gonzalez@gmail.com,Sylvia Realty,,Augusta,Georgia,GA,,Buyer,,Developer,0,0,68,C,Nationwide Lead Gen,NEW
IL-S-0679,Jason,Allen,+13316099733,jason.allen@yahoo.com,,2644 Sunrise Ln,Naperville,Illinois,IL,64529,Seller,Condemned,Absentee Owner - Lives Out of State,724947,398280,68,C,Nationwide Lead Gen,NEW
IL-S-0700,Brenda,White,+16302533265,brenda.white@aol.com,,2474 Chestnut Rd,Aurora,Illinois,IL,43601,Seller,Vacant Property,Vacant Property - High Equity,333917,138627,68,C,Nationwide Lead Gen,NEW
IN-S-0777,Linda,Anderson,+15743433500,linda.anderson@gmail.com,,5252 Business Blvd,South Bend,Indiana,IN,93701,Seller,Pre-Foreclosure,Inherited Property - Not Interested,490953,299577,68,C,Nationwide Lead Gen,NEW
IN-B-0804,Sarah,Hernandez,+15745676385,sarah.hernandez@outlook.com,,,South Bend,Indiana,IN,,Buyer,,Wholesaler,0,0,68,C,Nationwide Lead Gen,NEW
IN-B-0825,Larry,Hernandez,+12607502775,larry.hernandez@yahoo.com,,,Fort Wayne,Indiana,IN,,Buyer,,REIT,0,0,68,C,Nationwide Lead Gen,NEW
KY-S-0907,Brian,Kelly,+15027361169,brian.kelly@yahoo.com,,3592 Garden Pkwy,Louisville,Kentucky,KY,40288,Seller,Pre-Foreclosure,Property Needs Major Repairs,283239,211830,68,C,Nationwide Lead Gen,NEW
KY-S-0910,Ruth,Rodriguez,+18593229704,ruth.rodriguez@hotmail.com,,1271 Summit Dr,Lexington,Kentucky,KY,63979,Seller,Tax Delinquent,Out-of-State Absentee Landlord,916701,139955,68,C,Nationwide Lead Gen,NEW
KY-B-0947,Brenda,Green,+18598056742,brenda.green@outlook.com,Brenda Home Buyers,,Lexington,Kentucky,KY,,Buyer,,Buy and Hold,0,0,68,C,Nationwide Lead Gen,NEW
KY-B-0956,Judy,Wright,+18594508652,judy.wright@yahoo.com,,,Lexington,Kentucky,KY,,Buyer,,Buy and Hold,0,0,68,C,Nationwide Lead Gen,NEW
LA-S-0971,Nicole,Smith,+15048602679,nicole.smith@hotmail.com,,8868 Birch Rd,New Orleans,Louisiana,LA,70147,Seller,Tax Delinquent,Divorce Settlement Required,248363,268120,68,C,Nationwide Lead Gen,NEW
LA-S-0975,Emma,Wright,+13186196161,emma.wright@aol.com,,7212 Forest St,Shreveport,Louisiana,LA,83014,Seller,Lien,Absentee Owner - Lives Out of State,187672,106264,68,C,Nationwide Lead Gen,NEW
LA-B-1024,Sandra,Murphy,+13186312264,sandra.murphy@outlook.com,Sandra Realty,,Shreveport,Louisiana,LA,,Buyer,,Fix & Flip,0,0,68,C,Nationwide Lead Gen,NEW
MA-S-1143,Michelle,Chavez,+16176118109,michelle.chavez@outlook.com,,9187 Meadow Ct,Boston,Massachusetts,MA,2118,Seller,Code Violation,Tax Lien & Pre-Foreclosure Opportunity,140135,333152,68,C,Nationwide Lead Gen,NEW
MA-S-1150,Peter,Campbell,+16178636660,peter.campbell@aol.com,,4609 Chestnut Way,Boston,Massachusetts,MA,2109,Seller,Utility Shutoff,Absentee Owner - Lives Out of State,495282,40614,68,C,Nationwide Lead Gen,NEW
MA-S-1181,Mary,Wood,+17744362282,mary.wood@yahoo.com,,6479 Main Dr,Worcester,Massachusetts,MA,75006,Seller,Eviction,Property Needs Major Repairs,477424,128207,68,C,Nationwide Lead Gen,NEW
MA-S-1185,Brian,Ramirez,+18578135675,brian.ramirez@gmail.com,,9802 Highland St,Boston,Massachusetts,MA,2149,Seller,Lien,Job Relocation - Must Sell Fast,330022,81077,68,C,Nationwide Lead Gen,NEW
MA-B-1195,Adam,Garcia,+15087641149,adam.garcia@yahoo.com,Adam Realty,,Worcester,Massachusetts,MA,,Buyer,,REIT,0,0,68,C,Nationwide Lead Gen,NEW
MI-S-1224,Richard,Long,+13136276596,richard.long@hotmail.com,,4677 Sunrise St,Detroit,Michigan,MI,48269,Seller,Absentee Owner,Job Relocation - Must Sell Fast,477303,378941,68,C,Nationwide Lead Gen,NEW
MI-B-1270,Janet,Morales,+15174262724,janet.morales@outlook.com,Janet Capital,,Lansing,Michigan,MI,,Buyer,,Investor,0,0,68,C,Nationwide Lead Gen,NEW
MI-B-1279,Linda,White,+15174339530,linda.white@yahoo.com,,,Lansing,Michigan,MI,,Buyer,,Investor,0,0,68,C,Nationwide Lead Gen,NEW
MN-S-1294,Joseph,Parker,+12188593775,joseph.parker@aol.com,,8413 River Ln,Duluth,Minnesota,MN,29931,Seller,Code Violation,Divorce Settlement Required,216388,216063,68,C,Nationwide Lead Gen,NEW
MN-S-1303,Timothy,Foster,+15076702446,timothy.foster@yahoo.com,,502 Valley Pkwy,Rochester,Minnesota,MN,12730,Seller,Pre-Foreclosure,Job Relocation - Must Sell Fast,916824,242839,68,C,Nationwide Lead Gen,NEW
MO-S-1425,Karen,Sanchez,+14179507161,karen.sanchez@hotmail.com,,1370 Forest Pl,Springfield,Missouri,MO,34763,Seller,Utility Shutoff,Out-of-State Absentee Landlord,745982,356519,68,C,Nationwide Lead Gen,NEW
MO-B-1463,George,Gray,+14179943301,george.gray@outlook.com,George Acquisitions,,Springfield,Missouri,MO,,Buyer,,Developer,0,0,68,C,Nationwide Lead Gen,NEW
MT-S-1489,Cynthia,Phillips,+14062849637,cynthia.phillips@yahoo.com,,7182 Sunrise St,Great Falls,Montana,MT,23621,Seller,Condemned,Behind on Mortgage Payments,255635,158731,68,C,Nationwide Lead Gen,NEW
NE-S-1514,Maria,Gonzalez,+14028048900,maria.gonzalez@hotmail.com,,490 Oak Pkwy,Lincoln,Nebraska,NE,68945,Seller,Tax Delinquent,Vacant Property - High Equity,930952,317390,68,C,Nationwide Lead Gen,NEW
NJ-B-1664,Emily,Roberts,+19737924360,emily.roberts@gmail.com,Emily Capital,,Newark,New Jersey,NJ,,Buyer,,Buy and Hold,0,0,68,C,Nationwide Lead Gen,NEW
NY-S-1728,Catherine,Kim,+15859505849,catherine.kim@gmail.com,,7779 Adams Ct,Rochester,New York,NY,64548,Seller,Utility Shutoff,Absentee Owner - Lives Out of State,417940,375731,68,C,Nationwide Lead Gen,NEW
NC-S-1798,Kathleen,Cooper,+19804263956,kathleen.cooper@outlook.com,,7747 Garden St,Charlotte,North Carolina,NC,28233,Seller,Fire Damage,Distressed Property - Code Violations,518023,127481,68,C,Nationwide Lead Gen,NEW
NC-S-1816,Dorothy,Cooper,+13364847473,dorothy.cooper@aol.com,,4803 Oak Pkwy,Greensboro,North Carolina,NC,92698,Seller,Judgment,Inherited Family Estate (Probate),852294,135141,68,C,Nationwide Lead Gen,NEW
ND-S-1860,Gary,Patel,+17015995384,gary.patel@aol.com,,9878 Industrial Dr,Grand Forks,North Dakota,ND,28080,Seller,Probate,Distressed Property - Code Violations,947414,255350,68,C,Nationwide Lead Gen,NEW
ND-B-1866,Brandon,Murphy,+17014322976,brandon.murphy@yahoo.com,Brandon Investments,,Grand Forks,North Dakota,ND,,Buyer,,Investor,0,0,68,C,Nationwide Lead Gen,NEW
OH-S-1918,Anna,Chavez,+12163724473,anna.chavez@aol.com,,290 Canyon Ave,Cleveland,Ohio,OH,48028,Seller,Condemned,Job Relocation - Must Sell Fast,357210,368549,68,C,Nationwide Lead Gen,NEW
OK-S-1966,Andrew,Ross,+14059121108,andrew.ross@hotmail.com,,8395 Creek Ln,Oklahoma City,Oklahoma,OK,73164,Seller,Absentee Owner,Inherited Property - Not Interested,708754,167273,68,C,Nationwide Lead Gen,NEW
OK-S-1979,Carmen,Roberts,+19182982466,carmen.roberts@hotmail.com,,7517 Pine Ave,Tulsa,Oklahoma,OK,13002,Seller,Probate,Out-of-State Absentee Landlord,282299,202333,68,C,Nationwide Lead Gen,NEW
OR-S-2074,Sylvia,Ortiz,+15417479606,sylvia.ortiz@gmail.com,,9714 Elm Dr,Eugene,Oregon,OR,53222,Seller,Bankruptcy,Financial Hardship - Needs Cash,188631,114597,68,C,Nationwide Lead Gen,NEW
OR-B-2081,Katherine,Sanders,+15035939630,katherine.sanders@gmail.com,,,Salem,Oregon,OR,,Buyer,,Property Manager,0,0,68,C,Nationwide Lead Gen,NEW
OR-B-2097,Ryan,Price,+15415448289,ryan.price@outlook.com,Ryan Properties,,Bend,Oregon,OR,,Buyer,,Cash Buyer,0,0,68,C,Nationwide Lead Gen,NEW
PA-S-2109,Michelle,Wright,+12159176759,michelle.wright@gmail.com,,771 Birch St,Philadelphia,Pennsylvania,PA,19102,Seller,Vacant Property,Job Relocation - Must Sell Fast,171185,56399,68,C,Nationwide Lead Gen,NEW
PA-S-2121,Daniel,Carter,+18787043474,daniel.carter@aol.com,,9398 Hickory Blvd,Pittsburgh,Pennsylvania,PA,65275,Seller,Utility Shutoff,Financial Hardship - Needs Cash,441222,204503,68,C,Nationwide Lead Gen,NEW
PA-S-2143,Nancy,Long,+14128478709,nancy.long@hotmail.com,,1764 Lake Ln,Pittsburgh,Pennsylvania,PA,95637,Seller,Utility Shutoff,Avoiding Foreclosure Auction,374070,254424,68,C,Nationwide Lead Gen,NEW
PA-B-2168,Jerry,Ruiz,+18143423060,jerry.ruiz@yahoo.com,Jerry Properties,,Erie,Pennsylvania,PA,,Buyer,,Fix & Flip,0,0,68,C,Nationwide Lead Gen,NEW
RI-S-2180,Matthew,Williams,+14019373998,matthew.williams@yahoo.com,,6639 Birch Blvd,Warwick,Rhode Island,RI,67332,Seller,Pre-Foreclosure,Behind on Mortgage Payments,593766,319734,68,C,Nationwide Lead Gen,NEW
SC-B-2270,Brandon,King,+18434082060,brandon.king@gmail.com,,,Myrtle Beach,South Carolina,SC,,Buyer,,Fix & Flip,0,0,68,C,Nationwide Lead Gen,NEW
TN-S-2322,Scott,Myers,+18652113471,scott.myers@aol.com,,5537 Birch Way,Knoxville,Tennessee,TN,41337,Seller,Pre-Foreclosure,Property Needs Major Repairs,447450,292240,68,C,Nationwide Lead Gen,NEW
TN-S-2325,Christine,Perez,+18654856400,christine.perez@outlook.com,,8846 Adams Pl,Knoxville,Tennessee,TN,55999,Seller,Tax Delinquent,Inherited Property - Not Interested,919333,210102,68,C,Nationwide Lead Gen,NEW
TN-S-2336,Linda,Cook,+19015814541,linda.cook@gmail.com,,4863 Lake Way,Memphis,Tennessee,TN,20649,Seller,Pre-Foreclosure,Property in Probate - Estate Settlement,220851,263422,68,C,Nationwide Lead Gen,NEW
TN-B-2361,Margaret,Jackson,+19014318552,margaret.jackson@yahoo.com,Margaret Realty,,Memphis,Tennessee,TN,,Buyer,,Developer,0,0,68,C,Nationwide Lead Gen,NEW
UT-S-2473,Charles,Parker,+18019247658,charles.parker@yahoo.com,,879 Lake Dr,Ogden,Utah,UT,92010,Seller,Pre-Foreclosure,Distressed Property - Code Violations,416266,341924,68,C,Nationwide Lead Gen,NEW
UT-S-2478,Larry,Lopez,+18017013070,larry.lopez@aol.com,,6230 Jefferson Pl,Provo,Utah,UT,45128,Seller,Code Violation,Tired Landlord - Ready to Exit,330750,193622,68,C,Nationwide Lead Gen,NEW
UT-S-2484,Susan,Reed,+18012945442,susan.reed@yahoo.com,,8764 Lincoln Pl,West Valley City,Utah,UT,88893,Seller,Probate,Financial Hardship - Needs Cash,779807,314956,68,C,Nationwide Lead Gen,NEW
UT-S-2491,Janet,Moore,+18015664791,janet.moore@yahoo.com,,4607 Monroe Ct,Ogden,Utah,UT,10638,Seller,Lien,Tax Lien & Pre-Foreclosure Opportunity,530237,302792,68,C,Nationwide Lead Gen,NEW
UT-B-2519,Sandra,Garcia,+18017459262,sandra.garcia@yahoo.com,,,West Valley City,Utah,UT,,Buyer,,Buy and Hold,0,0,68,C,Nationwide Lead Gen,NEW
VA-S-2566,Alexander,Roberts,+17037877022,alexander.roberts@hotmail.com,,6724 Canyon Way,Arlington,Virginia,VA,32790,Seller,Bankruptcy,Avoiding Foreclosure Auction,226461,123799,68,C,Nationwide Lead Gen,NEW
VA-S-2597,Andrew,Price,+17572856310,andrew.price@aol.com,,9783 Hickory Rd,Norfolk,Virginia,VA,40059,Seller,Utility Shutoff,Behind on Mortgage Payments,751796,187880,68,C,Nationwide Lead Gen,NEW
WA-S-2650,Benjamin,Hall,+12533123323,benjamin.hall@gmail.com,,4149 Harrison St,Tacoma,Washington,WA,28288,Seller,Code Violation,Property in Probate - Estate Settlement,470533,108851,68,C,Nationwide Lead Gen,NEW
WA-S-2657,Jerry,Watson,+12537975427,jerry.watson@hotmail.com,,6206 Harrison Blvd,Seattle,Washington,WA,98116,Seller,Bankruptcy,Property in Probate - Estate Settlement,712451,130006,68,C,Nationwide Lead Gen,NEW
WA-S-2675,Susan,Ward,+12539608108,susan.ward@yahoo.com,,4250 Summit Rd,Tacoma,Washington,WA,74264,Seller,Utility Shutoff,Property in Probate - Estate Settlement,440034,306131,68,C,Nationwide Lead Gen,NEW
WA-B-2709,Carmen,Jackson,+12532807733,carmen.jackson@yahoo.com,Carmen Properties,,Tacoma,Washington,WA,,Buyer,,Wholesaler,0,0,68,C,Nationwide Lead Gen,NEW
WI-S-2748,George,Bailey,+16086371321,george.bailey@aol.com,,6030 Birch Way,Madison,Wisconsin,WI,74388,Seller,Condemned,Avoiding Foreclosure Auction,489743,280704,68,C,Nationwide Lead Gen,NEW
WI-S-2751,Jerry,Campbell,+14144339212,jerry.campbell@hotmail.com,,8664 Washington Pl,Milwaukee,Wisconsin,WI,53268,Seller,Bankruptcy,Behind on Mortgage Payments,928257,115313,68,C,Nationwide Lead Gen,NEW
WI-S-2777,Douglas,King,+14149167752,douglas.king@gmail.com,,3681 Enterprise Blvd,Milwaukee,Wisconsin,WI,53241,Seller,High Equity,Inherited Family Estate (Probate),185084,328136,68,C,Nationwide Lead Gen,NEW
WI-B-2817,Karen,Wilson,+12625202309,karen.wilson@outlook.com,Karen Solutions,,Kenosha,Wisconsin,WI,,Buyer,,Wholesaler,0,0,68,C,Nationwide Lead Gen,NEW
AL-S-0004,Larry,Robinson,+12515408945,larry.robinson@outlook.com,,7976 Creek Pkwy,Mobile,Alabama,AL,30071,Seller,High Equity,Behind on Mortgage Payments,192871,66658,67,C,Nationwide Lead Gen,NEW
AK-B-0099,Maria,Ramos,+19072644530,maria.ramos@gmail.com,,,Anchorage,Alaska,AK,,Buyer,,REIT,0,0,67,C,Nationwide Lead Gen,NEW
AZ-S-0147,Shirley,Parker,+14802626408,shirley.parker@yahoo.com,,4005 Creek Ct,Chandler,Arizona,AZ,26395,Seller,Absentee Owner,Vacant Property - High Equity,660463,179953,67,C,Nationwide Lead Gen,NEW
AZ-B-0171,Jennifer,Williams,+16024826575,jennifer.williams@outlook.com,Jennifer Properties,,Phoenix,Arizona,AZ,,Buyer,,Cash Buyer,0,0,67,C,Nationwide Lead Gen,NEW
AR-S-0193,Angela,White,+14794925965,angela.white@aol.com,,401 Commerce Ave,Fort Smith,Arkansas,AR,53574,Seller,Judgment,Out-of-State Absentee Landlord,860377,377614,67,C,Nationwide Lead Gen,NEW
AR-S-0197,Alexander,Diaz,+14797355944,alexander.diaz@yahoo.com,,5650 Industrial St,Fort Smith,Arkansas,AR,60310,Seller,Pre-Foreclosure,Property Needs Major Repairs,759335,312240,67,C,Nationwide Lead Gen,NEW
CA-S-0239,David,Garcia,+16694489636,david.garcia@aol.com,,7126 Hill Pkwy,San Jose,California,CA,58185,Seller,Vacant Property,Financial Hardship - Needs Cash,479434,227215,67,C,Nationwide Lead Gen,NEW
CA-S-0257,Nancy,Richardson,+12794032968,nancy.richardson@gmail.com,,3805 Forest Pl,Sacramento,California,CA,48276,Seller,Utility Shutoff,Job Relocation - Must Sell Fast,830851,399245,67,C,Nationwide Lead Gen,NEW
CO-S-0316,Catherine,Ramirez,+17208567017,catherine.ramirez@outlook.com,,5259 Technology Ave,Aurora,Colorado,CO,33641,Seller,Judgment,Divorce Settlement Required,361707,356915,67,C,Nationwide Lead Gen,NEW
FL-S-0495,Laura,Reed,+14072847230,laura.reed@outlook.com,,6326 Creek Ave,Orlando,Florida,FL,32820,Seller,Probate,Out-of-State Absentee Landlord,482770,228686,67,C,Nationwide Lead Gen,NEW
FL-B-0532,Andrew,Price,+19046463964,andrew.price@gmail.com,Andrew Investments,,Jacksonville,Florida,FL,,Buyer,,Buy and Hold,0,0,67,C,Nationwide Lead Gen,NEW
GA-S-0574,Yolanda,Garcia,+17708708109,yolanda.garcia@yahoo.com,,8029 Lincoln Pkwy,Atlanta,Georgia,GA,30382,Seller,Bankruptcy,Property Needs Major Repairs,304724,384566,67,C,Nationwide Lead Gen,NEW
HI-S-0630,Edward,Kelly,+18087058682,edward.kelly@aol.com,,8941 Garden Rd,Kailua,Hawaii,HI,44702,Seller,High Equity,Financial Hardship - Needs Cash,665474,200649,67,C,Nationwide Lead Gen,NEW
HI-B-0636,Sylvia,Ruiz,+18086795039,sylvia.ruiz@yahoo.com,,,Honolulu,Hawaii,HI,,Buyer,,Wholesaler,0,0,67,C,Nationwide Lead Gen,NEW
IL-S-0676,Ryan,Brown,+17732201712,ryan.brown@aol.com,,1810 Lincoln Pkwy,Chicago,Illinois,IL,60610,Seller,Vacant Property,Inherited Family Estate (Probate),297268,188473,67,C,Nationwide Lead Gen,NEW
IL-B-0736,Jack,Wood,+12174161469,jack.wood@gmail.com,,,Springfield,Illinois,IL,,Buyer,,Cash Buyer,0,0,67,C,Nationwide Lead Gen,NEW
IN-S-0756,Mary,Scott,+18122626720,mary.scott@hotmail.com,,1170 Garden Blvd,Evansville,Indiana,IN,17274,Seller,Vacant Property,Vacant Property - High Equity,206567,374143,67,C,Nationwide Lead Gen,NEW
IN-S-0768,Charles,Ortiz,+18126403593,charles.ortiz@yahoo.com,,9449 Harrison Ave,Evansville,Indiana,IN,17666,Seller,Utility Shutoff,Job Relocation - Must Sell Fast,313435,290799,67,C,Nationwide Lead Gen,NEW
IN-S-0780,John,Phillips,+12603456247,john.phillips@aol.com,,8528 Elm Ln,Fort Wayne,Indiana,IN,37890,Seller,Absentee Owner,Property in Probate - Estate Settlement,902133,288350,67,C,Nationwide Lead Gen,NEW
IN-B-0815,Rebecca,Young,+15744996762,rebecca.young@gmail.com,Rebecca Acquisitions,,South Bend,Indiana,IN,,Buyer,,Investor,0,0,67,C,Nationwide Lead Gen,NEW
IN-B-0824,Robert,Martinez,+12602073161,robert.martinez@gmail.com,,,Fort Wayne,Indiana,IN,,Buyer,,Buy and Hold,0,0,67,C,Nationwide Lead Gen,NEW
KS-B-0880,Carol,Peterson,+13162783429,carol.peterson@yahoo.com,,,Wichita,Kansas,KS,,Buyer,,REIT,0,0,67,C,Nationwide Lead Gen,NEW
KY-S-0921,Brian,Hernandez,+12709699394,brian.hernandez@hotmail.com,,1278 Valley Ct,Bowling Green,Kentucky,KY,23442,Seller,Code Violation,Property Needs Major Repairs,651031,57737,67,C,Nationwide Lead Gen,NEW
LA-S-0970,Jerry,Mitchell,+13182588959,jerry.mitchell@hotmail.com,,4641 Spring Pkwy,Shreveport,Louisiana,LA,87714,Seller,Eviction,Vacant Property - High Equity,841264,112487,67,C,Nationwide Lead Gen,NEW
LA-S-0987,Gary,Hughes,+15044519039,gary.hughes@outlook.com,,4295 Spring Pl,New Orleans,Louisiana,LA,70133,Seller,Bankruptcy,Inherited Family Estate (Probate),560004,305815,67,C,Nationwide Lead Gen,NEW
LA-S-0995,Irene,Hill,+13186137615,irene.hill@gmail.com,,3403 Lincoln Pkwy,Shreveport,Louisiana,LA,47590,Seller,High Equity,Financial Hardship - Needs Cash,461739,41606,67,C,Nationwide Lead Gen,NEW
ME-S-1041,Ashley,Diaz,+12073695614,ashley.diaz@hotmail.com,,6218 Meadow Way,Bangor,Maine,ME,77212,Seller,Absentee Owner,Financial Hardship - Needs Cash,772388,151264,67,C,Nationwide Lead Gen,NEW
MD-S-1090,Aaron,Torres,+12405513976,aaron.torres@yahoo.com,,262 Industrial Pkwy,Frederick,Maryland,MD,30027,Seller,Tax Delinquent,Tax Lien & Pre-Foreclosure Opportunity,777388,324395,67,C,Nationwide Lead Gen,NEW
MA-S-1160,Carlos,White,+16179278645,carlos.white@gmail.com,,2599 Harrison Ave,Cambridge,Massachusetts,MA,97493,Seller,Pre-Foreclosure,Divorce Settlement Required,807521,286811,67,C,Nationwide Lead Gen,NEW
MA-S-1162,Lisa,King,+16176137474,lisa.king@hotmail.com,,8747 Chestnut Blvd,Cambridge,Massachusetts,MA,94112,Seller,Eviction,Out-of-State Absentee Landlord,820767,155145,67,C,Nationwide Lead Gen,NEW
MI-S-1217,Carol,Johnson,+15177553631,carol.johnson@yahoo.com,,1362 Vista Dr,Lansing,Michigan,MI,64922,Seller,Absentee Owner,Out-of-State Absentee Landlord,829937,58892,67,C,Nationwide Lead Gen,NEW
MI-S-1235,Nicholas,Ward,+15172558818,nicholas.ward@outlook.com,,6994 Canyon Pl,Lansing,Michigan,MI,98744,Seller,Code Violation,Inherited Property - Not Interested,617921,344470,67,C,Nationwide Lead Gen,NEW
MI-B-1289,Douglas,Chavez,+13138087584,douglas.chavez@yahoo.com,,,Detroit,Michigan,MI,,Buyer,,Cash Buyer,0,0,67,C,Nationwide Lead Gen,NEW
MN-S-1324,Amanda,Roberts,+12187717518,amanda.roberts@aol.com,,2462 Cedar St,Duluth,Minnesota,MN,94749,Seller,Pre-Foreclosure,Absentee Owner - Lives Out of State,508930,51081,67,C,Nationwide Lead Gen,NEW
MN-S-1338,Matthew,Morales,+12186974017,matthew.morales@aol.com,,1627 Elm Rd,Duluth,Minnesota,MN,52532,Seller,Utility Shutoff,Property Needs Major Repairs,841561,263636,67,C,Nationwide Lead Gen,NEW
MN-B-1346,Eric,Davis,+16517153495,eric.davis@gmail.com,Eric Capital,,St. Paul,Minnesota,MN,,Buyer,,Property Manager,0,0,67,C,Nationwide Lead Gen,NEW
MO-S-1409,Eric,Cruz,+18168476983,eric.cruz@aol.com,,1613 Hickory Ln,Independence,Missouri,MO,71614,Seller,Utility Shutoff,Avoiding Foreclosure Auction,925973,363390,67,C,Nationwide Lead Gen,NEW
MO-S-1424,Raymond,Reyes,+14175235020,raymond.reyes@aol.com,,2030 Maple Blvd,Springfield,Missouri,MO,46479,Seller,Fire Damage,Property Needs Major Repairs,378652,364463,67,C,Nationwide Lead Gen,NEW
MO-B-1455,Alexander,Chavez,+14176506887,alexander.chavez@gmail.com,,,Springfield,Missouri,MO,,Buyer,,Property Manager,0,0,67,C,Nationwide Lead Gen,NEW
NE-S-1508,Nancy,Wood,+14028691568,nancy.wood@yahoo.com,,8626 Cedar Way,Bellevue,Nebraska,NE,16045,Seller,Absentee Owner,Property Needs Major Repairs,176939,82208,67,C,Nationwide Lead Gen,NEW
NV-B-1559,Maria,Evans,+17756628629,maria.evans@gmail.com,,,Reno,Nevada,NV,,Buyer,,REIT,0,0,67,C,Nationwide Lead Gen,NEW
NH-S-1573,Pamela,Mendoza,+16035838509,pamela.mendoza@hotmail.com,,1830 Oak Ln,Manchester,New Hampshire,NH,3138,Seller,Code Violation,Inherited Property - Not Interested,807390,299899,67,C,Nationwide Lead Gen,NEW
NH-B-1590,Irene,Price,+16033709516,irene.price@gmail.com,,,Manchester,New Hampshire,NH,,Buyer,,Wholesaler,0,0,67,C,Nationwide Lead Gen,NEW
NJ-S-1620,Debra,Watson,+19738873619,debra.watson@aol.com,,2326 Business Way,Newark,New Jersey,NJ,7112,Seller,Fire Damage,Avoiding Foreclosure Auction,639955,209608,67,C,Nationwide Lead Gen,NEW
NM-B-1690,Linda,Nelson,+15053963831,linda.nelson@outlook.com,Linda Holdings,,Albuquerque,New Mexico,NM,,Buyer,,Wholesaler,0,0,67,C,Nationwide Lead Gen,NEW
NY-S-1733,Kimberly,Ortiz,+17183387572,kimberly.ortiz@yahoo.com,,5016 Creek Ct,New York City,New York,NY,10004,Seller,Absentee Owner,Divorce Settlement Required,790268,145424,67,C,Nationwide Lead Gen,NEW
OK-S-1970,Elizabeth,Williams,+14057742257,elizabeth.williams@hotmail.com,,1983 Lake St,Norman,Oklahoma,OK,24184,Seller,Vacant Property,Divorce Settlement Required,292429,226554,67,C,Nationwide Lead Gen,NEW
OK-S-1976,Catherine,Cox,+19184681779,catherine.cox@hotmail.com,,9802 Harrison Dr,Broken Arrow,Oklahoma,OK,73001,Seller,Eviction,Vacant Property - High Equity,608180,53393,67,C,Nationwide Lead Gen,NEW
OK-S-1977,Donald,Hill,+14057825618,donald.hill@yahoo.com,,8838 Ridge Pl,Norman,Oklahoma,OK,43722,Seller,Lien,Tired Landlord - Ready to Exit,312768,96438,67,C,Nationwide Lead Gen,NEW
OR-S-2061,Ashley,Smith,+15416974176,ashley.smith@yahoo.com,,5138 Vista Pl,Bend,Oregon,OR,87171,Seller,Probate,Vacant Property - High Equity,226482,151872,67,C,Nationwide Lead Gen,NEW
PA-S-2146,James,King,+14125175790,james.king@aol.com,,6821 Technology Pkwy,Pittsburgh,Pennsylvania,PA,49713,Seller,Pre-Foreclosure,Property in Probate - Estate Settlement,401668,193171,67,C,Nationwide Lead Gen,NEW
SC-S-2218,Donna,Lewis,+18435616832,donna.lewis@gmail.com,,3322 Park Pkwy,Myrtle Beach,South Carolina,SC,10779,Seller,Bankruptcy,Divorce Settlement Required,521543,78282,67,C,Nationwide Lead Gen,NEW
SC-S-2231,William,Gomez,+18642702214,william.gomez@outlook.com,,7083 Spring Dr,Greenville,South Carolina,SC,29911,Seller,Probate,Out-of-State Absentee Landlord,387826,334039,67,C,Nationwide Lead Gen,NEW
SD-B-2309,Carol,Patel,+16055217107,carol.patel@yahoo.com,Carol Investments,,Rapid City,South Dakota,SD,,Buyer,,Fix & Flip,0,0,67,C,Nationwide Lead Gen,NEW
TN-S-2347,Rebecca,Brown,+19017813369,rebecca.brown@aol.com,,278 Pine Pl,Memphis,Tennessee,TN,35780,Seller,Fire Damage,Avoiding Foreclosure Auction,916656,397882,67,C,Nationwide Lead Gen,NEW
TN-S-2351,Jonathan,Baker,+14233922346,jonathan.baker@gmail.com,,7949 Washington Dr,Chattanooga,Tennessee,TN,67565,Seller,Eviction,Out-of-State Absentee Landlord,367309,154357,67,C,Nationwide Lead Gen,NEW
TN-B-2362,Ryan,Morales,+19018918274,ryan.morales@outlook.com,Ryan Realty,,Memphis,Tennessee,TN,,Buyer,,Property Manager,0,0,67,C,Nationwide Lead Gen,NEW
TX-S-2395,Steven,Ramirez,+19158044122,steven.ramirez@hotmail.com,,5568 Lake Pl,El Paso,Texas,TX,68490,Seller,Absentee Owner,Tired Landlord - Ready to Exit,527009,118283,67,C,Nationwide Lead Gen,NEW
TX-S-2404,Patricia,Watson,+12104062955,patricia.watson@aol.com,,8411 Oak Pl,San Antonio,Texas,TX,57835,Seller,Lien,Inherited Property - Not Interested,826982,274769,67,C,Nationwide Lead Gen,NEW
UT-S-2496,Kathleen,Sanchez,+18015115338,kathleen.sanchez@aol.com,,102 Main Pl,Salt Lake City,Utah,UT,84115,Seller,Eviction,Property in Probate - Estate Settlement,509913,135072,67,C,Nationwide Lead Gen,NEW
UT-B-2512,Alexander,Long,+18013844591,alexander.long@yahoo.com,Alexander Properties,,Ogden,Utah,UT,,Buyer,,REIT,0,0,67,C,Nationwide Lead Gen,NEW
VT-S-2548,Jacob,Sanders,+18027439062,jacob.sanders@yahoo.com,,5620 Innovation Dr,Rutland,Vermont,VT,83428,Seller,Utility Shutoff,Vacant Property - High Equity,893353,287045,67,C,Nationwide Lead Gen,NEW
VA-S-2573,Debra,Reyes,+17575566077,debra.reyes@aol.com,,4393 Meadow Dr,Virginia Beach,Virginia,VA,23498,Seller,Pre-Foreclosure,Distressed Property - Code Violations,380494,190039,67,C,Nationwide Lead Gen,NEW
VA-S-2595,Daniel,Edwards,+17573655775,daniel.edwards@gmail.com,,272 Enterprise Way,Norfolk,Virginia,VA,27805,Seller,Tax Delinquent,Behind on Mortgage Payments,737103,230555,67,C,Nationwide Lead Gen,NEW
VA-B-2617,Kevin,Davis,+17039873154,kevin.davis@yahoo.com,,,Arlington,Virginia,VA,,Buyer,,Investor,0,0,67,C,Nationwide Lead Gen,NEW
WA-S-2676,Angela,Morris,+15094598264,angela.morris@yahoo.com,,8782 Oak Pl,Spokane,Washington,WA,57607,Seller,Bankruptcy,Financial Hardship - Needs Cash,612756,321265,67,C,Nationwide Lead Gen,NEW
WA-S-2683,Heather,Morales,+12538503951,heather.morales@outlook.com,,1912 Jackson Pkwy,Tacoma,Washington,WA,38105,Seller,High Equity,Out-of-State Absentee Landlord,804303,327591,67,C,Nationwide Lead Gen,NEW
WV-S-2735,Emily,Perez,+13048081062,emily.perez@gmail.com,,8926 Commerce Pkwy,Huntington,West Virginia,WV,41310,Seller,Code Violation,Divorce Settlement Required,198589,238698,67,C,Nationwide Lead Gen,NEW
WI-S-2761,Joseph,Evans,+16084235915,joseph.evans@outlook.com,,8249 Business Pkwy,Madison,Wisconsin,WI,13201,Seller,Code Violation,Avoiding Foreclosure Auction,288628,355743,67,C,Nationwide Lead Gen,NEW
WY-S-2829,Dorothy,Wood,+13072814348,dorothy.wood@yahoo.com,,8842 Madison Ln,Casper,Wyoming,WY,43828,Seller,Absentee Owner,Property Needs Major Repairs,683586,349818,67,C,Nationwide Lead Gen,NEW
WY-S-2836,Helen,Peterson,+13073375701,helen.peterson@yahoo.com,,6959 Elm Blvd,Cheyenne,Wyoming,WY,82099,Seller,Absentee Owner,Inherited Family Estate (Probate),150719,75245,67,C,Nationwide Lead Gen,NEW
AL-S-0014,Jonathan,Cruz,+13347195310,jonathan.cruz@outlook.com,,356 Jefferson Ave,Montgomery,Alabama,AL,36177,Seller,Eviction,Inherited Property - Not Interested,213273,47559,66,C,Nationwide Lead Gen,NEW
AZ-S-0145,Heather,Cox,+16235363203,heather.cox@aol.com,,3078 Forest Blvd,Phoenix,Arizona,AZ,85067,Seller,Condemned,Inherited Family Estate (Probate),603863,191053,66,C,Nationwide Lead Gen,NEW
CA-S-0245,Judy,Nguyen,+15595886555,judy.nguyen@hotmail.com,,7900 Vista Ln,Fresno,California,CA,77031,Seller,High Equity,Out-of-State Absentee Landlord,673132,167254,66,C,Nationwide Lead Gen,NEW
CA-S-0255,Gregory,King,+18583814769,gregory.king@hotmail.com,,6245 Summit Pl,San Diego,California,CA,92177,Seller,High Equity,Property in Probate - Estate Settlement,695882,116966,66,C,Nationwide Lead Gen,NEW
CA-B-0268,Barbara,Nguyen,+13108959128,barbara.nguyen@yahoo.com,,,Los Angeles,California,CA,,Buyer,,REIT,0,0,66,C,Nationwide Lead Gen,NEW
CA-B-0269,Mark,Foster,+14087651553,mark.foster@outlook.com,Mark Realty,,San Jose,California,CA,,Buyer,,Property Manager,0,0,66,C,Nationwide Lead Gen,NEW
CT-S-0379,Amy,Bennett,+14754958800,amy.bennett@gmail.com,,754 Jackson St,Bridgeport,Connecticut,CT,87298,Seller,Condemned,Behind on Mortgage Payments,791271,89012,66,C,Nationwide Lead Gen,NEW
CT-S-0381,Dennis,Gray,+12038291011,dennis.gray@aol.com,,5041 Peak Blvd,Stamford,Connecticut,CT,85882,Seller,Vacant Property,Job Relocation - Must Sell Fast,297115,185860,66,C,Nationwide Lead Gen,NEW
CT-B-0413,Margaret,Kelly,+14754387405,margaret.kelly@yahoo.com,Margaret Acquisitions,,Bridgeport,Connecticut,CT,,Buyer,,REIT,0,0,66,C,Nationwide Lead Gen,NEW
CT-B-0418,Jeffrey,Torres,+18606189702,jeffrey.torres@outlook.com,Jeffrey Investments,,Hartford,Connecticut,CT,,Buyer,,Cash Buyer,0,0,66,C,Nationwide Lead Gen,NEW
CT-B-0426,Jeffrey,Anderson,+12038137988,jeffrey.anderson@gmail.com,Jeffrey Home Buyers,,Stamford,Connecticut,CT,,Buyer,,Cash Buyer,0,0,66,C,Nationwide Lead Gen,NEW
CT-B-0428,James,Diaz,+12034287659,james.diaz@yahoo.com,James Solutions,,Stamford,Connecticut,CT,,Buyer,,Developer,0,0,66,C,Nationwide Lead Gen,NEW
FL-S-0473,Lisa,Patel,+19046575977,lisa.patel@hotmail.com,,1085 Vista Rd,Jacksonville,Florida,FL,91156,Seller,Judgment,Vacant Property - High Equity,612336,159651,66,C,Nationwide Lead Gen,NEW
FL-S-0502,Nathan,Clark,+18139259066,nathan.clark@hotmail.com,,7154 Monroe Ln,Tampa,Florida,FL,33263,Seller,Pre-Foreclosure,Vacant Property - High Equity,761167,385570,66,C,Nationwide Lead Gen,NEW
FL-S-0515,Kathleen,Jones,+19043286050,kathleen.jones@hotmail.com,,8781 Madison St,Jacksonville,Florida,FL,75166,Seller,Code Violation,Absentee Owner - Lives Out of State,891719,78621,66,C,Nationwide Lead Gen,NEW
FL-B-0516,Karen,Richardson,+19047525121,karen.richardson@yahoo.com,Karen Realty,,Jacksonville,Florida,FL,,Buyer,,Cash Buyer,0,0,66,C,Nationwide Lead Gen,NEW
GA-S-0553,Nancy,Diaz,+17068355689,nancy.diaz@hotmail.com,,7484 Harrison Pl,Augusta,Georgia,GA,61174,Seller,Probate,Absentee Owner - Lives Out of State,841065,192608,66,C,Nationwide Lead Gen,NEW
ID-B-0666,Heather,Hernandez,+12082725642,heather.hernandez@outlook.com,,,Nampa,Idaho,ID,,Buyer,,Wholesaler,0,0,66,C,Nationwide Lead Gen,NEW
IL-S-0694,Jessica,Williams,+13312354689,jessica.williams@gmail.com,,9036 Lake Pkwy,Naperville,Illinois,IL,26619,Seller,Tax Delinquent,Property in Probate - Estate Settlement,429420,334062,66,C,Nationwide Lead Gen,NEW
IA-B-0853,Charles,Rivera,+15638615392,charles.rivera@gmail.com,Charles Investments,,Davenport,Iowa,IA,,Buyer,,Buy and Hold,0,0,66,C,Nationwide Lead Gen,NEW
KY-S-0917,Yolanda,Ramirez,+12707278422,yolanda.ramirez@gmail.com,,2133 Madison Ave,Bowling Green,Kentucky,KY,42915,Seller,Probate,Out-of-State Absentee Landlord,905806,193482,66,C,Nationwide Lead Gen,NEW
KY-S-0919,Brandon,Ramos,+18599947537,brandon.ramos@yahoo.com,,8623 Innovation Pkwy,Lexington,Kentucky,KY,76291,Seller,Fire Damage,Divorce Settlement Required,742647,101960,66,C,Nationwide Lead Gen,NEW
LA-S-1005,Dennis,Brown,+15049854216,dennis.brown@hotmail.com,,4415 Pine Ct,New Orleans,Louisiana,LA,70196,Seller,Code Violation,Tax Lien & Pre-Foreclosure Opportunity,372005,199751,66,C,Nationwide Lead Gen,NEW
MN-B-1341,Sandra,Wood,+15079252891,sandra.wood@outlook.com,Sandra Holdings,,Rochester,Minnesota,MN,,Buyer,,Buy and Hold,0,0,66,C,Nationwide Lead Gen,NEW
MN-B-1351,Shirley,Carter,+15079051776,shirley.carter@yahoo.com,,,Rochester,Minnesota,MN,,Buyer,,Fix & Flip,0,0,66,C,Nationwide Lead Gen,NEW
MO-S-1402,Irene,Garcia,+16367709809,irene.garcia@hotmail.com,,8600 Birch St,St. Louis,Missouri,MO,25834,Seller,Probate,Job Relocation - Must Sell Fast,616778,275255,66,C,Nationwide Lead Gen,NEW
MO-S-1427,Donna,Morris,+13149576534,donna.morris@hotmail.com,,6588 Highland Dr,St. Louis,Missouri,MO,15512,Seller,Condemned,Inherited Family Estate (Probate),149513,160411,66,C,Nationwide Lead Gen,NEW
MT-B-1496,Larry,Ross,+14062159033,larry.ross@gmail.com,Larry Realty,,Missoula,Montana,MT,,Buyer,,Developer,0,0,66,C,Nationwide Lead Gen,NEW
NE-B-1521,Robert,Turner,+14026605062,robert.turner@gmail.com,Robert Home Buyers,,Lincoln,Nebraska,NE,,Buyer,,REIT,0,0,66,C,Nationwide Lead Gen,NEW
NH-S-1580,Gary,Chavez,+16037137740,gary.chavez@hotmail.com,,2622 Valley Pl,Manchester,New Hampshire,NH,3199,Seller,Fire Damage,Inherited Property - Not Interested,734196,244626,66,C,Nationwide Lead Gen,NEW
NH-B-1587,Anthony,Ward,+16034059666,anthony.ward@outlook.com,Anthony Capital,,Manchester,New Hampshire,NH,,Buyer,,Fix & Flip,0,0,66,C,Nationwide Lead Gen,NEW
NJ-S-1610,Jack,Rogers,+12013605180,jack.rogers@outlook.com,,5392 Industrial Way,Jersey City,New Jersey,NJ,91877,Seller,Judgment,Avoiding Foreclosure Auction,401212,360149,66,C,Nationwide Lead Gen,NEW
NM-S-1667,Dennis,Patel,+15052719213,dennis.patel@hotmail.com,,779 Vista Ct,Santa Fe,New Mexico,NM,85435,Seller,Absentee Owner,Divorce Settlement Required,283097,283470,66,C,Nationwide Lead Gen,NEW
NM-S-1681,Kevin,Murphy,+15759878846,kevin.murphy@yahoo.com,,9229 Oak Ln,Las Cruces,New Mexico,NM,71491,Seller,Fire Damage,Tax Lien & Pre-Foreclosure Opportunity,320181,121400,66,C,Nationwide Lead Gen,NEW
NY-B-1752,Anna,Anderson,+13154302489,anna.anderson@outlook.com,Anna Properties,,Syracuse,New York,NY,,Buyer,,Cash Buyer,0,0,66,C,Nationwide Lead Gen,NEW
NC-S-1802,Patrick,Cook,+19806702518,patrick.cook@outlook.com,,6843 Jefferson Ave,Charlotte,North Carolina,NC,28232,Seller,High Equity,Distressed Property - Code Violations,127766,176778,66,C,Nationwide Lead Gen,NEW
NC-S-1813,Christine,Walker,+19806536494,christine.walker@hotmail.com,,281 Pine St,Charlotte,North Carolina,NC,28289,Seller,Code Violation,Avoiding Foreclosure Auction,172985,44398,66,C,Nationwide Lead Gen,NEW
OH-S-1896,Kevin,Jones,+13302534655,kevin.jones@gmail.com,,7706 Canyon Ct,Akron,Ohio,OH,75471,Seller,Fire Damage,Property Needs Major Repairs,407165,104377,66,C,Nationwide Lead Gen,NEW
OK-S-1992,Emma,Campbell,+19188109856,emma.campbell@aol.com,,6522 Highland Pkwy,Broken Arrow,Oklahoma,OK,11554,Seller,Absentee Owner,Tax Lien & Pre-Foreclosure Opportunity,681212,47978,66,C,Nationwide Lead Gen,NEW
OK-B-2022,Alexander,Miller,+19183074204,alexander.miller@gmail.com,Alexander Properties,,Tulsa,Oklahoma,OK,,Buyer,,Investor,0,0,66,C,Nationwide Lead Gen,NEW
PA-S-2128,Gary,Moore,+14122905133,gary.moore@hotmail.com,,5456 Technology Way,Pittsburgh,Pennsylvania,PA,71021,Seller,Condemned,Property in Probate - Estate Settlement,843703,110203,66,C,Nationwide Lead Gen,NEW
RI-S-2195,James,Torres,+14012744741,james.torres@outlook.com,,7558 Innovation Blvd,Warwick,Rhode Island,RI,64562,Seller,Fire Damage,Distressed Property - Code Violations,230873,378411,66,C,Nationwide Lead Gen,NEW
SD-S-2288,Katherine,Gutierrez,+16053641948,katherine.gutierrez@gmail.com,,7076 Adams Way,Aberdeen,South Dakota,SD,46336,Seller,Absentee Owner,Financial Hardship - Needs Cash,832252,233709,66,C,Nationwide Lead Gen,NEW
TN-S-2349,Irene,King,+19016469827,irene.king@hotmail.com,,417 Business Blvd,Memphis,Tennessee,TN,36670,Seller,Probate,Property in Probate - Estate Settlement,510893,210869,66,C,Nationwide Lead Gen,NEW
TN-S-2357,Margaret,Miller,+19019772176,margaret.miller@aol.com,,3575 Forest Ave,Memphis,Tennessee,TN,56841,Seller,Bankruptcy,Property Needs Major Repairs,602227,136880,66,C,Nationwide Lead Gen,NEW
TN-B-2374,Kathleen,Garcia,+19013563778,kathleen.garcia@gmail.com,Kathleen Acquisitions,,Memphis,Tennessee,TN,,Buyer,,Wholesaler,0,0,66,C,Nationwide Lead Gen,NEW
TN-B-2379,Sharon,Green,+16157578040,sharon.green@gmail.com,Sharon Investments,,Nashville,Tennessee,TN,,Buyer,,Investor,0,0,66,C,Nationwide Lead Gen,NEW
TX-S-2396,Dorothy,Gomez,+18177091341,dorothy.gomez@yahoo.com,,4353 Lake St,Fort Worth,Texas,TX,20738,Seller,Vacant Property,Distressed Property - Code Violations,281861,146408,66,C,Nationwide Lead Gen,NEW
TX-S-2432,James,Hernandez,+12108854828,james.hernandez@hotmail.com,,1453 Main Pkwy,San Antonio,Texas,TX,43765,Seller,Bankruptcy,Avoiding Foreclosure Auction,928829,168661,66,C,Nationwide Lead Gen,NEW
TX-B-2442,Jack,Stewart,+12108042849,jack.stewart@yahoo.com,,,San Antonio,Texas,TX,,Buyer,,Investor,0,0,66,C,Nationwide Lead Gen,NEW
UT-S-2462,Emily,Martinez,+18012314180,emily.martinez@outlook.com,,6492 Jackson Pl,Provo,Utah,UT,60617,Seller,Judgment,Distressed Property - Code Violations,306888,314678,66,C,Nationwide Lead Gen,NEW
UT-B-2514,Sarah,Reyes,+18012151015,sarah.reyes@outlook.com,Sarah Properties,,Ogden,Utah,UT,,Buyer,,Property Manager,0,0,66,C,Nationwide Lead Gen,NEW
VA-S-2575,John,James,+17577735422,john.james@yahoo.com,,5297 Pine Rd,Norfolk,Virginia,VA,76127,Seller,Lien,Vacant Property - High Equity,226891,337839,66,C,Nationwide Lead Gen,NEW
VA-S-2580,Ashley,Reed,+17577591847,ashley.reed@outlook.com,,8149 Jackson Blvd,Virginia Beach,Virginia,VA,23478,Seller,Vacant Property,Property in Probate - Estate Settlement,172521,122015,66,C,Nationwide Lead Gen,NEW
VA-S-2589,Barbara,Ortiz,+17034923590,barbara.ortiz@yahoo.com,,6687 Technology Pl,Arlington,Virginia,VA,79997,Seller,Absentee Owner,Financial Hardship - Needs Cash,184320,365659,66,C,Nationwide Lead Gen,NEW
WV-S-2731,Laura,Wright,+13046679934,laura.wright@gmail.com,,440 Jackson Blvd,Huntington,West Virginia,WV,73892,Seller,Judgment,Vacant Property - High Equity,746376,166671,66,C,Nationwide Lead Gen,NEW
WV-B-2743,Deborah,Peterson,+13046931096,deborah.peterson@outlook.com,Deborah Realty,,Huntington,West Virginia,WV,,Buyer,,Wholesaler,0,0,66,C,Nationwide Lead Gen,NEW
WI-B-2812,Aaron,Anderson,+14148772794,aaron.anderson@outlook.com,Aaron Holdings,,Milwaukee,Wisconsin,WI,,Buyer,,Cash Buyer,0,0,66,C,Nationwide Lead Gen,NEW
WY-S-2827,James,Perez,+13072729947,james.perez@aol.com,,7928 Madison Dr,Laramie,Wyoming,WY,91394,Seller,Tax Delinquent,Financial Hardship - Needs Cash,593126,194834,66,C,Nationwide Lead Gen,NEW
WY-S-2834,Amy,Watson,+13079894374,amy.watson@gmail.com,,3840 Ridge Blvd,Laramie,Wyoming,WY,86534,Seller,Condemned,Distressed Property - Code Violations,182183,109580,66,C,Nationwide Lead Gen,NEW
WY-B-2850,Dennis,Jackson,+13078779495,dennis.jackson@yahoo.com,Dennis Holdings,,Casper,Wyoming,WY,,Buyer,,Developer,0,0,66,C,Nationwide Lead Gen,NEW
AK-S-0095,Zachary,Morales,+19075375814,zachary.morales@gmail.com,,8728 Lincoln Ave,Juneau,Alaska,AK,59502,Seller,Probate,Divorce Settlement Required,512968,265362,65,C,Nationwide Lead Gen,NEW
AZ-S-0143,Amanda,Lopez,+14802267872,amanda.lopez@hotmail.com,,7094 Valley Blvd,Mesa,Arizona,AZ,74147,Seller,Vacant Property,Vacant Property - High Equity,534527,174788,65,C,Nationwide Lead Gen,NEW
AZ-S-0144,Yolanda,Turner,+14807023579,yolanda.turner@aol.com,,9414 Oak Rd,Phoenix,Arizona,AZ,85065,Seller,Condemned,Distressed Property - Code Violations,419234,42083,65,C,Nationwide Lead Gen,NEW
AR-S-0192,Susan,Sanchez,+14795113989,susan.sanchez@yahoo.com,,1568 Enterprise Pkwy,Fayetteville,Arkansas,AR,60239,Seller,Pre-Foreclosure,Property in Probate - Estate Settlement,347733,223936,65,C,Nationwide Lead Gen,NEW
CO-S-0312,Ryan,Robinson,+17196721384,ryan.robinson@yahoo.com,,1859 River St,Colorado Springs,Colorado,CO,38926,Seller,High Equity,Absentee Owner - Lives Out of State,929280,63780,65,C,Nationwide Lead Gen,NEW
CO-S-0318,Ronald,Walker,+17199988143,ronald.walker@aol.com,,3576 Lake Dr,Colorado Springs,Colorado,CO,18398,Seller,Vacant Property,Out-of-State Absentee Landlord,655860,172472,65,C,Nationwide Lead Gen,NEW
CO-B-0342,Emma,Ruiz,+13037607673,emma.ruiz@gmail.com,Emma Realty,,Denver,Colorado,CO,,Buyer,,Buy and Hold,0,0,65,C,Nationwide Lead Gen,NEW
CO-B-0350,Jessica,Richardson,+13034229560,jessica.richardson@outlook.com,Jessica Capital,,Aurora,Colorado,CO,,Buyer,,Investor,0,0,65,C,Nationwide Lead Gen,NEW
CT-S-0367,Dennis,Collins,+18607683386,dennis.collins@hotmail.com,,6748 Walnut Pl,Hartford,Connecticut,CT,6114,Seller,Probate,Divorce Settlement Required,837252,174470,65,C,Nationwide Lead Gen,NEW
CT-S-0394,Barbara,Kim,+12032293340,barbara.kim@outlook.com,,8770 Forest Rd,Stamford,Connecticut,CT,82972,Seller,Vacant Property,Property in Probate - Estate Settlement,679577,290787,65,C,Nationwide Lead Gen,NEW
DE-S-0452,Donna,Moore,+13029236340,donna.moore@aol.com,,7841 Park Way,Newark,Delaware,DE,53629,Seller,Bankruptcy,Job Relocation - Must Sell Fast,321451,264853,65,C,Nationwide Lead Gen,NEW
DE-B-0459,Jack,Turner,+13026851576,jack.turner@yahoo.com,,,Wilmington,Delaware,DE,,Buyer,,REIT,0,0,65,C,Nationwide Lead Gen,NEW
DE-B-0461,Kevin,Ortiz,+13025737067,kevin.ortiz@outlook.com,Kevin Home Buyers,,Newark,Delaware,DE,,Buyer,,Wholesaler,0,0,65,C,Nationwide Lead Gen,NEW
GA-B-0598,Jacob,Morgan,+19123869830,jacob.morgan@outlook.com,Jacob Solutions,,Savannah,Georgia,GA,,Buyer,,Investor,0,0,65,C,Nationwide Lead Gen,NEW
GA-B-0600,Dennis,Ward,+17065733461,dennis.ward@outlook.com,Dennis Solutions,,Columbus,Georgia,GA,,Buyer,,Buy and Hold,0,0,65,C,Nationwide Lead Gen,NEW
GA-B-0614,Heather,Walker,+17068024091,heather.walker@yahoo.com,,,Columbus,Georgia,GA,,Buyer,,Property Manager,0,0,65,C,Nationwide Lead Gen,NEW
GA-B-0615,Gregory,Baker,+17062448387,gregory.baker@yahoo.com,,,Columbus,Georgia,GA,,Buyer,,Buy and Hold,0,0,65,C,Nationwide Lead Gen,NEW
HI-B-0643,Linda,Clark,+18084857220,linda.clark@outlook.com,Linda Capital,,Honolulu,Hawaii,HI,,Buyer,,Developer,0,0,65,C,Nationwide Lead Gen,NEW
ID-B-0668,Joshua,Diaz,+12088448912,joshua.diaz@outlook.com,,,Idaho Falls,Idaho,ID,,Buyer,,Wholesaler,0,0,65,C,Nationwide Lead Gen,NEW
IL-S-0696,Yolanda,Baker,+16309763536,yolanda.baker@hotmail.com,,489 Monroe St,Aurora,Illinois,IL,36486,Seller,Fire Damage,Vacant Property - High Equity,451787,312740,65,C,Nationwide Lead Gen,NEW
IL-S-0712,Kimberly,Carter,+13124449462,kimberly.carter@outlook.com,,5596 Business Pkwy,Chicago,Illinois,IL,60659,Seller,Fire Damage,Property in Probate - Estate Settlement,125036,104386,65,C,Nationwide Lead Gen,NEW
IA-S-0835,Emily,Adams,+13197411329,emily.adams@outlook.com,,8769 Business Ln,Cedar Rapids,Iowa,IA,50313,Seller,Utility Shutoff,Absentee Owner - Lives Out of State,356945,317659,65,C,Nationwide Lead Gen,NEW
IA-S-0839,Irene,Torres,+13194838663,irene.torres@yahoo.com,,369 Adams St,Cedar Rapids,Iowa,IA,33365,Seller,Lien,Tired Landlord - Ready to Exit,385085,237705,65,C,Nationwide Lead Gen,NEW
IA-S-0842,Amanda,Stewart,+15635796748,amanda.stewart@outlook.com,,8340 Garden Blvd,Davenport,Iowa,IA,89922,Seller,High Equity,Divorce Settlement Required,351951,375414,65,C,Nationwide Lead Gen,NEW
KS-S-0863,Paul,Thompson,+17859992261,paul.thompson@yahoo.com,,7476 Hickory Rd,Topeka,Kansas,KS,13101,Seller,Lien,Financial Hardship - Needs Cash,206566,327054,65,C,Nationwide Lead Gen,NEW
KY-S-0903,Carolyn,Allen,+18597833400,carolyn.allen@outlook.com,,7519 Hickory Ln,Lexington,Kentucky,KY,59003,Seller,Lien,Absentee Owner - Lives Out of State,478471,73725,65,C,Nationwide Lead Gen,NEW
KY-S-0915,Brian,Taylor,+15024778640,brian.taylor@aol.com,,7255 Enterprise Blvd,Louisville,Kentucky,KY,40259,Seller,Tax Delinquent,Divorce Settlement Required,598133,75479,65,C,Nationwide Lead Gen,NEW
KY-B-0952,Deborah,Wilson,+18599611961,deborah.wilson@outlook.com,,,Lexington,Kentucky,KY,,Buyer,,Developer,0,0,65,C,Nationwide Lead Gen,NEW
LA-B-1019,Emily,Morgan,+13182471256,emily.morgan@outlook.com,Emily Acquisitions,,Shreveport,Louisiana,LA,,Buyer,,Fix & Flip,0,0,65,C,Nationwide Lead Gen,NEW
LA-B-1030,Charles,Smith,+15049753580,charles.smith@yahoo.com,Charles Solutions,,New Orleans,Louisiana,LA,,Buyer,,Buy and Hold,0,0,65,C,Nationwide Lead Gen,NEW
MD-S-1113,Helen,James,+13015571378,helen.james@gmail.com,,9445 Highland Way,Rockville,Maryland,MD,24420,Seller,Judgment,Financial Hardship - Needs Cash,645363,196012,65,C,Nationwide Lead Gen,NEW
MA-B-1193,Matthew,Evans,+16178051216,matthew.evans@yahoo.com,Matthew Holdings,,Cambridge,Massachusetts,MA,,Buyer,,Buy and Hold,0,0,65,C,Nationwide Lead Gen,NEW
MA-B-1197,Kathleen,Gutierrez,+14132791347,kathleen.gutierrez@yahoo.com,Kathleen Solutions,,Springfield,Massachusetts,MA,,Buyer,,Developer,0,0,65,C,Nationwide Lead Gen,NEW
MA-B-1209,Anthony,Roberts,+15083551703,anthony.roberts@gmail.com,Anthony Home Buyers,,Worcester,Massachusetts,MA,,Buyer,,REIT,0,0,65,C,Nationwide Lead Gen,NEW
MI-S-1258,Timothy,Jimenez,+16168507086,timothy.jimenez@gmail.com,,7380 Enterprise Ct,Grand Rapids,Michigan,MI,61186,Seller,Condemned,Tired Landlord - Ready to Exit,501217,245332,65,C,Nationwide Lead Gen,NEW
MN-S-1318,Jessica,Chavez,+15074313998,jessica.chavez@aol.com,,549 Spring St,Rochester,Minnesota,MN,49497,Seller,Bankruptcy,Avoiding Foreclosure Auction,685594,379679,65,C,Nationwide Lead Gen,NEW
MS-B-1389,Gregory,Wilson,+12287747164,gregory.wilson@outlook.com,Gregory Acquisitions,,Gulfport,Mississippi,MS,,Buyer,,Property Manager,0,0,65,C,Nationwide Lead Gen,NEW
MO-B-1470,Ronald,Smith,+18166084110,ronald.smith@gmail.com,,,Kansas City,Missouri,MO,,Buyer,,Buy and Hold,0,0,65,C,Nationwide Lead Gen,NEW
NE-S-1502,Patricia,Patel,+14029786736,patricia.patel@gmail.com,,354 Technology Blvd,Lincoln,Nebraska,NE,48550,Seller,Utility Shutoff,Behind on Mortgage Payments,330606,143624,65,C,Nationwide Lead Gen,NEW
NE-B-1525,Donald,Hughes,+14029863054,donald.hughes@outlook.com,,,Bellevue,Nebraska,NE,,Buyer,,Buy and Hold,0,0,65,C,Nationwide Lead Gen,NEW
NJ-B-1661,Richard,Long,+12014928400,richard.long@gmail.com,,,Jersey City,New Jersey,NJ,,Buyer,,Property Manager,0,0,65,C,Nationwide Lead Gen,NEW
NM-S-1672,Larry,Miller,+15753255215,larry.miller@yahoo.com,,2611 Harrison Ct,Las Cruces,New Mexico,NM,82947,Seller,Probate,Property in Probate - Estate Settlement,557444,334610,65,C,Nationwide Lead Gen,NEW
NY-B-1768,Stephanie,Clark,+15187871080,stephanie.clark@gmail.com,,,Albany,New York,NY,,Buyer,,Investor,0,0,65,C,Nationwide Lead Gen,NEW
ND-S-1852,Anthony,Allen,+17019447683,anthony.allen@aol.com,,2283 Innovation Ln,Grand Forks,North Dakota,ND,21488,Seller,Utility Shutoff,Distressed Property - Code Violations,416570,344969,65,C,Nationwide Lead Gen,NEW
ND-B-1875,Jacob,Young,+17012562266,jacob.young@yahoo.com,Jacob Solutions,,Bismarck,North Dakota,ND,,Buyer,,Fix & Flip,0,0,65,C,Nationwide Lead Gen,NEW
OH-B-1942,Sylvia,Roberts,+13309033946,sylvia.roberts@gmail.com,,,Akron,Ohio,OH,,Buyer,,Buy and Hold,0,0,65,C,Nationwide Lead Gen,NEW
OH-B-1947,George,Morales,+15134668034,george.morales@yahoo.com,George Acquisitions,,Cincinnati,Ohio,OH,,Buyer,,Cash Buyer,0,0,65,C,Nationwide Lead Gen,NEW
OH-B-1949,Karen,Torres,+14194893244,karen.torres@yahoo.com,,,Toledo,Ohio,OH,,Buyer,,Cash Buyer,0,0,65,C,Nationwide Lead Gen,NEW
OH-B-1950,Nicholas,Morgan,+15139159350,nicholas.morgan@gmail.com,Nicholas Holdings,,Cincinnati,Ohio,OH,,Buyer,,Cash Buyer,0,0,65,C,Nationwide Lead Gen,NEW
OK-B-2013,Amy,Ross,+14057883213,amy.ross@gmail.com,Amy Properties,,Norman,Oklahoma,OK,,Buyer,,Buy and Hold,0,0,65,C,Nationwide Lead Gen,NEW
OR-S-2041,Emily,Turner,+15035426647,emily.turner@outlook.com,,9363 Madison St,Salem,Oregon,OR,70521,Seller,Judgment,Tax Lien & Pre-Foreclosure Opportunity,841319,227291,65,C,Nationwide Lead Gen,NEW
SC-S-2233,Alexander,Wood,+18438956452,alexander.wood@gmail.com,,1314 Birch Ct,Myrtle Beach,South Carolina,SC,87825,Seller,Eviction,Tax Lien & Pre-Foreclosure Opportunity,193891,320313,65,C,Nationwide Lead Gen,NEW
SC-B-2269,Brian,Ortiz,+18647528234,brian.ortiz@gmail.com,,,Greenville,South Carolina,SC,,Buyer,,Investor,0,0,65,C,Nationwide Lead Gen,NEW
SD-S-2285,Christine,Edwards,+16058323855,christine.edwards@yahoo.com,,2091 Lincoln Way,Sioux Falls,South Dakota,SD,57135,Seller,High Equity,Financial Hardship - Needs Cash,180373,211373,65,C,Nationwide Lead Gen,NEW
SD-B-2301,Joshua,Murphy,+16057926678,joshua.murphy@yahoo.com,,,Aberdeen,South Dakota,SD,,Buyer,,Developer,0,0,65,C,Nationwide Lead Gen,NEW
TN-S-2313,James,Chavez,+14232618690,james.chavez@hotmail.com,,7355 Walnut Rd,Chattanooga,Tennessee,TN,14554,Seller,High Equity,Tax Lien & Pre-Foreclosure Opportunity,711575,85143,65,C,Nationwide Lead Gen,NEW
TN-S-2341,David,Morris,+16159518736,david.morris@hotmail.com,,7393 Ridge Way,Nashville,Tennessee,TN,37285,Seller,Probate,Vacant Property - High Equity,316928,74426,65,C,Nationwide Lead Gen,NEW
TN-B-2377,Carolyn,Rogers,+18652076346,carolyn.rogers@yahoo.com,Carolyn Holdings,,Knoxville,Tennessee,TN,,Buyer,,Buy and Hold,0,0,65,C,Nationwide Lead Gen,NEW
TX-S-2397,Larry,Myers,+18177411755,larry.myers@yahoo.com,,6159 Main St,Fort Worth,Texas,TX,21161,Seller,Lien,Tired Landlord - Ready to Exit,892882,203321,65,C,Nationwide Lead Gen,NEW
TX-S-2435,Janet,Edwards,+15129473891,janet.edwards@outlook.com,,6592 Adams Ln,Austin,Texas,TX,11766,Seller,Lien,Out-of-State Absentee Landlord,649588,92361,65,C,Nationwide Lead Gen,NEW
TX-B-2445,James,Ward,+12108745178,james.ward@outlook.com,,,San Antonio,Texas,TX,,Buyer,,Fix & Flip,0,0,65,C,Nationwide Lead Gen,NEW
TX-B-2459,Samantha,Kelly,+18325452540,samantha.kelly@yahoo.com,Samantha Properties,,Houston,Texas,TX,,Buyer,,Buy and Hold,0,0,65,C,Nationwide Lead Gen,NEW
VT-S-2550,Christopher,Phillips,+18022635810,christopher.phillips@yahoo.com,,541 Enterprise Ct,Montpelier,Vermont,VT,40433,Seller,Utility Shutoff,Financial Hardship - Needs Cash,298711,206103,65,C,Nationwide Lead Gen,NEW
VT-B-2563,Maria,Baker,+18024336432,maria.baker@gmail.com,Maria Home Buyers,,Montpelier,Vermont,VT,,Buyer,,Cash Buyer,0,0,65,C,Nationwide Lead Gen,NEW
VA-S-2576,Matthew,Sanders,+18047108442,matthew.sanders@aol.com,,376 Monroe Ln,Richmond,Virginia,VA,51907,Seller,Lien,Divorce Settlement Required,342805,246079,65,C,Nationwide Lead Gen,NEW
VA-B-2625,Carolyn,Cruz,+17038183503,carolyn.cruz@gmail.com,,,Arlington,Virginia,VA,,Buyer,,REIT,0,0,65,C,Nationwide Lead Gen,NEW
VA-B-2627,Michael,Hill,+18045058646,michael.hill@gmail.com,Michael Realty,,Richmond,Virginia,VA,,Buyer,,REIT,0,0,65,C,Nationwide Lead Gen,NEW
WA-S-2661,Donald,Harris,+15093678723,donald.harris@gmail.com,,119 Sunrise Ave,Spokane,Washington,WA,70924,Seller,Vacant Property,Inherited Property - Not Interested,168972,310348,65,C,Nationwide Lead Gen,NEW
WA-B-2703,Rosa,Ortiz,+12536075884,rosa.ortiz@yahoo.com,,,Seattle,Washington,WA,,Buyer,,Investor,0,0,65,C,Nationwide Lead Gen,NEW
WA-B-2714,Kathleen,Davis,+12064705395,kathleen.davis@gmail.com,Kathleen Capital,,Seattle,Washington,WA,,Buyer,,Investor,0,0,65,C,Nationwide Lead Gen,NEW
WV-B-2736,Kimberly,Cooper,+13047528642,kimberly.cooper@gmail.com,,,Morgantown,West Virginia,WV,,Buyer,,Property Manager,0,0,65,C,Nationwide Lead Gen,NEW
WI-S-2763,Sarah,Castillo,+16084217940,sarah.castillo@hotmail.com,,1394 Meadow Ct,Madison,Wisconsin,WI,48852,Seller,Eviction,Job Relocation - Must Sell Fast,337118,326119,65,C,Nationwide Lead Gen,NEW
WI-S-2770,Margaret,Reyes,+12623871050,margaret.reyes@aol.com,,674 Lake Ct,Kenosha,Wisconsin,WI,67450,Seller,Pre-Foreclosure,Behind on Mortgage Payments,399355,108414,65,C,Nationwide Lead Gen,NEW
WI-B-2800,Carmen,Lee,+14144405720,carmen.lee@outlook.com,Carmen Investments,,Milwaukee,Wisconsin,WI,,Buyer,,REIT,0,0,65,C,Nationwide Lead Gen,NEW
AL-B-0073,Justin,Johnson,+12519916695,justin.johnson@gmail.com,,,Mobile,Alabama,AL,,Buyer,,Fix & Flip,0,0,64,C,Nationwide Lead Gen,NEW
AZ-S-0130,Susan,Murphy,+14805278408,susan.murphy@gmail.com,,4889 Hickory Ln,Chandler,Arizona,AZ,58091,Seller,Bankruptcy,Avoiding Foreclosure Auction,379413,226398,64,C,Nationwide Lead Gen,NEW
AZ-B-0170,Susan,Richardson,+15207314792,susan.richardson@gmail.com,,,Tucson,Arizona,AZ,,Buyer,,Developer,0,0,64,C,Nationwide Lead Gen,NEW
AZ-B-0178,Samantha,Richardson,+15204853288,samantha.richardson@gmail.com,Samantha Investments,,Tucson,Arizona,AZ,,Buyer,,Investor,0,0,64,C,Nationwide Lead Gen,NEW
AR-S-0184,Alexander,Perez,+14795303560,alexander.perez@hotmail.com,,4910 Innovation Ln,Fayetteville,Arkansas,AR,93524,Seller,Probate,Out-of-State Absentee Landlord,741082,174569,64,C,Nationwide Lead Gen,NEW
CA-S-0235,Zachary,Robinson,+16287571130,zachary.robinson@outlook.com,,1969 Washington Pl,San Francisco,California,CA,99348,Seller,Utility Shutoff,Avoiding Foreclosure Auction,530152,138249,64,C,Nationwide Lead Gen,NEW
CT-S-0403,Adam,Wilson,+12038867384,adam.wilson@aol.com,,8903 Creek Blvd,New Haven,Connecticut,CT,58767,Seller,Condemned,Divorce Settlement Required,145547,149189,64,C,Nationwide Lead Gen,NEW
CT-B-0417,Susan,Thomas,+14757868478,susan.thomas@outlook.com,,,New Haven,Connecticut,CT,,Buyer,,REIT,0,0,64,C,Nationwide Lead Gen,NEW
DE-S-0454,Tyler,Ruiz,+13025616811,tyler.ruiz@hotmail.com,,2259 Valley Pkwy,Dover,Delaware,DE,94194,Seller,Utility Shutoff,Inherited Family Estate (Probate),342095,193081,64,C,Nationwide Lead Gen,NEW
DE-B-0460,Richard,Green,+13028698931,richard.green@outlook.com,Richard Realty,,Newark,Delaware,DE,,Buyer,,Developer,0,0,64,C,Nationwide Lead Gen,NEW
GA-S-0543,Adam,Stewart,+19126998962,adam.stewart@gmail.com,,3542 Meadow Way,Savannah,Georgia,GA,47640,Seller,Tax Delinquent,Out-of-State Absentee Landlord,672185,247590,64,C,Nationwide Lead Gen,NEW
GA-S-0582,John,Brooks,+19127451022,john.brooks@yahoo.com,,1081 Chestnut Pkwy,Savannah,Georgia,GA,97576,Seller,Judgment,Property Needs Major Repairs,728351,338521,64,C,Nationwide Lead Gen,NEW
IN-S-0751,Nathan,Harris,+12606964338,nathan.harris@aol.com,,5926 Main Rd,Fort Wayne,Indiana,IN,26374,Seller,Code Violation,Property Needs Major Repairs,415334,214511,64,C,Nationwide Lead Gen,NEW
IN-B-0801,Justin,Sanders,+14634832539,justin.sanders@gmail.com,Justin Investments,,Indianapolis,Indiana,IN,,Buyer,,Buy and Hold,0,0,64,C,Nationwide Lead Gen,NEW
IA-B-0852,Carlos,Brooks,+17128932182,carlos.brooks@yahoo.com,Carlos Home Buyers,,Sioux City,Iowa,IA,,Buyer,,Buy and Hold,0,0,64,C,Nationwide Lead Gen,NEW
KS-S-0869,Barbara,James,+13162148904,barbara.james@aol.com,,9866 Technology Pkwy,Wichita,Kansas,KS,67218,Seller,Utility Shutoff,Job Relocation - Must Sell Fast,682735,387984,64,C,Nationwide Lead Gen,NEW
KS-S-0875,Brenda,Watson,+13164006363,brenda.watson@aol.com,,8196 Canyon Ln,Wichita,Kansas,KS,67284,Seller,Code Violation,Property Needs Major Repairs,212508,322762,64,C,Nationwide Lead Gen,NEW
KY-S-0890,Christine,Davis,+18596845851,christine.davis@yahoo.com,,459 Ridge Ct,Covington,Kentucky,KY,76070,Seller,Judgment,Job Relocation - Must Sell Fast,619664,243669,64,C,Nationwide Lead Gen,NEW
KY-S-0893,Ronald,Moore,+15029226654,ronald.moore@hotmail.com,,2834 Jackson St,Louisville,Kentucky,KY,40223,Seller,Utility Shutoff,Property in Probate - Estate Settlement,319700,46168,64,C,Nationwide Lead Gen,NEW
KY-S-0902,Jacob,Ortiz,+18596072119,jacob.ortiz@yahoo.com,,1015 Forest Way,Covington,Kentucky,KY,94626,Seller,Absentee Owner,Divorce Settlement Required,651541,373184,64,C,Nationwide Lead Gen,NEW
KY-S-0932,Katherine,Carter,+18593997492,katherine.carter@gmail.com,,1672 Adams Rd,Lexington,Kentucky,KY,70644,Seller,Absentee Owner,Absentee Owner - Lives Out of State,813882,207038,64,C,Nationwide Lead Gen,NEW
KY-B-0945,Jonathan,Carter,+18598541934,jonathan.carter@gmail.com,,,Lexington,Kentucky,KY,,Buyer,,Buy and Hold,0,0,64,C,Nationwide Lead Gen,NEW
KY-B-0954,Brenda,Long,+18599428499,brenda.long@outlook.com,Brenda Holdings,,Covington,Kentucky,KY,,Buyer,,Cash Buyer,0,0,64,C,Nationwide Lead Gen,NEW
MD-S-1075,Kevin,Taylor,+13013146673,kevin.taylor@hotmail.com,,1603 Lake Rd,Gaithersburg,Maryland,MD,24916,Seller,Probate,Distressed Property - Code Violations,385406,356218,64,C,Nationwide Lead Gen,NEW
MD-B-1134,Edward,Mitchell,+12404704924,edward.mitchell@yahoo.com,,,Rockville,Maryland,MD,,Buyer,,Investor,0,0,64,C,Nationwide Lead Gen,NEW
MD-B-1139,Jeffrey,Kim,+12405348888,jeffrey.kim@yahoo.com,,,Rockville,Maryland,MD,,Buyer,,Buy and Hold,0,0,64,C,Nationwide Lead Gen,NEW
MA-S-1165,Rachel,Hughes,+17748877568,rachel.hughes@gmail.com,,7747 Valley Blvd,Worcester,Massachusetts,MA,47402,Seller,Code Violation,Tax Lien & Pre-Foreclosure Opportunity,615454,313262,64,C,Nationwide Lead Gen,NEW
MA-S-1182,Sylvia,Martinez,+15082339963,sylvia.martinez@gmail.com,,3301 Enterprise Dr,Worcester,Massachusetts,MA,31840,Seller,Code Violation,Inherited Family Estate (Probate),334431,297657,64,C,Nationwide Lead Gen,NEW
MA-B-1191,Matthew,Scott,+17745444404,matthew.scott@gmail.com,,,Worcester,Massachusetts,MA,,Buyer,,Property Manager,0,0,64,C,Nationwide Lead Gen,NEW
MI-S-1243,Harold,Wright,+16162366681,harold.wright@gmail.com,,3167 Summit Pkwy,Grand Rapids,Michigan,MI,36761,Seller,Vacant Property,Distressed Property - Code Violations,783849,389319,64,C,Nationwide Lead Gen,NEW
MN-S-1308,Kenneth,Jimenez,+15073677664,kenneth.jimenez@hotmail.com,,6387 Valley Blvd,Rochester,Minnesota,MN,28639,Seller,Lien,Avoiding Foreclosure Auction,191137,117305,64,C,Nationwide Lead Gen,NEW
MN-S-1316,Shirley,Ortiz,+16127575478,shirley.ortiz@aol.com,,5666 Madison Ave,Minneapolis,Minnesota,MN,55448,Seller,Vacant Property,Inherited Property - Not Interested,128753,254320,64,C,Nationwide Lead Gen,NEW
MS-S-1385,Nathan,Smith,+17697543209,nathan.smith@yahoo.com,,3915 Enterprise Ln,Jackson,Mississippi,MS,39237,Seller,Condemned,Vacant Property - High Equity,554209,236201,64,C,Nationwide Lead Gen,NEW
MO-S-1396,Angela,Jones,+14175935698,angela.jones@yahoo.com,,4959 Adams Way,Springfield,Missouri,MO,66429,Seller,Judgment,Property Needs Major Repairs,606928,176729,64,C,Nationwide Lead Gen,NEW
MO-S-1441,Patrick,Evans,+18162577000,patrick.evans@outlook.com,,2708 Hill Dr,Kansas City,Missouri,MO,64176,Seller,High Equity,Property Needs Major Repairs,859761,239615,64,C,Nationwide Lead Gen,NEW
MO-S-1444,Debra,Gutierrez,+14179085462,debra.gutierrez@hotmail.com,,6539 Jefferson Pl,Springfield,Missouri,MO,44857,Seller,Pre-Foreclosure,Behind on Mortgage Payments,894915,78526,64,C,Nationwide Lead Gen,NEW
MT-S-1472,Rebecca,Young,+14062281851,rebecca.young@yahoo.com,,5912 Cedar Dr,Great Falls,Montana,MT,80576,Seller,Absentee Owner,Avoiding Foreclosure Auction,744293,245779,64,C,Nationwide Lead Gen,NEW
MT-B-1492,Henry,Diaz,+14067784285,henry.diaz@yahoo.com,,,Great Falls,Montana,MT,,Buyer,,Fix & Flip,0,0,64,C,Nationwide Lead Gen,NEW
NE-B-1522,Margaret,Cooper,+14024907281,margaret.cooper@outlook.com,Margaret Capital,,Lincoln,Nebraska,NE,,Buyer,,Cash Buyer,0,0,64,C,Nationwide Lead Gen,NEW
NV-S-1542,Susan,Gonzalez,+17025217947,susan.gonzalez@yahoo.com,,9000 Garden Dr,Henderson,Nevada,NV,20181,Seller,Vacant Property,Financial Hardship - Needs Cash,175985,54735,64,C,Nationwide Lead Gen,NEW
NJ-S-1621,Harold,Campbell,+19733089228,harold.campbell@hotmail.com,,2363 Technology Way,Paterson,New Jersey,NJ,69751,Seller,Lien,Vacant Property - High Equity,295856,269937,64,C,Nationwide Lead Gen,NEW
NM-S-1684,Amy,Moore,+15057246687,amy.moore@gmail.com,,3472 Business Blvd,Santa Fe,New Mexico,NM,71916,Seller,Lien,Inherited Family Estate (Probate),498523,187992,64,C,Nationwide Lead Gen,NEW
NY-B-1748,Jeffrey,White,+17164837579,jeffrey.white@yahoo.com,,,Buffalo,New York,NY,,Buyer,,Developer,0,0,64,C,Nationwide Lead Gen,NEW
NY-B-1765,Nicholas,Johnson,+17164236889,nicholas.johnson@yahoo.com,,,Buffalo,New York,NY,,Buyer,,REIT,0,0,64,C,Nationwide Lead Gen,NEW
NC-S-1781,Kimberly,Wilson,+13365297247,kimberly.wilson@outlook.com,,8933 Business St,Greensboro,North Carolina,NC,28643,Seller,Utility Shutoff,Property in Probate - Estate Settlement,160949,192356,64,C,Nationwide Lead Gen,NEW
NC-S-1783,Carlos,Patel,+17044379313,carlos.patel@aol.com,,7873 Park Ave,Charlotte,North Carolina,NC,28280,Seller,Bankruptcy,Property in Probate - Estate Settlement,768285,183110,64,C,Nationwide Lead Gen,NEW
ND-S-1858,Elena,Rivera,+17016841033,elena.rivera@hotmail.com,,4193 Hickory Dr,Bismarck,North Dakota,ND,92297,Seller,Utility Shutoff,Behind on Mortgage Payments,693744,58319,64,C,Nationwide Lead Gen,NEW
OH-S-1883,Alexander,Thompson,+16148819768,alexander.thompson@hotmail.com,,3511 Main Ct,Columbus,Ohio,OH,43243,Seller,Utility Shutoff,Tired Landlord - Ready to Exit,196689,137194,64,C,Nationwide Lead Gen,NEW
OH-B-1929,Peter,Thomas,+14192887454,peter.thomas@outlook.com,,,Toledo,Ohio,OH,,Buyer,,Investor,0,0,64,C,Nationwide Lead Gen,NEW
OK-B-2012,Jason,Mendoza,+14059761146,jason.mendoza@gmail.com,,,Oklahoma City,Oklahoma,OK,,Buyer,,Fix & Flip,0,0,64,C,Nationwide Lead Gen,NEW
OR-S-2034,Carmen,Davis,+15415509097,carmen.davis@gmail.com,,7494 Spring Ct,Bend,Oregon,OR,65754,Seller,Bankruptcy,Tax Lien & Pre-Foreclosure Opportunity,167911,201834,64,C,Nationwide Lead Gen,NEW
OR-S-2055,Aaron,Rogers,+15416955447,aaron.rogers@yahoo.com,,4896 Vista Ct,Eugene,Oregon,OR,39594,Seller,Bankruptcy,Tired Landlord - Ready to Exit,154199,210682,64,C,Nationwide Lead Gen,NEW
OR-S-2062,Gregory,Peterson,+15034455228,gregory.peterson@yahoo.com,,6705 Creek Pl,Salem,Oregon,OR,72655,Seller,Judgment,Behind on Mortgage Payments,906149,382781,64,C,Nationwide Lead Gen,NEW
OR-B-2086,Timothy,Ortiz,+15419989993,timothy.ortiz@gmail.com,Timothy Home Buyers,,Bend,Oregon,OR,,Buyer,,Buy and Hold,0,0,64,C,Nationwide Lead Gen,NEW
PA-S-2107,Matthew,Davis,+16104354146,matthew.davis@outlook.com,,469 Hickory Ct,Allentown,Pennsylvania,PA,61485,Seller,Eviction,Tax Lien & Pre-Foreclosure Opportunity,239293,237834,64,C,Nationwide Lead Gen,NEW
PA-S-2133,Jonathan,Patel,+16109527944,jonathan.patel@hotmail.com,,6539 Cedar St,Allentown,Pennsylvania,PA,23537,Seller,Lien,Tired Landlord - Ready to Exit,306904,381767,64,C,Nationwide Lead Gen,NEW
PA-S-2141,Yolanda,Moore,+18146551362,yolanda.moore@hotmail.com,,9335 Monroe Dr,Erie,Pennsylvania,PA,25788,Seller,Eviction,Tax Lien & Pre-Foreclosure Opportunity,736699,280749,64,C,Nationwide Lead Gen,NEW
PA-B-2151,Kenneth,Hernandez,+16105634864,kenneth.hernandez@gmail.com,Kenneth Realty,,Allentown,Pennsylvania,PA,,Buyer,,Property Manager,0,0,64,C,Nationwide Lead Gen,NEW
SC-S-2246,Ronald,Brown,+18648192134,ronald.brown@gmail.com,,4182 Monroe St,Greenville,South Carolina,SC,10000,Seller,Absentee Owner,Avoiding Foreclosure Auction,326624,118043,64,C,Nationwide Lead Gen,NEW
SC-B-2279,Amanda,Ortiz,+18037139178,amanda.ortiz@outlook.com,,,Columbia,South Carolina,SC,,Buyer,,Property Manager,0,0,64,C,Nationwide Lead Gen,NEW
SD-S-2299,Douglas,Cruz,+16058663311,douglas.cruz@outlook.com,,5889 Sunrise Pl,Aberdeen,South Dakota,SD,10668,Seller,High Equity,Tax Lien & Pre-Foreclosure Opportunity,488867,63642,64,C,Nationwide Lead Gen,NEW
TN-S-2358,Stephen,Torres,+16152972816,stephen.torres@gmail.com,,3078 Valley Ct,Nashville,Tennessee,TN,37233,Seller,Pre-Foreclosure,Inherited Property - Not Interested,894185,250827,64,C,Nationwide Lead Gen,NEW
TX-S-2386,Richard,Hall,+16827643377,richard.hall@yahoo.com,,4317 Industrial St,Fort Worth,Texas,TX,23872,Seller,Fire Damage,Property Needs Major Repairs,662465,204240,64,C,Nationwide Lead Gen,NEW
TX-S-2392,Katherine,Flores,+19157094444,katherine.flores@aol.com,,3524 Hickory Pkwy,El Paso,Texas,TX,56007,Seller,High Equity,Tired Landlord - Ready to Exit,650889,309010,64,C,Nationwide Lead Gen,NEW
TX-B-2450,Tyler,Stewart,+15122739028,tyler.stewart@outlook.com,Tyler Solutions,,Austin,Texas,TX,,Buyer,,Buy and Hold,0,0,64,C,Nationwide Lead Gen,NEW
TX-B-2453,Robert,Myers,+17377765246,robert.myers@yahoo.com,Robert Holdings,,Austin,Texas,TX,,Buyer,,Cash Buyer,0,0,64,C,Nationwide Lead Gen,NEW
UT-S-2503,Nicholas,Edwards,+18012736349,nicholas.edwards@gmail.com,,9098 Harrison Ct,Provo,Utah,UT,29828,Seller,Lien,Behind on Mortgage Payments,934267,175468,64,C,Nationwide Lead Gen,NEW
UT-S-2510,Emily,King,+18018066740,emily.king@outlook.com,,162 Forest Dr,Salt Lake City,Utah,UT,84102,Seller,Vacant Property,Out-of-State Absentee Landlord,483238,291057,64,C,Nationwide Lead Gen,NEW
WA-S-2662,Aaron,Clark,+12533816769,aaron.clark@gmail.com,,6808 Peak Rd,Tacoma,Washington,WA,51361,Seller,Eviction,Tired Landlord - Ready to Exit,869433,310488,64,C,Nationwide Lead Gen,NEW
WA-S-2665,Aaron,Jackson,+12066056655,aaron.jackson@yahoo.com,,7567 Oak St,Seattle,Washington,WA,98108,Seller,Bankruptcy,Property Needs Major Repairs,312279,236103,64,C,Nationwide Lead Gen,NEW
WY-S-2828,Thomas,Peterson,+13078456370,thomas.peterson@yahoo.com,,7002 Meadow Ln,Cheyenne,Wyoming,WY,82065,Seller,Probate,Property Needs Major Repairs,435133,192197,64,C,Nationwide Lead Gen,NEW
WY-S-2831,Linda,Morgan,+13077732164,linda.morgan@aol.com,,9585 Spring Pkwy,Cheyenne,Wyoming,WY,82074,Seller,Tax Delinquent,Vacant Property - High Equity,509880,81686,64,C,Nationwide Lead Gen,NEW
AL-S-0016,Elizabeth,Reyes,+13342677014,elizabeth.reyes@outlook.com,,6678 Main Way,Montgomery,Alabama,AL,36195,Seller,Judgment,Behind on Mortgage Payments,855202,129803,63,C,Nationwide Lead Gen,NEW
AL-B-0065,Gloria,Perez,+12059579157,gloria.perez@gmail.com,,,Birmingham,Alabama,AL,,Buyer,,Investor,0,0,63,C,Nationwide Lead Gen,NEW
AL-B-0072,Helen,Ruiz,+19384446481,helen.ruiz@outlook.com,Helen Capital,,Huntsville,Alabama,AL,,Buyer,,Property Manager,0,0,63,C,Nationwide Lead Gen,NEW
CA-S-0220,Heather,Bennett,+12796514743,heather.bennett@yahoo.com,,9396 Jackson Pl,Sacramento,California,CA,27353,Seller,Eviction,Inherited Family Estate (Probate),881924,273198,63,C,Nationwide Lead Gen,NEW
CA-B-0274,Edward,Long,+16698259049,edward.long@outlook.com,,,San Jose,California,CA,,Buyer,,Cash Buyer,0,0,63,C,Nationwide Lead Gen,NEW
CO-S-0298,Rachel,King,+19708844743,rachel.king@yahoo.com,,6868 Spring Dr,Fort Collins,Colorado,CO,68460,Seller,Vacant Property,Absentee Owner - Lives Out of State,498264,320206,63,C,Nationwide Lead Gen,NEW
CO-B-0339,Stephanie,Turner,+13033447203,stephanie.turner@outlook.com,,,Aurora,Colorado,CO,,Buyer,,Buy and Hold,0,0,63,C,Nationwide Lead Gen,NEW
CO-B-0340,Stephanie,Miller,+17202085482,stephanie.miller@outlook.com,Stephanie Properties,,Aurora,Colorado,CO,,Buyer,,Cash Buyer,0,0,63,C,Nationwide Lead Gen,NEW
CT-S-0404,Samantha,Jimenez,+14757093573,samantha.jimenez@gmail.com,,7216 Adams Blvd,New Haven,Connecticut,CT,65448,Seller,Judgment,Divorce Settlement Required,534986,201185,63,C,Nationwide Lead Gen,NEW
DE-S-0449,Helen,Gomez,+13024512418,helen.gomez@aol.com,,7225 Sunset Pl,Dover,Delaware,DE,62975,Seller,Utility Shutoff,Property Needs Major Repairs,472278,174410,63,C,Nationwide Lead Gen,NEW
FL-S-0471,Karen,Alvarez,+13057853790,karen.alvarez@gmail.com,,8737 Valley Ln,Miami,Florida,FL,33182,Seller,Vacant Property,Tax Lien & Pre-Foreclosure Opportunity,587483,349806,63,C,Nationwide Lead Gen,NEW
FL-S-0487,Rachel,Walker,+18136399855,rachel.walker@aol.com,,4265 Hill Dr,Tampa,Florida,FL,95532,Seller,High Equity,Financial Hardship - Needs Cash,393779,227184,63,C,Nationwide Lead Gen,NEW
FL-S-0492,Sylvia,Long,+18502048207,sylvia.long@gmail.com,,8448 Walnut Ln,Tallahassee,Florida,FL,20183,Seller,Vacant Property,Behind on Mortgage Payments,131926,218670,63,C,Nationwide Lead Gen,NEW
GA-S-0581,Nicholas,Diaz,+19126561378,nicholas.diaz@hotmail.com,,5218 Park Pkwy,Savannah,Georgia,GA,82521,Seller,Pre-Foreclosure,Tax Lien & Pre-Foreclosure Opportunity,223569,186064,63,C,Nationwide Lead Gen,NEW
ID-B-0669,Patricia,Roberts,+12084756606,patricia.roberts@yahoo.com,,,Meridian,Idaho,ID,,Buyer,,REIT,0,0,63,C,Nationwide Lead Gen,NEW
ID-B-0673,Larry,Robinson,+12089475644,larry.robinson@yahoo.com,Larry Home Buyers,,Boise,Idaho,ID,,Buyer,,Property Manager,0,0,63,C,Nationwide Lead Gen,NEW
IL-S-0714,Yolanda,Young,+16303884127,yolanda.young@hotmail.com,,4362 Maple Rd,Aurora,Illinois,IL,32058,Seller,Pre-Foreclosure,Absentee Owner - Lives Out of State,677072,395638,63,C,Nationwide Lead Gen,NEW
IL-B-0734,Angela,Gutierrez,+13316198222,angela.gutierrez@outlook.com,Angela Acquisitions,,Naperville,Illinois,IL,,Buyer,,Buy and Hold,0,0,63,C,Nationwide Lead Gen,NEW
IN-S-0760,Raymond,Johnson,+13172462319,raymond.johnson@outlook.com,,4051 Jackson Pkwy,Indianapolis,Indiana,IN,46257,Seller,Condemned,Divorce Settlement Required,359676,261260,63,C,Nationwide Lead Gen,NEW
IN-S-0763,Michael,Morgan,+18128487196,michael.morgan@yahoo.com,,7067 River Rd,Evansville,Indiana,IN,10337,Seller,Code Violation,Property in Probate - Estate Settlement,310973,267957,63,C,Nationwide Lead Gen,NEW
IN-S-0789,Brenda,Walker,+12605003622,brenda.walker@hotmail.com,,3803 Main Ln,Fort Wayne,Indiana,IN,68418,Seller,Fire Damage,Absentee Owner - Lives Out of State,406734,288586,63,C,Nationwide Lead Gen,NEW
KY-S-0889,Susan,Gray,+15027421378,susan.gray@yahoo.com,,4874 Business Pkwy,Louisville,Kentucky,KY,40223,Seller,Tax Delinquent,Avoiding Foreclosure Auction,818787,228982,63,C,Nationwide Lead Gen,NEW
LA-B-1028,Jack,Morris,+13374388403,jack.morris@gmail.com,,,Lafayette,Louisiana,LA,,Buyer,,Property Manager,0,0,63,C,Nationwide Lead Gen,NEW
ME-B-1060,Samantha,Moore,+12077346052,samantha.moore@outlook.com,Samantha Investments,,Lewiston,Maine,ME,,Buyer,,Developer,0,0,63,C,Nationwide Lead Gen,NEW
MA-S-1158,Scott,Morris,+18575386152,scott.morris@yahoo.com,,1759 Chestnut Rd,Boston,Massachusetts,MA,2109,Seller,Judgment,Job Relocation - Must Sell Fast,374119,63552,63,C,Nationwide Lead Gen,NEW
MA-B-1194,Christine,Nelson,+15088496404,christine.nelson@outlook.com,,,Worcester,Massachusetts,MA,,Buyer,,Cash Buyer,0,0,63,C,Nationwide Lead Gen,NEW
MI-S-1227,John,Reyes,+17342183139,john.reyes@outlook.com,,6956 Highland Blvd,Ann Arbor,Michigan,MI,40498,Seller,Fire Damage,Tax Lien & Pre-Foreclosure Opportunity,497210,66791,63,C,Nationwide Lead Gen,NEW
MI-B-1288,Ryan,Patel,+15173024974,ryan.patel@gmail.com,Ryan Home Buyers,,Lansing,Michigan,MI,,Buyer,,Investor,0,0,63,C,Nationwide Lead Gen,NEW
MN-B-1344,Elena,Parker,+15076351212,elena.parker@gmail.com,,,Rochester,Minnesota,MN,,Buyer,,Fix & Flip,0,0,63,C,Nationwide Lead Gen,NEW
MN-B-1349,Gloria,Stewart,+16517409794,gloria.stewart@yahoo.com,Gloria Realty,,St. Paul,Minnesota,MN,,Buyer,,Buy and Hold,0,0,63,C,Nationwide Lead Gen,NEW
MS-S-1369,Patricia,Thompson,+16017475144,patricia.thompson@hotmail.com,,9630 Park St,Hattiesburg,Mississippi,MS,36039,Seller,Bankruptcy,Tired Landlord - Ready to Exit,910432,235473,63,C,Nationwide Lead Gen,NEW
MS-B-1391,Larry,Robinson,+17693527078,larry.robinson@yahoo.com,,,Jackson,Mississippi,MS,,Buyer,,Developer,0,0,63,C,Nationwide Lead Gen,NEW
NE-S-1515,Paul,James,+14024277293,paul.james@yahoo.com,,6045 Summit Way,Lincoln,Nebraska,NE,28787,Seller,Probate,Tax Lien & Pre-Foreclosure Opportunity,422264,231665,63,C,Nationwide Lead Gen,NEW
NV-S-1546,Jason,Howard,+17252004771,jason.howard@hotmail.com,,7852 Meadow Ave,Las Vegas,Nevada,NV,89101,Seller,Vacant Property,Inherited Property - Not Interested,720200,200811,63,C,Nationwide Lead Gen,NEW
NV-B-1555,Amy,Morales,+17752719469,amy.morales@outlook.com,Amy Solutions,,Sparks,Nevada,NV,,Buyer,,Wholesaler,0,0,63,C,Nationwide Lead Gen,NEW
NJ-S-1640,Brian,Patel,+19083805146,brian.patel@hotmail.com,,3256 Maple Rd,Elizabeth,New Jersey,NJ,13017,Seller,Code Violation,Tax Lien & Pre-Foreclosure Opportunity,548355,329481,63,C,Nationwide Lead Gen,NEW
NM-B-1691,John,Young,+15057066053,john.young@gmail.com,John Holdings,,Santa Fe,New Mexico,NM,,Buyer,,Developer,0,0,63,C,Nationwide Lead Gen,NEW
NY-S-1696,Jason,Gomez,+13157607850,jason.gomez@outlook.com,,1492 Creek Dr,Syracuse,New York,NY,27608,Seller,Probate,Property Needs Major Repairs,123022,114274,63,C,Nationwide Lead Gen,NEW
NY-S-1713,Samantha,Jimenez,+13157216957,samantha.jimenez@gmail.com,,5439 Park Rd,Syracuse,New York,NY,22858,Seller,Eviction,Financial Hardship - Needs Cash,317543,175382,63,C,Nationwide Lead Gen,NEW
NY-S-1734,Jacob,Morales,+17165842116,jacob.morales@outlook.com,,7974 Chestnut Blvd,Buffalo,New York,NY,14295,Seller,Pre-Foreclosure,Financial Hardship - Needs Cash,920628,251576,63,C,Nationwide Lead Gen,NEW
NY-S-1740,Debra,Nelson,+17166998761,debra.nelson@yahoo.com,,4035 Harrison Ave,Buffalo,New York,NY,14284,Seller,High Equity,Inherited Family Estate (Probate),661997,109626,63,C,Nationwide Lead Gen,NEW
NC-S-1773,Kevin,Collins,+19198242000,kevin.collins@gmail.com,,2590 Madison Dr,Raleigh,North Carolina,NC,76656,Seller,High Equity,Distressed Property - Code Violations,482187,214914,63,C,Nationwide Lead Gen,NEW
ND-S-1855,Linda,Morris,+17019801573,linda.morris@hotmail.com,,6200 Harrison Way,Fargo,North Dakota,ND,58124,Seller,High Equity,Financial Hardship - Needs Cash,338333,307810,63,C,Nationwide Lead Gen,NEW
OH-B-1940,Brenda,Castillo,+12167995194,brenda.castillo@yahoo.com,Brenda Solutions,,Cleveland,Ohio,OH,,Buyer,,Developer,0,0,63,C,Nationwide Lead Gen,NEW
OK-S-1990,Michael,Ramos,+14054112067,michael.ramos@aol.com,,4674 Walnut Rd,Norman,Oklahoma,OK,99327,Seller,Lien,Tax Lien & Pre-Foreclosure Opportunity,431457,391958,63,C,Nationwide Lead Gen,NEW
OK-B-2025,Emily,Morales,+14052816345,emily.morales@yahoo.com,,,Oklahoma City,Oklahoma,OK,,Buyer,,REIT,0,0,63,C,Nationwide Lead Gen,NEW
PA-S-2119,George,Young,+14123247203,george.young@gmail.com,,6134 Enterprise Rd,Pittsburgh,Pennsylvania,PA,87668,Seller,Tax Delinquent,Financial Hardship - Needs Cash,782106,70401,63,C,Nationwide Lead Gen,NEW
PA-B-2158,Angela,Martin,+16105057476,angela.martin@gmail.com,Angela Holdings,,Allentown,Pennsylvania,PA,,Buyer,,Wholesaler,0,0,63,C,Nationwide Lead Gen,NEW
SC-S-2220,Anthony,Phillips,+18438227965,anthony.phillips@aol.com,,7787 Commerce St,Myrtle Beach,South Carolina,SC,39986,Seller,Utility Shutoff,Tired Landlord - Ready to Exit,132324,186455,63,C,Nationwide Lead Gen,NEW
SC-S-2235,Gary,Garcia,+18038485629,gary.garcia@yahoo.com,,9633 Peak Ln,Columbia,South Carolina,SC,83086,Seller,Code Violation,Tired Landlord - Ready to Exit,492895,217896,63,C,Nationwide Lead Gen,NEW
SC-B-2261,Samantha,Gray,+18436946512,samantha.gray@outlook.com,,,Charleston,South Carolina,SC,,Buyer,,Property Manager,0,0,63,C,Nationwide Lead Gen,NEW
SC-B-2264,David,Johnson,+18032231082,david.johnson@outlook.com,,,Columbia,South Carolina,SC,,Buyer,,Property Manager,0,0,63,C,Nationwide Lead Gen,NEW
TN-S-2346,Kevin,Brooks,+18655027822,kevin.brooks@outlook.com,,7467 Monroe Ln,Knoxville,Tennessee,TN,91035,Seller,Lien,Divorce Settlement Required,392154,67828,63,C,Nationwide Lead Gen,NEW
TN-B-2384,Barbara,Anderson,+18655357052,barbara.anderson@outlook.com,Barbara Properties,,Knoxville,Tennessee,TN,,Buyer,,Wholesaler,0,0,63,C,Nationwide Lead Gen,NEW
TX-S-2387,Nathan,Foster,+17138732301,nathan.foster@outlook.com,,1544 Sunrise Ave,Houston,Texas,TX,77086,Seller,Condemned,Property Needs Major Repairs,596253,189034,63,C,Nationwide Lead Gen,NEW
UT-S-2507,Harold,Ross,+18018557730,harold.ross@outlook.com,,9469 Creek Ct,Provo,Utah,UT,52874,Seller,Absentee Owner,Inherited Family Estate (Probate),432810,161625,63,C,Nationwide Lead Gen,NEW
VT-S-2542,Pamela,Allen,+18027059916,pamela.allen@yahoo.com,,7306 Highland Pl,Burlington,Vermont,VT,5492,Seller,Eviction,Tired Landlord - Ready to Exit,359976,322926,63,C,Nationwide Lead Gen,NEW
VA-B-2633,Kenneth,Ross,+17038629589,kenneth.ross@outlook.com,,,Arlington,Virginia,VA,,Buyer,,REIT,0,0,63,C,Nationwide Lead Gen,NEW
WA-B-2701,Emily,Carter,+15095505323,emily.carter@yahoo.com,Emily Acquisitions,,Spokane,Washington,WA,,Buyer,,REIT,0,0,63,C,Nationwide Lead Gen,NEW
WV-B-2740,Katherine,Hernandez,+13047389067,katherine.hernandez@yahoo.com,Katherine Properties,,Morgantown,West Virginia,WV,,Buyer,,Property Manager,0,0,63,C,Nationwide Lead Gen,NEW
WI-S-2746,Rebecca,Torres,+14146103396,rebecca.torres@outlook.com,,1199 Cedar Blvd,Milwaukee,Wisconsin,WI,53210,Seller,Utility Shutoff,Inherited Property - Not Interested,937729,206572,63,C,Nationwide Lead Gen,NEW
WI-S-2759,Susan,Long,+12624144362,susan.long@aol.com,,6791 Hickory Pl,Kenosha,Wisconsin,WI,83759,Seller,Eviction,Behind on Mortgage Payments,532502,345149,63,C,Nationwide Lead Gen,NEW
WI-S-2766,Jacob,Allen,+12628195630,jacob.allen@aol.com,,1970 Maple Pkwy,Kenosha,Wisconsin,WI,82038,Seller,Tax Delinquent,Divorce Settlement Required,533316,255169,63,C,Nationwide Lead Gen,NEW
WI-B-2816,Heather,Jackson,+19209431912,heather.jackson@outlook.com,,,Green Bay,Wisconsin,WI,,Buyer,,Cash Buyer,0,0,63,C,Nationwide Lead Gen,NEW
WY-S-2822,Edward,Nguyen,+13074373146,edward.nguyen@outlook.com,,3130 Pine Way,Laramie,Wyoming,WY,71085,Seller,Fire Damage,Property Needs Major Repairs,703915,58654,63,C,Nationwide Lead Gen,NEW
AL-S-0003,George,Bennett,+19384153420,george.bennett@gmail.com,,150 Madison Rd,Huntsville,Alabama,AL,68891,Seller,Tax Delinquent,Inherited Family Estate (Probate),887503,170402,62,C,Nationwide Lead Gen,NEW
AL-S-0024,Katherine,Kelly,+12052452643,katherine.kelly@hotmail.com,,3616 Hickory Rd,Birmingham,Alabama,AL,35241,Seller,Probate,Distressed Property - Code Violations,325737,127497,62,C,Nationwide Lead Gen,NEW
AL-B-0066,Katherine,Wilson,+13349261126,katherine.wilson@gmail.com,Katherine Solutions,,Montgomery,Alabama,AL,,Buyer,,Buy and Hold,0,0,62,C,Nationwide Lead Gen,NEW
AL-B-0074,Richard,Parker,+12059282812,richard.parker@gmail.com,,,Birmingham,Alabama,AL,,Buyer,,Developer,0,0,62,C,Nationwide Lead Gen,NEW
AK-S-0081,Rachel,Anderson,+19078144361,rachel.anderson@outlook.com,,6999 Ridge Ave,Anchorage,Alaska,AK,99577,Seller,Probate,Inherited Family Estate (Probate),173818,284466,62,C,Nationwide Lead Gen,NEW
AR-B-0210,Sylvia,Scott,+18706756778,sylvia.scott@outlook.com,Sylvia Holdings,,Jonesboro,Arkansas,AR,,Buyer,,REIT,0,0,62,C,Nationwide Lead Gen,NEW
CA-S-0249,Joseph,Johnson,+15596093722,joseph.johnson@aol.com,,5622 Elm Pl,Fresno,California,CA,93770,Seller,Bankruptcy,Inherited Family Estate (Probate),865033,187610,62,C,Nationwide Lead Gen,NEW
CA-S-0256,Angela,Robinson,+15104177523,angela.robinson@hotmail.com,,5296 Creek Dr,Oakland,California,CA,97775,Seller,Lien,Distressed Property - Code Violations,646257,106426,62,C,Nationwide Lead Gen,NEW
CO-S-0303,Amanda,Morales,+19704743076,amanda.morales@aol.com,,8258 Adams Pl,Fort Collins,Colorado,CO,20239,Seller,Fire Damage,Distressed Property - Code Violations,170656,339898,62,C,Nationwide Lead Gen,NEW
CO-B-0337,Robert,Lopez,+19709868013,robert.lopez@yahoo.com,,,Fort Collins,Colorado,CO,,Buyer,,Cash Buyer,0,0,62,C,Nationwide Lead Gen,NEW
CO-B-0349,Angela,Edwards,+17209837457,angela.edwards@outlook.com,Angela Realty,,Aurora,Colorado,CO,,Buyer,,Investor,0,0,62,C,Nationwide Lead Gen,NEW
CT-B-0420,Rebecca,Lopez,+12035573749,rebecca.lopez@outlook.com,Rebecca Acquisitions,,New Haven,Connecticut,CT,,Buyer,,Fix & Flip,0,0,62,C,Nationwide Lead Gen,NEW
DE-S-0437,Deborah,Bennett,+13026429796,deborah.bennett@yahoo.com,,4156 Harrison Rd,Newark,Delaware,DE,98253,Seller,Code Violation,Property Needs Major Repairs,317520,158568,62,C,Nationwide Lead Gen,NEW
FL-B-0522,Douglas,Gonzalez,+19049867833,douglas.gonzalez@outlook.com,Douglas Investments,,Jacksonville,Florida,FL,,Buyer,,Buy and Hold,0,0,62,C,Nationwide Lead Gen,NEW
GA-S-0557,Eric,Rogers,+17065294622,eric.rogers@yahoo.com,,6815 Jackson Ct,Columbus,Georgia,GA,72090,Seller,Judgment,Job Relocation - Must Sell Fast,803580,231487,62,C,Nationwide Lead Gen,NEW
HI-B-0640,Timothy,Williams,+18082633415,timothy.williams@yahoo.com,Timothy Realty,,Kailua,Hawaii,HI,,Buyer,,REIT,0,0,62,C,Nationwide Lead Gen,NEW
ID-S-0665,Margaret,James,+12087745173,margaret.james@aol.com,,891 Pine Ln,Boise,Idaho,ID,83747,Seller,Utility Shutoff,Divorce Settlement Required,385828,110243,62,C,Nationwide Lead Gen,NEW
IL-S-0684,Timothy,Nelson,+16306628745,timothy.nelson@yahoo.com,,1915 Chestnut Dr,Aurora,Illinois,IL,30442,Seller,Vacant Property,Tax Lien & Pre-Foreclosure Opportunity,155940,151949,62,C,Nationwide Lead Gen,NEW
IL-S-0724,Robert,Campbell,+13314013233,robert.campbell@yahoo.com,,9314 Garden Ln,Naperville,Illinois,IL,25626,Seller,Eviction,Job Relocation - Must Sell Fast,350710,278287,62,C,Nationwide Lead Gen,NEW
IL-B-0732,Carlos,Rogers,+13316847101,carlos.rogers@outlook.com,,,Naperville,Illinois,IL,,Buyer,,Cash Buyer,0,0,62,C,Nationwide Lead Gen,NEW
IN-S-0781,Rachel,Howard,+15746288580,rachel.howard@hotmail.com,,2649 Adams Pl,South Bend,Indiana,IN,64578,Seller,Bankruptcy,Property Needs Major Repairs,588663,87691,62,C,Nationwide Lead Gen,NEW
IN-S-0792,Robert,Hughes,+13175124200,robert.hughes@aol.com,,386 Technology Ln,Indianapolis,Indiana,IN,46234,Seller,High Equity,Avoiding Foreclosure Auction,254458,268303,62,C,Nationwide Lead Gen,NEW
IN-B-0813,Angela,Thomas,+15746706495,angela.thomas@yahoo.com,,,South Bend,Indiana,IN,,Buyer,,Fix & Flip,0,0,62,C,Nationwide Lead Gen,NEW
IA-S-0838,Eric,Miller,+17124728379,eric.miller@outlook.com,,1355 Chestnut Way,Sioux City,Iowa,IA,31668,Seller,Absentee Owner,Job Relocation - Must Sell Fast,475223,312534,62,C,Nationwide Lead Gen,NEW
KS-B-0878,Jennifer,Gutierrez,+19136693860,jennifer.gutierrez@yahoo.com,,,Overland Park,Kansas,KS,,Buyer,,Investor,0,0,62,C,Nationwide Lead Gen,NEW
KY-S-0898,Jonathan,Johnson,+18594928212,jonathan.johnson@gmail.com,,1784 Valley Blvd,Covington,Kentucky,KY,37354,Seller,Fire Damage,Job Relocation - Must Sell Fast,447596,107226,62,C,Nationwide Lead Gen,NEW
LA-S-0986,Anthony,Williams,+12257983804,anthony.williams@hotmail.com,,7666 Sunset Ct,Baton Rouge,Louisiana,LA,24802,Seller,Utility Shutoff,Out-of-State Absentee Landlord,141211,42400,62,C,Nationwide Lead Gen,NEW
MD-S-1073,Angela,Rogers,+14104777009,angela.rogers@outlook.com,,228 Summit Pkwy,Baltimore,Maryland,MD,21234,Seller,Condemned,Inherited Family Estate (Probate),681613,299255,62,C,Nationwide Lead Gen,NEW
MA-S-1156,George,Alvarez,+15083303450,george.alvarez@aol.com,,8150 Jackson Pkwy,Worcester,Massachusetts,MA,34564,Seller,Code Violation,Distressed Property - Code Violations,874925,307241,62,C,Nationwide Lead Gen,NEW
MI-B-1269,Karen,Baker,+16162314031,karen.baker@yahoo.com,Karen Solutions,,Grand Rapids,Michigan,MI,,Buyer,,Property Manager,0,0,62,C,Nationwide Lead Gen,NEW
MN-B-1342,Heather,Parker,+16517526153,heather.parker@yahoo.com,,,St. Paul,Minnesota,MN,,Buyer,,Investor,0,0,62,C,Nationwide Lead Gen,NEW
MN-B-1354,Christopher,Hernandez,+15072753363,christopher.hernandez@gmail.com,Christopher Acquisitions,,Rochester,Minnesota,MN,,Buyer,,Developer,0,0,62,C,Nationwide Lead Gen,NEW
MS-S-1382,Maria,Nguyen,+12283199107,maria.nguyen@outlook.com,,9219 Walnut Ln,Gulfport,Mississippi,MS,64575,Seller,Judgment,Property in Probate - Estate Settlement,941514,375686,62,C,Nationwide Lead Gen,NEW
MO-S-1429,Donald,Morgan,+18168682970,donald.morgan@outlook.com,,2280 Creek Ln,Independence,Missouri,MO,86598,Seller,Judgment,Out-of-State Absentee Landlord,917285,348730,62,C,Nationwide Lead Gen,NEW
MO-B-1457,Kenneth,Rogers,+16366705908,kenneth.rogers@outlook.com,Kenneth Home Buyers,,St. Louis,Missouri,MO,,Buyer,,Fix & Flip,0,0,62,C,Nationwide Lead Gen,NEW
NV-S-1535,Stephen,Campbell,+17023037385,stephen.campbell@aol.com,,7114 Highland Pkwy,Henderson,Nevada,NV,21742,Seller,Judgment,Property Needs Major Repairs,567538,249698,62,C,Nationwide Lead Gen,NEW
NV-S-1540,John,Lopez,+17024384170,john.lopez@gmail.com,,7202 Meadow Ct,Las Vegas,Nevada,NV,89181,Seller,Bankruptcy,Inherited Property - Not Interested,789719,155103,62,C,Nationwide Lead Gen,NEW
NJ-B-1645,Gary,Roberts,+12013115587,gary.roberts@outlook.com,Gary Solutions,,Jersey City,New Jersey,NJ,,Buyer,,Developer,0,0,62,C,Nationwide Lead Gen,NEW
NJ-B-1648,Maria,Nguyen,+19087547083,maria.nguyen@yahoo.com,Maria Solutions,,Elizabeth,New Jersey,NJ,,Buyer,,Property Manager,0,0,62,C,Nationwide Lead Gen,NEW
NM-S-1670,Nathan,Taylor,+15054767156,nathan.taylor@outlook.com,,3993 Commerce Pl,Santa Fe,New Mexico,NM,20156,Seller,Eviction,Financial Hardship - Needs Cash,947956,185880,62,C,Nationwide Lead Gen,NEW
NM-S-1674,Pamela,Allen,+15056469466,pamela.allen@gmail.com,,5766 Jackson Rd,Albuquerque,New Mexico,NM,87162,Seller,Bankruptcy,Out-of-State Absentee Landlord,322170,308950,62,C,Nationwide Lead Gen,NEW
NM-B-1688,Eric,Flores,+15058293539,eric.flores@gmail.com,,,Albuquerque,New Mexico,NM,,Buyer,,Property Manager,0,0,62,C,Nationwide Lead Gen,NEW
NM-B-1694,Gary,Scott,+15058207923,gary.scott@yahoo.com,Gary Holdings,,Albuquerque,New Mexico,NM,,Buyer,,Property Manager,0,0,62,C,Nationwide Lead Gen,NEW
NY-S-1720,Sharon,Gonzalez,+13158384397,sharon.gonzalez@outlook.com,,7719 Maple Rd,Syracuse,New York,NY,40452,Seller,Lien,Out-of-State Absentee Landlord,437311,244695,62,C,Nationwide Lead Gen,NEW
NY-S-1735,Carolyn,Price,+15182432792,carolyn.price@hotmail.com,,8448 Monroe Pkwy,Albany,New York,NY,63587,Seller,Absentee Owner,Financial Hardship - Needs Cash,622131,137777,62,C,Nationwide Lead Gen,NEW
NY-S-1736,Kenneth,Johnson,+13152972070,kenneth.johnson@outlook.com,,6060 Elm Ave,Syracuse,New York,NY,30533,Seller,Code Violation,Job Relocation - Must Sell Fast,600985,302513,62,C,Nationwide Lead Gen,NEW
NC-S-1782,Jonathan,Robinson,+13363884907,jonathan.robinson@yahoo.com,,8323 Canyon Pl,Greensboro,North Carolina,NC,45315,Seller,Code Violation,Divorce Settlement Required,696913,221348,62,C,Nationwide Lead Gen,NEW
NC-S-1793,Stephanie,Harris,+19807856273,stephanie.harris@hotmail.com,,7273 Enterprise Ct,Charlotte,North Carolina,NC,28265,Seller,Vacant Property,Job Relocation - Must Sell Fast,572430,360882,62,C,Nationwide Lead Gen,NEW
NC-S-1806,Emma,Torres,+13364763516,emma.torres@yahoo.com,,9534 Park Pkwy,Greensboro,North Carolina,NC,39288,Seller,Code Violation,Absentee Owner - Lives Out of State,888609,122189,62,C,Nationwide Lead Gen,NEW
NC-B-1831,Jason,Cox,+19809697312,jason.cox@gmail.com,Jason Solutions,,Charlotte,North Carolina,NC,,Buyer,,REIT,0,0,62,C,Nationwide Lead Gen,NEW
NC-B-1834,Heather,Campbell,+17042164067,heather.campbell@yahoo.com,,,Charlotte,North Carolina,NC,,Buyer,,Fix & Flip,0,0,62,C,Nationwide Lead Gen,NEW
OH-S-1904,Elizabeth,Robinson,+15132627596,elizabeth.robinson@aol.com,,6550 Madison Ln,Cincinnati,Ohio,OH,87290,Seller,High Equity,Distressed Property - Code Violations,130014,230791,62,C,Nationwide Lead Gen,NEW
OH-S-1906,Mary,Bailey,+15137127513,mary.bailey@yahoo.com,,4966 Forest Way,Cincinnati,Ohio,OH,91659,Seller,Pre-Foreclosure,Inherited Property - Not Interested,428235,196299,62,C,Nationwide Lead Gen,NEW
OR-S-2054,Alexander,Parker,+15418658610,alexander.parker@aol.com,,2188 Sunrise Blvd,Eugene,Oregon,OR,80659,Seller,Absentee Owner,Absentee Owner - Lives Out of State,401701,228910,62,C,Nationwide Lead Gen,NEW
OR-S-2056,Ronald,Gray,+19716444017,ronald.gray@yahoo.com,,4675 Forest Ln,Portland,Oregon,OR,97297,Seller,Fire Damage,Property Needs Major Repairs,317168,187294,62,C,Nationwide Lead Gen,NEW
OR-S-2059,Cynthia,Cruz,+15035581612,cynthia.cruz@aol.com,,6550 Lincoln Pkwy,Salem,Oregon,OR,81037,Seller,Tax Delinquent,Behind on Mortgage Payments,926322,61776,62,C,Nationwide Lead Gen,NEW
PA-S-2120,Shirley,Clark,+16103426501,shirley.clark@gmail.com,,6129 Ridge Pl,Allentown,Pennsylvania,PA,70960,Seller,Bankruptcy,Out-of-State Absentee Landlord,355480,221762,62,C,Nationwide Lead Gen,NEW
PA-S-2139,Patrick,Green,+14124713675,patrick.green@hotmail.com,,9052 Adams Way,Pittsburgh,Pennsylvania,PA,39840,Seller,High Equity,Financial Hardship - Needs Cash,256290,319045,62,C,Nationwide Lead Gen,NEW
RI-S-2188,Adam,Nelson,+14017821478,adam.nelson@outlook.com,,4905 Technology Rd,Cranston,Rhode Island,RI,50144,Seller,Tax Delinquent,Vacant Property - High Equity,435700,285992,62,C,Nationwide Lead Gen,NEW
RI-B-2196,Michelle,Myers,+14019877104,michelle.myers@outlook.com,Michelle Acquisitions,,Cranston,Rhode Island,RI,,Buyer,,Investor,0,0,62,C,Nationwide Lead Gen,NEW
SC-B-2257,Elizabeth,Scott,+18649126363,elizabeth.scott@gmail.com,,,Greenville,South Carolina,SC,,Buyer,,Buy and Hold,0,0,62,C,Nationwide Lead Gen,NEW
SC-B-2267,Jacob,Lee,+18432366747,jacob.lee@outlook.com,Jacob Acquisitions,,Charleston,South Carolina,SC,,Buyer,,Wholesaler,0,0,62,C,Nationwide Lead Gen,NEW
TN-S-2328,Jonathan,Sanchez,+16159491539,jonathan.sanchez@gmail.com,,5811 Peak Pkwy,Nashville,Tennessee,TN,37229,Seller,High Equity,Vacant Property - High Equity,727013,259871,62,C,Nationwide Lead Gen,NEW
TX-S-2400,Richard,Parker,+12108001021,richard.parker@aol.com,,6240 Technology Pl,San Antonio,Texas,TX,64948,Seller,High Equity,Tired Landlord - Ready to Exit,193970,367413,62,C,Nationwide Lead Gen,NEW
TX-B-2441,Carol,Richardson,+16826281993,carol.richardson@outlook.com,Carol Acquisitions,,Fort Worth,Texas,TX,,Buyer,,Investor,0,0,62,C,Nationwide Lead Gen,NEW
VA-S-2583,Catherine,Turner,+17576369833,catherine.turner@outlook.com,,642 Innovation Rd,Norfolk,Virginia,VA,88501,Seller,Fire Damage,Inherited Property - Not Interested,419966,150833,62,C,Nationwide Lead Gen,NEW
VA-S-2607,Emma,Morales,+17039077128,emma.morales@yahoo.com,,5761 Birch Rd,Arlington,Virginia,VA,40087,Seller,Eviction,Property in Probate - Estate Settlement,278806,301052,62,C,Nationwide Lead Gen,NEW
VA-B-2636,Cynthia,Rogers,+17577986459,cynthia.rogers@outlook.com,,,Norfolk,Virginia,VA,,Buyer,,Wholesaler,0,0,62,C,Nationwide Lead Gen,NEW
WA-S-2658,Maria,Ramos,+15092201237,maria.ramos@hotmail.com,,5670 Valley Way,Spokane,Washington,WA,73541,Seller,Eviction,Distressed Property - Code Violations,821818,320100,62,C,Nationwide Lead Gen,NEW
WV-B-2737,Mary,Moore,+13043576477,mary.moore@outlook.com,Mary Home Buyers,,Huntington,West Virginia,WV,,Buyer,,Developer,0,0,62,C,Nationwide Lead Gen,NEW
WI-S-2756,Jennifer,Nelson,+19208399199,jennifer.nelson@gmail.com,,3096 Vista Blvd,Green Bay,Wisconsin,WI,28961,Seller,Absentee Owner,Job Relocation - Must Sell Fast,813835,349089,62,C,Nationwide Lead Gen,NEW
WI-S-2773,Michael,Gomez,+19204041732,michael.gomez@hotmail.com,,4402 Technology Ave,Green Bay,Wisconsin,WI,37228,Seller,Tax Delinquent,Vacant Property - High Equity,247279,61003,62,C,Nationwide Lead Gen,NEW
AL-S-0026,Lisa,Brooks,+12053766197,lisa.brooks@gmail.com,,4915 Sunrise Ct,Birmingham,Alabama,AL,35274,Seller,Bankruptcy,Financial Hardship - Needs Cash,318264,264387,61,C,Nationwide Lead Gen,NEW
AL-B-0056,Peter,Howard,+16592262742,peter.howard@gmail.com,Peter Solutions,,Birmingham,Alabama,AL,,Buyer,,Cash Buyer,0,0,61,C,Nationwide Lead Gen,NEW
AZ-B-0163,Michael,Mitchell,+14807748618,michael.mitchell@gmail.com,,,Phoenix,Arizona,AZ,,Buyer,,Fix & Flip,0,0,61,C,Nationwide Lead Gen,NEW
CA-B-0283,Patrick,Evans,+15106282375,patrick.evans@yahoo.com,Patrick Holdings,,Oakland,California,CA,,Buyer,,Property Manager,0,0,61,C,Nationwide Lead Gen,NEW
CO-S-0317,Samantha,Hughes,+17196756377,samantha.hughes@gmail.com,,2765 Park Pl,Colorado Springs,Colorado,CO,96729,Seller,Judgment,Divorce Settlement Required,871231,269909,61,C,Nationwide Lead Gen,NEW
CO-S-0322,Laura,Green,+17195562603,laura.green@hotmail.com,,2308 Highland Rd,Colorado Springs,Colorado,CO,31880,Seller,High Equity,Property Needs Major Repairs,767750,241501,61,C,Nationwide Lead Gen,NEW
CO-B-0351,Nicholas,Robinson,+13037844063,nicholas.robinson@gmail.com,Nicholas Investments,,Denver,Colorado,CO,,Buyer,,REIT,0,0,61,C,Nationwide Lead Gen,NEW
FL-S-0485,Susan,Cook,+17863293612,susan.cook@yahoo.com,,1700 River Blvd,Miami,Florida,FL,33131,Seller,High Equity,Financial Hardship - Needs Cash,353117,125499,61,C,Nationwide Lead Gen,NEW
FL-B-0520,Aaron,King,+13052967400,aaron.king@outlook.com,,,Miami,Florida,FL,,Buyer,,Wholesaler,0,0,61,C,Nationwide Lead Gen,NEW
FL-B-0540,Joseph,Thompson,+18508688890,joseph.thompson@yahoo.com,Joseph Properties,,Tallahassee,Florida,FL,,Buyer,,Cash Buyer,0,0,61,C,Nationwide Lead Gen,NEW
ID-S-0646,Angela,Jackson,+12085865714,angela.jackson@hotmail.com,,3015 Highland Rd,Boise,Idaho,ID,83752,Seller,Fire Damage,Property Needs Major Repairs,824522,43283,61,C,Nationwide Lead Gen,NEW
IL-S-0703,Daniel,Miller,+13129789840,daniel.miller@hotmail.com,,5133 Spring Dr,Chicago,Illinois,IL,60625,Seller,Fire Damage,Job Relocation - Must Sell Fast,333936,344887,61,C,Nationwide Lead Gen,NEW
IL-B-0749,Matthew,Lewis,+12179192466,matthew.lewis@yahoo.com,,,Springfield,Illinois,IL,,Buyer,,Buy and Hold,0,0,61,C,Nationwide Lead Gen,NEW
IL-B-0750,Donna,Jones,+16305146961,donna.jones@yahoo.com,Donna Investments,,Aurora,Illinois,IL,,Buyer,,Property Manager,0,0,61,C,Nationwide Lead Gen,NEW
IN-B-0823,Susan,Clark,+13179251896,susan.clark@yahoo.com,Susan Holdings,,Indianapolis,Indiana,IN,,Buyer,,Cash Buyer,0,0,61,C,Nationwide Lead Gen,NEW
KY-S-0892,Barbara,Sanders,+18593393785,barbara.sanders@aol.com,,5593 Vista Pkwy,Lexington,Kentucky,KY,71700,Seller,Judgment,Tired Landlord - Ready to Exit,704225,368795,61,C,Nationwide Lead Gen,NEW
LA-S-0973,Nicholas,Green,+13377021828,nicholas.green@yahoo.com,,2618 Forest Pl,Lafayette,Louisiana,LA,27431,Seller,Lien,Financial Hardship - Needs Cash,856803,289462,61,C,Nationwide Lead Gen,NEW
ME-S-1044,Gary,Miller,+12074013049,gary.miller@yahoo.com,,6373 Lake Ln,Lewiston,Maine,ME,28698,Seller,Code Violation,Property in Probate - Estate Settlement,865161,377812,61,C,Nationwide Lead Gen,NEW
ME-B-1057,Lisa,Wilson,+12078501198,lisa.wilson@outlook.com,,,Lewiston,Maine,ME,,Buyer,,Investor,0,0,61,C,Nationwide Lead Gen,NEW
MD-S-1078,Barbara,Collins,+13014062992,barbara.collins@outlook.com,,8092 Enterprise Dr,Frederick,Maryland,MD,72684,Seller,Condemned,Distressed Property - Code Violations,165516,130827,61,C,Nationwide Lead Gen,NEW
MD-S-1087,Henry,Cooper,+13015196167,henry.cooper@outlook.com,,9524 Peak Way,Gaithersburg,Maryland,MD,85340,Seller,Tax Delinquent,Property in Probate - Estate Settlement,830970,167817,61,C,Nationwide Lead Gen,NEW
MD-B-1137,Helen,Ramirez,+13013394842,helen.ramirez@outlook.com,,,Rockville,Maryland,MD,,Buyer,,Developer,0,0,61,C,Nationwide Lead Gen,NEW
MI-S-1219,Robert,Kim,+16167423268,robert.kim@aol.com,,7344 River Pl,Grand Rapids,Michigan,MI,40223,Seller,Fire Damage,Vacant Property - High Equity,323402,193271,61,C,Nationwide Lead Gen,NEW
MI-S-1244,Jack,Peterson,+13138842089,jack.peterson@gmail.com,,1878 Lincoln St,Detroit,Michigan,MI,48266,Seller,Utility Shutoff,Inherited Family Estate (Probate),317478,142720,61,C,Nationwide Lead Gen,NEW
MI-S-1248,Judy,Carter,+15177804416,judy.carter@gmail.com,,8247 Oak Rd,Lansing,Michigan,MI,12879,Seller,Eviction,Distressed Property - Code Violations,598810,153105,61,C,Nationwide Lead Gen,NEW
MI-S-1249,Henry,Carter,+17342481727,henry.carter@aol.com,,3726 Harrison Ave,Ann Arbor,Michigan,MI,80483,Seller,Vacant Property,Distressed Property - Code Violations,383404,138753,61,C,Nationwide Lead Gen,NEW
MI-B-1276,Patricia,Mitchell,+16166706057,patricia.mitchell@outlook.com,Patricia Investments,,Grand Rapids,Michigan,MI,,Buyer,,Buy and Hold,0,0,61,C,Nationwide Lead Gen,NEW
MN-B-1355,George,Cruz,+16516655126,george.cruz@gmail.com,,,St. Paul,Minnesota,MN,,Buyer,,REIT,0,0,61,C,Nationwide Lead Gen,NEW
MO-S-1403,Shirley,Adams,+18164437617,shirley.adams@outlook.com,,576 Garden Pl,Kansas City,Missouri,MO,64154,Seller,Condemned,Avoiding Foreclosure Auction,770257,70053,61,C,Nationwide Lead Gen,NEW
MO-S-1428,Laura,Brown,+18169686046,laura.brown@outlook.com,,8069 Innovation Blvd,Kansas City,Missouri,MO,64149,Seller,Probate,Vacant Property - High Equity,441892,188466,61,C,Nationwide Lead Gen,NEW
NE-B-1524,Adam,Wilson,+14022233207,adam.wilson@yahoo.com,,,Omaha,Nebraska,NE,,Buyer,,Buy and Hold,0,0,61,C,Nationwide Lead Gen,NEW
NV-S-1548,Michelle,Lee,+17029998800,michelle.lee@gmail.com,,1416 Walnut Dr,Henderson,Nevada,NV,89313,Seller,High Equity,Tired Landlord - Ready to Exit,820664,279275,61,C,Nationwide Lead Gen,NEW
NV-B-1552,Mary,Bennett,+17025283216,mary.bennett@yahoo.com,,,Henderson,Nevada,NV,,Buyer,,Fix & Flip,0,0,61,C,Nationwide Lead Gen,NEW
NJ-B-1657,Shirley,Ward,+19732805637,shirley.ward@outlook.com,Shirley Investments,,Paterson,New Jersey,NJ,,Buyer,,Property Manager,0,0,61,C,Nationwide Lead Gen,NEW
NM-S-1666,Nicole,Gomez,+15054279554,nicole.gomez@hotmail.com,,3481 Vista Ct,Albuquerque,New Mexico,NM,87169,Seller,Probate,Absentee Owner - Lives Out of State,632283,53519,61,C,Nationwide Lead Gen,NEW
NM-S-1678,Joshua,Walker,+15059286356,joshua.walker@yahoo.com,,5192 Maple Pl,Santa Fe,New Mexico,NM,86655,Seller,Code Violation,Out-of-State Absentee Landlord,440994,235198,61,C,Nationwide Lead Gen,NEW
NY-B-1754,Matthew,Miller,+16464367563,matthew.miller@yahoo.com,Matthew Solutions,,New York City,New York,NY,,Buyer,,Developer,0,0,61,C,Nationwide Lead Gen,NEW
NY-B-1755,Christine,Perez,+15852994570,christine.perez@outlook.com,Christine Home Buyers,,Rochester,New York,NY,,Buyer,,Wholesaler,0,0,61,C,Nationwide Lead Gen,NEW
NC-B-1827,Nancy,Mitchell,+13369186606,nancy.mitchell@gmail.com,Nancy Realty,,Greensboro,North Carolina,NC,,Buyer,,Investor,0,0,61,C,Nationwide Lead Gen,NEW
NC-B-1840,Joshua,Clark,+17043465958,joshua.clark@outlook.com,,,Charlotte,North Carolina,NC,,Buyer,,Buy and Hold,0,0,61,C,Nationwide Lead Gen,NEW
OH-S-1923,Gregory,Morris,+15133768402,gregory.morris@hotmail.com,,1900 Maple Ave,Cincinnati,Ohio,OH,16897,Seller,High Equity,Distressed Property - Code Violations,503236,312297,61,C,Nationwide Lead Gen,NEW
OR-S-2028,Zachary,Miller,+15415484538,zachary.miller@hotmail.com,,5408 Technology Way,Bend,Oregon,OR,61009,Seller,High Equity,Vacant Property - High Equity,444870,178539,61,C,Nationwide Lead Gen,NEW
OR-B-2090,Janet,Flores,+15415057078,janet.flores@outlook.com,,,Bend,Oregon,OR,,Buyer,,Property Manager,0,0,61,C,Nationwide Lead Gen,NEW
OR-B-2095,Kathleen,Ortiz,+15037344020,kathleen.ortiz@yahoo.com,,,Salem,Oregon,OR,,Buyer,,REIT,0,0,61,C,Nationwide Lead Gen,NEW
PA-S-2140,Yolanda,Anderson,+12158848067,yolanda.anderson@outlook.com,,5151 Birch Ln,Philadelphia,Pennsylvania,PA,19137,Seller,Lien,Financial Hardship - Needs Cash,639399,87609,61,C,Nationwide Lead Gen,NEW
PA-B-2163,Carmen,Miller,+18145024003,carmen.miller@yahoo.com,Carmen Home Buyers,,Erie,Pennsylvania,PA,,Buyer,,Developer,0,0,61,C,Nationwide Lead Gen,NEW
PA-B-2170,Stephen,Cook,+12157283234,stephen.cook@yahoo.com,,,Philadelphia,Pennsylvania,PA,,Buyer,,Fix & Flip,0,0,61,C,Nationwide Lead Gen,NEW
SC-B-2256,Elizabeth,Bennett,+18037484434,elizabeth.bennett@yahoo.com,Elizabeth Realty,,Columbia,South Carolina,SC,,Buyer,,Cash Buyer,0,0,61,C,Nationwide Lead Gen,NEW
TN-B-2381,Michael,Nelson,+19019097002,michael.nelson@yahoo.com,,,Memphis,Tennessee,TN,,Buyer,,Buy and Hold,0,0,61,C,Nationwide Lead Gen,NEW
TX-S-2399,Jessica,Nelson,+18172847788,jessica.nelson@gmail.com,,6526 Valley Dr,Fort Worth,Texas,TX,44201,Seller,Vacant Property,Tax Lien & Pre-Foreclosure Opportunity,871442,150856,61,C,Nationwide Lead Gen,NEW
TX-S-2401,Alexander,Sanchez,+12102474099,alexander.sanchez@aol.com,,9704 Chestnut Pkwy,San Antonio,Texas,TX,15467,Seller,Vacant Property,Divorce Settlement Required,781545,324754,61,C,Nationwide Lead Gen,NEW
TX-S-2403,Rebecca,Jones,+17133913839,rebecca.jones@aol.com,,8272 Park Dr,Houston,Texas,TX,77084,Seller,Lien,Financial Hardship - Needs Cash,747785,268393,61,C,Nationwide Lead Gen,NEW
TX-S-2409,Elizabeth,Castillo,+19154382921,elizabeth.castillo@gmail.com,,3421 Jackson Pkwy,El Paso,Texas,TX,50496,Seller,Tax Delinquent,Tired Landlord - Ready to Exit,397925,179323,61,C,Nationwide Lead Gen,NEW
TX-S-2430,Zachary,Nelson,+18174053072,zachary.nelson@outlook.com,,5094 Walnut Blvd,Fort Worth,Texas,TX,37708,Seller,Utility Shutoff,Inherited Family Estate (Probate),192203,393328,61,C,Nationwide Lead Gen,NEW
TX-B-2440,Judy,Allen,+12109915036,judy.allen@gmail.com,Judy Investments,,San Antonio,Texas,TX,,Buyer,,Wholesaler,0,0,61,C,Nationwide Lead Gen,NEW
UT-S-2466,Mary,Murphy,+18017544129,mary.murphy@yahoo.com,,3558 Oak Way,Ogden,Utah,UT,29195,Seller,Probate,Property Needs Major Repairs,350475,59833,61,C,Nationwide Lead Gen,NEW
VT-B-2561,Donald,Morales,+18023688354,donald.morales@gmail.com,Donald Holdings,,Rutland,Vermont,VT,,Buyer,,Fix & Flip,0,0,61,C,Nationwide Lead Gen,NEW
VT-B-2564,Kevin,Turner,+18028254488,kevin.turner@yahoo.com,Kevin Home Buyers,,Montpelier,Vermont,VT,,Buyer,,Cash Buyer,0,0,61,C,Nationwide Lead Gen,NEW
WA-B-2713,Sandra,Perez,+15094371307,sandra.perez@gmail.com,Sandra Acquisitions,,Spokane,Washington,WA,,Buyer,,Developer,0,0,61,C,Nationwide Lead Gen,NEW
WI-S-2765,Pamela,Jackson,+19206391965,pamela.jackson@hotmail.com,,8786 Harrison Way,Green Bay,Wisconsin,WI,16290,Seller,Bankruptcy,Divorce Settlement Required,713719,299021,61,C,Nationwide Lead Gen,NEW
WI-S-2774,Brandon,Cruz,+12628218068,brandon.cruz@outlook.com,,6696 Pine Dr,Kenosha,Wisconsin,WI,77536,Seller,Bankruptcy,Property in Probate - Estate Settlement,404696,66220,61,C,Nationwide Lead Gen,NEW
WI-S-2780,Larry,Davis,+19208322014,larry.davis@outlook.com,,1738 Garden Pkwy,Green Bay,Wisconsin,WI,78832,Seller,Pre-Foreclosure,Out-of-State Absentee Landlord,440989,186216,61,C,Nationwide Lead Gen,NEW
WY-S-2825,Harold,Harris,+13073331424,harold.harris@gmail.com,,292 Harrison Ln,Casper,Wyoming,WY,71778,Seller,Absentee Owner,Financial Hardship - Needs Cash,587535,175390,61,C,Nationwide Lead Gen,NEW
WY-S-2833,Jerry,Alvarez,+13077841183,jerry.alvarez@hotmail.com,,9822 Industrial Pl,Cheyenne,Wyoming,WY,82083,Seller,Fire Damage,Vacant Property - High Equity,849622,163551,61,C,Nationwide Lead Gen,NEW
AL-B-0063,Pamela,Garcia,+13344536907,pamela.garcia@outlook.com,,,Montgomery,Alabama,AL,,Buyer,,REIT,0,0,60,C,Nationwide Lead Gen,NEW
AK-S-0082,Deborah,Rogers,+19073512869,deborah.rogers@outlook.com,,3234 Innovation Dr,Juneau,Alaska,AK,55284,Seller,Pre-Foreclosure,Divorce Settlement Required,330156,83180,60,C,Nationwide Lead Gen,NEW
AZ-S-0131,Katherine,Anderson,+14807218969,katherine.anderson@yahoo.com,,6620 Jackson Ave,Mesa,Arizona,AZ,26619,Seller,High Equity,Inherited Family Estate (Probate),447635,307763,60,C,Nationwide Lead Gen,NEW
AZ-S-0136,Ronald,Diaz,+14803179748,ronald.diaz@hotmail.com,,1934 Vista Ave,Chandler,Arizona,AZ,66541,Seller,Tax Delinquent,Absentee Owner - Lives Out of State,222111,367308,60,C,Nationwide Lead Gen,NEW
AZ-B-0166,Ronald,Harris,+16233291062,ronald.harris@outlook.com,,,Phoenix,Arizona,AZ,,Buyer,,Investor,0,0,60,C,Nationwide Lead Gen,NEW
AZ-B-0168,Nicole,Jones,+16238137165,nicole.jones@outlook.com,Nicole Home Buyers,,Phoenix,Arizona,AZ,,Buyer,,Developer,0,0,60,C,Nationwide Lead Gen,NEW
AR-S-0188,Paul,Lee,+15012152667,paul.lee@hotmail.com,,4744 Walnut Ct,Little Rock,Arkansas,AR,72235,Seller,Utility Shutoff,Inherited Family Estate (Probate),367943,346762,60,C,Nationwide Lead Gen,NEW
AR-B-0201,Paul,Brooks,+14792736207,paul.brooks@outlook.com,Paul Properties,,Fort Smith,Arkansas,AR,,Buyer,,Developer,0,0,60,C,Nationwide Lead Gen,NEW
CA-S-0211,Kevin,Richardson,+12138193187,kevin.richardson@yahoo.com,,8626 Enterprise Ave,Los Angeles,California,CA,90051,Seller,Judgment,Behind on Mortgage Payments,701014,208947,60,C,Nationwide Lead Gen,NEW
CA-S-0216,George,Green,+18186798727,george.green@gmail.com,,5068 Adams Blvd,Los Angeles,California,CA,90071,Seller,Probate,Vacant Property - High Equity,216882,96941,60,C,Nationwide Lead Gen,NEW
CA-S-0229,Rachel,Ross,+14089894963,rachel.ross@outlook.com,,8910 Forest Ct,San Jose,California,CA,46541,Seller,Code Violation,Avoiding Foreclosure Auction,365594,183683,60,C,Nationwide Lead Gen,NEW
CA-B-0278,Donald,Campbell,+13236817172,donald.campbell@yahoo.com,,,Los Angeles,California,CA,,Buyer,,Property Manager,0,0,60,C,Nationwide Lead Gen,NEW
CO-S-0328,Jeffrey,Hughes,+13035759864,jeffrey.hughes@hotmail.com,,5296 Hill Pl,Aurora,Colorado,CO,40146,Seller,High Equity,Divorce Settlement Required,294795,224956,60,C,Nationwide Lead Gen,NEW
CO-S-0335,Kenneth,Turner,+17199092590,kenneth.turner@hotmail.com,,1808 Jefferson Blvd,Colorado Springs,Colorado,CO,35195,Seller,High Equity,Property Needs Major Repairs,279807,225719,60,C,Nationwide Lead Gen,NEW
CT-S-0385,Joshua,Baker,+12034231435,joshua.baker@outlook.com,,5308 Sunrise Ct,New Haven,Connecticut,CT,20369,Seller,Pre-Foreclosure,Inherited Family Estate (Probate),121030,144091,60,C,Nationwide Lead Gen,NEW
CT-B-0431,Karen,Lewis,+12039276144,karen.lewis@outlook.com,Karen Investments,,Stamford,Connecticut,CT,,Buyer,,Cash Buyer,0,0,60,C,Nationwide Lead Gen,NEW
GA-S-0570,Heather,Murphy,+19125067796,heather.murphy@yahoo.com,,4649 Valley Ct,Savannah,Georgia,GA,56800,Seller,Eviction,Out-of-State Absentee Landlord,624491,159182,60,C,Nationwide Lead Gen,NEW
HI-S-0625,Ronald,Flores,+18087328615,ronald.flores@gmail.com,,169 Highland Ct,Hilo,Hawaii,HI,11579,Seller,Probate,Job Relocation - Must Sell Fast,336373,223724,60,C,Nationwide Lead Gen,NEW
ID-S-0659,Jessica,Nguyen,+12086842706,jessica.nguyen@gmail.com,,9625 Garden St,Idaho Falls,Idaho,ID,55457,Seller,Bankruptcy,Property in Probate - Estate Settlement,478228,83353,60,C,Nationwide Lead Gen,NEW
ID-B-0670,Kevin,Watson,+12084574485,kevin.watson@outlook.com,,,Nampa,Idaho,ID,,Buyer,,Fix & Flip,0,0,60,C,Nationwide Lead Gen,NEW
IL-S-0689,Jerry,Young,+13317732509,jerry.young@outlook.com,,7581 Park Ct,Naperville,Illinois,IL,91702,Seller,Vacant Property,Vacant Property - High Equity,923051,206858,60,C,Nationwide Lead Gen,NEW
IN-S-0755,Cynthia,Jackson,+18128312180,cynthia.jackson@hotmail.com,,2335 Harrison Pkwy,Evansville,Indiana,IN,19794,Seller,Absentee Owner,Job Relocation - Must Sell Fast,589563,182071,60,C,Nationwide Lead Gen,NEW
IN-B-0818,Tyler,Cruz,+14637624891,tyler.cruz@yahoo.com,Tyler Properties,,Indianapolis,Indiana,IN,,Buyer,,Wholesaler,0,0,60,C,Nationwide Lead Gen,NEW
IN-B-0820,Jason,Lee,+12604937745,jason.lee@gmail.com,,,Fort Wayne,Indiana,IN,,Buyer,,Property Manager,0,0,60,C,Nationwide Lead Gen,NEW
IA-B-0855,Andrew,Anderson,+15634429693,andrew.anderson@yahoo.com,,,Davenport,Iowa,IA,,Buyer,,Developer,0,0,60,C,Nationwide Lead Gen,NEW
KS-B-0879,Henry,Allen,+19135491149,henry.allen@outlook.com,,,Overland Park,Kansas,KS,,Buyer,,REIT,0,0,60,C,Nationwide Lead Gen,NEW
KY-S-0931,Sylvia,Brown,+15029848216,sylvia.brown@hotmail.com,,2659 Creek Ave,Louisville,Kentucky,KY,40286,Seller,Tax Delinquent,Tax Lien & Pre-Foreclosure Opportunity,739082,295762,60,C,Nationwide Lead Gen,NEW
LA-S-0962,Kenneth,Morales,+12257986071,kenneth.morales@yahoo.com,,4268 Birch Pl,Baton Rouge,Louisiana,LA,77226,Seller,High Equity,Vacant Property - High Equity,298836,83083,60,C,Nationwide Lead Gen,NEW
LA-B-1022,Matthew,Johnson,+15048653441,matthew.johnson@gmail.com,Matthew Properties,,New Orleans,Louisiana,LA,,Buyer,,Property Manager,0,0,60,C,Nationwide Lead Gen,NEW
ME-B-1064,Charles,Peterson,+12078984469,charles.peterson@yahoo.com,Charles Acquisitions,,Portland,Maine,ME,,Buyer,,Property Manager,0,0,60,C,Nationwide Lead Gen,NEW
MD-B-1120,Patrick,Harris,+14432642095,patrick.harris@yahoo.com,,,Baltimore,Maryland,MD,,Buyer,,Property Manager,0,0,60,C,Nationwide Lead Gen,NEW
MD-B-1132,Christopher,Campbell,+12406501884,christopher.campbell@outlook.com,,,Rockville,Maryland,MD,,Buyer,,Investor,0,0,60,C,Nationwide Lead Gen,NEW
MD-B-1136,Elena,Murphy,+12408542805,elena.murphy@outlook.com,,,Frederick,Maryland,MD,,Buyer,,REIT,0,0,60,C,Nationwide Lead Gen,NEW
MI-S-1257,Christopher,Scott,+15176658670,christopher.scott@yahoo.com,,1226 Spring Way,Lansing,Michigan,MI,19641,Seller,Tax Delinquent,Out-of-State Absentee Landlord,626329,186187,60,C,Nationwide Lead Gen,NEW
MI-B-1272,Matthew,Young,+16162632065,matthew.young@outlook.com,,,Grand Rapids,Michigan,MI,,Buyer,,Developer,0,0,60,C,Nationwide Lead Gen,NEW
MN-S-1321,Edward,Jackson,+12187642906,edward.jackson@aol.com,,7426 River Ln,Duluth,Minnesota,MN,81949,Seller,Vacant Property,Inherited Property - Not Interested,320092,160036,60,C,Nationwide Lead Gen,NEW
MS-S-1379,Kathleen,Gonzalez,+12286796286,kathleen.gonzalez@gmail.com,,1676 Park Dr,Gulfport,Mississippi,MS,50397,Seller,Lien,Tired Landlord - Ready to Exit,942821,178571,60,C,Nationwide Lead Gen,NEW
MS-B-1395,Samuel,Baker,+12283194187,samuel.baker@outlook.com,Samuel Capital,,Biloxi,Mississippi,MS,,Buyer,,Fix & Flip,0,0,60,C,Nationwide Lead Gen,NEW
MO-S-1415,Jason,Castillo,+18167134111,jason.castillo@outlook.com,,6794 Adams Way,Independence,Missouri,MO,40738,Seller,Tax Delinquent,Absentee Owner - Lives Out of State,360761,325905,60,C,Nationwide Lead Gen,NEW
MO-B-1465,Adam,Cook,+13147953331,adam.cook@outlook.com,Adam Investments,,St. Louis,Missouri,MO,,Buyer,,Buy and Hold,0,0,60,C,Nationwide Lead Gen,NEW
MT-S-1473,Larry,Allen,+14062712375,larry.allen@gmail.com,,8494 Lincoln Rd,Great Falls,Montana,MT,66893,Seller,Pre-Foreclosure,Financial Hardship - Needs Cash,915716,84435,60,C,Nationwide Lead Gen,NEW
NJ-S-1631,Benjamin,Nelson,+19736786494,benjamin.nelson@aol.com,,5627 Jefferson Dr,Newark,New Jersey,NJ,7102,Seller,Code Violation,Tax Lien & Pre-Foreclosure Opportunity,772482,133299,60,C,Nationwide Lead Gen,NEW
NJ-B-1642,Jennifer,Reed,+19733962543,jennifer.reed@outlook.com,,,Paterson,New Jersey,NJ,,Buyer,,Cash Buyer,0,0,60,C,Nationwide Lead Gen,NEW
NC-S-1774,Patricia,Wright,+19194472559,patricia.wright@yahoo.com,,5481 Lake Blvd,Raleigh,North Carolina,NC,13601,Seller,Pre-Foreclosure,Out-of-State Absentee Landlord,166938,192388,60,C,Nationwide Lead Gen,NEW
NC-S-1787,Nathan,Alvarez,+19196095105,nathan.alvarez@hotmail.com,,1081 Madison Ave,Durham,North Carolina,NC,44330,Seller,Condemned,Financial Hardship - Needs Cash,343856,286932,60,C,Nationwide Lead Gen,NEW
NC-S-1805,Amy,Cox,+19193667701,amy.cox@aol.com,,6588 Forest Ct,Raleigh,North Carolina,NC,57666,Seller,Code Violation,Financial Hardship - Needs Cash,145908,137722,60,C,Nationwide Lead Gen,NEW
NC-S-1814,Henry,Wright,+19198505469,henry.wright@aol.com,,5620 Main Ln,Raleigh,North Carolina,NC,93499,Seller,Vacant Property,Tax Lien & Pre-Foreclosure Opportunity,296178,211448,60,C,Nationwide Lead Gen,NEW
NC-S-1819,Carolyn,Ramos,+19198376686,carolyn.ramos@aol.com,,4706 Peak Ave,Durham,North Carolina,NC,79725,Seller,Absentee Owner,Vacant Property - High Equity,934582,235800,60,C,Nationwide Lead Gen,NEW
ND-S-1851,Maria,Cox,+17012618397,maria.cox@yahoo.com,,7425 Enterprise Blvd,Grand Forks,North Dakota,ND,70442,Seller,Tax Delinquent,Divorce Settlement Required,750832,194343,60,C,Nationwide Lead Gen,NEW
OH-S-1876,Jerry,Howard,+16145998760,jerry.howard@outlook.com,,409 Business Ct,Columbus,Ohio,OH,43282,Seller,Eviction,Divorce Settlement Required,381944,361921,60,C,Nationwide Lead Gen,NEW
OH-S-1885,Sylvia,Bennett,+15135308043,sylvia.bennett@yahoo.com,,3816 Technology Ct,Cincinnati,Ohio,OH,37294,Seller,Code Violation,Property Needs Major Repairs,931117,101446,60,C,Nationwide Lead Gen,NEW
OH-S-1912,John,Lee,+13809098146,john.lee@yahoo.com,,6351 Enterprise Ln,Columbus,Ohio,OH,43293,Seller,Probate,Inherited Property - Not Interested,475134,105084,60,C,Nationwide Lead Gen,NEW
OH-B-1933,Jessica,Sanders,+15138842312,jessica.sanders@outlook.com,,,Cincinnati,Ohio,OH,,Buyer,,Property Manager,0,0,60,C,Nationwide Lead Gen,NEW
OR-S-2031,Sharon,Nelson,+15416272940,sharon.nelson@aol.com,,6486 Vista Blvd,Eugene,Oregon,OR,68499,Seller,Bankruptcy,Inherited Family Estate (Probate),881706,123718,60,C,Nationwide Lead Gen,NEW
OR-S-2036,Susan,Green,+19713929809,susan.green@yahoo.com,,3238 Innovation Way,Portland,Oregon,OR,97238,Seller,Vacant Property,Property Needs Major Repairs,317598,79177,60,C,Nationwide Lead Gen,NEW
OR-S-2044,James,Foster,+15413538568,james.foster@hotmail.com,,877 Park Blvd,Eugene,Oregon,OR,96210,Seller,Lien,Out-of-State Absentee Landlord,706342,388101,60,C,Nationwide Lead Gen,NEW
OR-S-2068,Nancy,Walker,+15414218583,nancy.walker@gmail.com,,310 Innovation Pl,Eugene,Oregon,OR,94265,Seller,High Equity,Property in Probate - Estate Settlement,837442,82192,60,C,Nationwide Lead Gen,NEW
OR-B-2082,Michelle,Ross,+15032048368,michelle.ross@gmail.com,Michelle Properties,,Salem,Oregon,OR,,Buyer,,Buy and Hold,0,0,60,C,Nationwide Lead Gen,NEW
OR-B-2088,Anna,Baker,+15417509362,anna.baker@yahoo.com,,,Eugene,Oregon,OR,,Buyer,,Property Manager,0,0,60,C,Nationwide Lead Gen,NEW
OR-B-2099,Jacob,Cooper,+15038255926,jacob.cooper@gmail.com,Jacob Investments,,Portland,Oregon,OR,,Buyer,,Fix & Flip,0,0,60,C,Nationwide Lead Gen,NEW
PA-S-2115,Benjamin,Walker,+16104526048,benjamin.walker@hotmail.com,,5055 Washington Ct,Allentown,Pennsylvania,PA,68877,Seller,Pre-Foreclosure,Job Relocation - Must Sell Fast,601197,87485,60,C,Nationwide Lead Gen,NEW
RI-S-2194,Tyler,Foster,+14013403441,tyler.foster@aol.com,,1667 Industrial Dr,Providence,Rhode Island,RI,2917,Seller,Absentee Owner,Avoiding Foreclosure Auction,257206,226030,60,C,Nationwide Lead Gen,NEW
SC-B-2265,Angela,Cox,+18439557771,angela.cox@yahoo.com,Angela Realty,,Charleston,South Carolina,SC,,Buyer,,Fix & Flip,0,0,60,C,Nationwide Lead Gen,NEW
SC-B-2274,Peter,Adams,+18037103246,peter.adams@gmail.com,,,Columbia,South Carolina,SC,,Buyer,,Wholesaler,0,0,60,C,Nationwide Lead Gen,NEW
TN-S-2316,Douglas,Jones,+14235008142,douglas.jones@outlook.com,,7386 Highland Pkwy,Chattanooga,Tennessee,TN,20091,Seller,Lien,Inherited Property - Not Interested,345532,66458,60,C,Nationwide Lead Gen,NEW
TN-S-2335,Joshua,Lee,+14233043781,joshua.lee@outlook.com,,6617 Washington Pl,Chattanooga,Tennessee,TN,31793,Seller,Bankruptcy,Divorce Settlement Required,944046,319827,60,C,Nationwide Lead Gen,NEW
TN-S-2343,Dennis,Peterson,+19015932636,dennis.peterson@outlook.com,,1959 Sunrise Ave,Memphis,Tennessee,TN,97920,Seller,Judgment,Tired Landlord - Ready to Exit,141657,354092,60,C,Nationwide Lead Gen,NEW
TX-S-2391,George,White,+16823231857,george.white@outlook.com,,5557 Oak Ct,Fort Worth,Texas,TX,83081,Seller,Vacant Property,Divorce Settlement Required,758451,141867,60,C,Nationwide Lead Gen,NEW
TX-S-2418,Sylvia,Ward,+19154644866,sylvia.ward@outlook.com,,3839 Maple St,El Paso,Texas,TX,90866,Seller,Absentee Owner,Distressed Property - Code Violations,558262,60467,60,C,Nationwide Lead Gen,NEW
UT-S-2492,Jason,Morris,+18012751436,jason.morris@aol.com,,5695 Peak Way,Provo,Utah,UT,48292,Seller,Fire Damage,Inherited Family Estate (Probate),195047,385375,60,C,Nationwide Lead Gen,NEW
UT-S-2494,Gregory,Flores,+18013927539,gregory.flores@hotmail.com,,3133 Main Rd,Salt Lake City,Utah,UT,84123,Seller,Lien,Property Needs Major Repairs,501484,312788,60,C,Nationwide Lead Gen,NEW
VA-B-2624,Deborah,Diaz,+17577767295,deborah.diaz@yahoo.com,,,Virginia Beach,Virginia,VA,,Buyer,,Investor,0,0,60,C,Nationwide Lead Gen,NEW
VA-B-2631,Deborah,Wilson,+17034888912,deborah.wilson@yahoo.com,Deborah Home Buyers,,Arlington,Virginia,VA,,Buyer,,Cash Buyer,0,0,60,C,Nationwide Lead Gen,NEW
VA-B-2639,Jennifer,Brown,+17572215450,jennifer.brown@gmail.com,Jennifer Acquisitions,,Virginia Beach,Virginia,VA,,Buyer,,Fix & Flip,0,0,60,C,Nationwide Lead Gen,NEW
WA-B-2698,Amanda,Watson,+12534668858,amanda.watson@gmail.com,,,Tacoma,Washington,WA,,Buyer,,Buy and Hold,0,0,60,C,Nationwide Lead Gen,NEW
WA-B-2711,Samuel,Scott,+14256455960,samuel.scott@gmail.com,,,Bellevue,Washington,WA,,Buyer,,REIT,0,0,60,C,Nationwide Lead Gen,NEW
AL-S-0031,Raymond,Gutierrez,+12518386142,raymond.gutierrez@outlook.com,,3762 Forest Dr,Mobile,Alabama,AL,22439,Seller,Fire Damage,Job Relocation - Must Sell Fast,946606,45525,59,C,Nationwide Lead Gen,NEW
AZ-S-0122,Linda,Roberts,+14803985168,linda.roberts@aol.com,,8588 Commerce Ave,Mesa,Arizona,AZ,34792,Seller,Probate,Property Needs Major Repairs,173039,381794,59,C,Nationwide Lead Gen,NEW
AZ-S-0137,Henry,Patel,+14804172821,henry.patel@gmail.com,,1367 River Rd,Mesa,Arizona,AZ,28455,Seller,Eviction,Property Needs Major Repairs,940456,343611,59,C,Nationwide Lead Gen,NEW
CO-S-0323,Rachel,Evans,+17198896550,rachel.evans@hotmail.com,,2733 Pine Blvd,Colorado Springs,Colorado,CO,65160,Seller,Lien,Avoiding Foreclosure Auction,145969,148689,59,C,Nationwide Lead Gen,NEW
FL-S-0490,Larry,Gray,+18508143458,larry.gray@aol.com,,233 Meadow Dr,Tallahassee,Florida,FL,33878,Seller,Pre-Foreclosure,Financial Hardship - Needs Cash,553891,297268,59,C,Nationwide Lead Gen,NEW
FL-S-0491,Zachary,Ruiz,+14073878389,zachary.ruiz@aol.com,,8320 Maple Dr,Orlando,Florida,FL,32821,Seller,Condemned,Absentee Owner - Lives Out of State,522613,298916,59,C,Nationwide Lead Gen,NEW
FL-S-0494,Nathan,Cox,+18508306350,nathan.cox@yahoo.com,,5557 Vista Ln,Tallahassee,Florida,FL,77141,Seller,High Equity,Avoiding Foreclosure Auction,769884,52590,59,C,Nationwide Lead Gen,NEW
GA-S-0545,Jennifer,Cooper,+19123921472,jennifer.cooper@aol.com,,9779 Hickory Ct,Savannah,Georgia,GA,78793,Seller,Tax Delinquent,Vacant Property - High Equity,300470,98726,59,C,Nationwide Lead Gen,NEW
HI-S-0618,Katherine,Harris,+18089523982,katherine.harris@outlook.com,,5645 Ridge Ct,Honolulu,Hawaii,HI,96897,Seller,High Equity,Out-of-State Absentee Landlord,694722,157165,59,C,Nationwide Lead Gen,NEW
HI-S-0621,Donna,Collins,+18084126490,donna.collins@yahoo.com,,5411 Elm Dr,Honolulu,Hawaii,HI,96864,Seller,Lien,Property Needs Major Repairs,198320,84974,59,C,Nationwide Lead Gen,NEW
IN-S-0786,Ryan,Ross,+15745708838,ryan.ross@outlook.com,,8538 Industrial Pl,South Bend,Indiana,IN,53015,Seller,High Equity,Property in Probate - Estate Settlement,731978,189996,59,C,Nationwide Lead Gen,NEW
IA-S-0832,Angela,Bennett,+13195586135,angela.bennett@yahoo.com,,4678 Hill Way,Cedar Rapids,Iowa,IA,11877,Seller,Utility Shutoff,Out-of-State Absentee Landlord,654934,207244,59,C,Nationwide Lead Gen,NEW
KS-S-0864,Patricia,Alvarez,+19133651932,patricia.alvarez@hotmail.com,,3424 Hill St,Kansas City,Kansas,KS,47208,Seller,Judgment,Absentee Owner - Lives Out of State,494642,361342,59,C,Nationwide Lead Gen,NEW
LA-S-1006,Michael,Murphy,+13376339462,michael.murphy@gmail.com,,7080 Technology Blvd,Lafayette,Louisiana,LA,22868,Seller,Lien,Distressed Property - Code Violations,528217,270010,59,C,Nationwide Lead Gen,NEW
MD-S-1112,John,Ruiz,+13016835478,john.ruiz@hotmail.com,,9155 Cedar Ln,Gaithersburg,Maryland,MD,27090,Seller,Bankruptcy,Vacant Property - High Equity,202593,68613,59,C,Nationwide Lead Gen,NEW
MD-S-1115,Carmen,Gray,+13015657947,carmen.gray@gmail.com,,1692 Cedar Ave,Gaithersburg,Maryland,MD,46901,Seller,Utility Shutoff,Property in Probate - Estate Settlement,572190,256420,59,C,Nationwide Lead Gen,NEW
MA-S-1157,Kathleen,Jones,+16172904254,kathleen.jones@aol.com,,6623 River Blvd,Cambridge,Massachusetts,MA,41263,Seller,Fire Damage,Property in Probate - Estate Settlement,208938,52157,59,C,Nationwide Lead Gen,NEW
MN-S-1306,Emily,Jones,+15073061081,emily.jones@aol.com,,1395 Hill Way,Rochester,Minnesota,MN,17958,Seller,Vacant Property,Tax Lien & Pre-Foreclosure Opportunity,508699,334536,59,C,Nationwide Lead Gen,NEW
MO-S-1406,Jonathan,Allen,+14175761877,jonathan.allen@hotmail.com,,574 Industrial Dr,Springfield,Missouri,MO,46266,Seller,Code Violation,Inherited Family Estate (Probate),270087,210466,59,C,Nationwide Lead Gen,NEW
MO-S-1437,Karen,Hall,+18162423816,karen.hall@yahoo.com,,5892 Jefferson St,Kansas City,Missouri,MO,64145,Seller,High Equity,Inherited Property - Not Interested,495790,62225,59,C,Nationwide Lead Gen,NEW
NV-S-1533,Margaret,Carter,+17022507687,margaret.carter@hotmail.com,,8133 Jackson Rd,Henderson,Nevada,NV,17881,Seller,Utility Shutoff,Absentee Owner - Lives Out of State,340121,327172,59,C,Nationwide Lead Gen,NEW
NV-S-1545,Henry,Gutierrez,+17755943803,henry.gutierrez@outlook.com,,9112 Jefferson Pl,Reno,Nevada,NV,55807,Seller,Vacant Property,Financial Hardship - Needs Cash,686732,166033,59,C,Nationwide Lead Gen,NEW
NY-S-1716,Catherine,Miller,+17164095945,catherine.miller@outlook.com,,3568 Innovation Blvd,Buffalo,New York,NY,14279,Seller,Bankruptcy,Job Relocation - Must Sell Fast,372057,82260,59,C,Nationwide Lead Gen,NEW
OH-S-1877,Christopher,Miller,+12166037057,christopher.miller@yahoo.com,,7138 Summit St,Cleveland,Ohio,OH,35778,Seller,Code Violation,Distressed Property - Code Violations,793684,75203,59,C,Nationwide Lead Gen,NEW
OH-S-1881,Nicole,Ramos,+16145361809,nicole.ramos@aol.com,,1279 Business St,Columbus,Ohio,OH,43205,Seller,High Equity,Absentee Owner - Lives Out of State,791152,172930,59,C,Nationwide Lead Gen,NEW
OH-S-1894,Emily,Cox,+15133217047,emily.cox@aol.com,,9073 Chestnut Pkwy,Cincinnati,Ohio,OH,67083,Seller,Eviction,Inherited Family Estate (Probate),192443,199859,59,C,Nationwide Lead Gen,NEW
OH-S-1903,Amanda,Sanchez,+15134099635,amanda.sanchez@aol.com,,7604 Adams Blvd,Cincinnati,Ohio,OH,55316,Seller,Code Violation,Tax Lien & Pre-Foreclosure Opportunity,184077,288522,59,C,Nationwide Lead Gen,NEW
OH-S-1917,Jason,Ross,+13305681128,jason.ross@hotmail.com,,2923 Monroe Dr,Akron,Ohio,OH,21407,Seller,Utility Shutoff,Behind on Mortgage Payments,368862,220286,59,C,Nationwide Lead Gen,NEW
RI-S-2192,Raymond,Alvarez,+14013754504,raymond.alvarez@yahoo.com,,1755 Birch St,Cranston,Rhode Island,RI,75016,Seller,Fire Damage,Behind on Mortgage Payments,253721,207145,59,C,Nationwide Lead Gen,NEW
SC-S-2212,Eric,Hall,+18642978571,eric.hall@outlook.com,,2088 Oak Way,Greenville,South Carolina,SC,78431,Seller,High Equity,Avoiding Foreclosure Auction,549918,392565,59,C,Nationwide Lead Gen,NEW
SD-S-2297,Irene,Lee,+16052349005,irene.lee@outlook.com,,4708 Park Ct,Rapid City,South Dakota,SD,71777,Seller,Judgment,Divorce Settlement Required,572652,365919,59,C,Nationwide Lead Gen,NEW
TX-S-2422,Karen,Rogers,+12105728549,karen.rogers@aol.com,,6594 Main Pl,San Antonio,Texas,TX,36417,Seller,Probate,Behind on Mortgage Payments,556281,365724,59,C,Nationwide Lead Gen,NEW
UT-S-2472,Justin,Smith,+18014265719,justin.smith@aol.com,,7989 Park Blvd,Salt Lake City,Utah,UT,84154,Seller,Lien,Financial Hardship - Needs Cash,899316,103236,59,C,Nationwide Lead Gen,NEW
WA-S-2641,Dennis,Scott,+12538781330,dennis.scott@yahoo.com,,5450 Technology Ct,Tacoma,Washington,WA,20010,Seller,Judgment,Distressed Property - Code Violations,828972,248844,59,C,Nationwide Lead Gen,NEW
WV-S-2722,Lisa,Smith,+13042914767,lisa.smith@gmail.com,,9776 Spring Rd,Huntington,West Virginia,WV,69634,Seller,Pre-Foreclosure,Inherited Property - Not Interested,267004,98891,59,C,Nationwide Lead Gen,NEW
WI-S-2753,Kenneth,Ward,+12626988425,kenneth.ward@yahoo.com,,4829 Enterprise Rd,Kenosha,Wisconsin,WI,38689,Seller,Eviction,Out-of-State Absentee Landlord,392532,287023,59,C,Nationwide Lead Gen,NEW
WI-S-2762,Rachel,Lee,+19204623647,rachel.lee@yahoo.com,,3265 Vista Pl,Green Bay,Wisconsin,WI,17901,Seller,Fire Damage,Divorce Settlement Required,433743,259204,59,C,Nationwide Lead Gen,NEW
WY-S-2826,William,Wilson,+13074734974,william.wilson@aol.com,,2260 Monroe Way,Laramie,Wyoming,WY,44104,Seller,Tax Delinquent,Tired Landlord - Ready to Exit,317033,251273,59,C,Nationwide Lead Gen,NEW
AZ-S-0107,Elizabeth,Rogers,+14806247741,elizabeth.rogers@hotmail.com,,5150 Commerce Way,Chandler,Arizona,AZ,49310,Seller,Utility Shutoff,Distressed Property - Code Violations,848974,378801,58,C,Nationwide Lead Gen,NEW
AZ-S-0111,Carlos,Rogers,+16024712059,carlos.rogers@yahoo.com,,1322 River Ave,Mesa,Arizona,AZ,68750,Seller,Fire Damage,Property Needs Major Repairs,867812,308918,58,C,Nationwide Lead Gen,NEW
AR-S-0195,Timothy,Scott,+18704822605,timothy.scott@outlook.com,,4856 Lincoln Blvd,Jonesboro,Arkansas,AR,38238,Seller,Bankruptcy,Distressed Property - Code Violations,770537,71284,58,C,Nationwide Lead Gen,NEW
CT-S-0405,Charles,Adams,+18606116786,charles.adams@aol.com,,6431 Sunset Pkwy,Hartford,Connecticut,CT,6145,Seller,Utility Shutoff,Tired Landlord - Ready to Exit,591849,125612,58,C,Nationwide Lead Gen,NEW
DE-S-0442,Justin,Howard,+13024706077,justin.howard@gmail.com,,9461 Meadow Ct,Newark,Delaware,DE,57314,Seller,Lien,Inherited Family Estate (Probate),156572,342241,58,C,Nationwide Lead Gen,NEW
GA-S-0546,George,Collins,+17069822097,george.collins@outlook.com,,5146 Elm Rd,Columbus,Georgia,GA,38873,Seller,Judgment,Distressed Property - Code Violations,200754,388939,58,C,Nationwide Lead Gen,NEW
GA-S-0587,Donna,Martinez,+19128505691,donna.martinez@outlook.com,,7280 Canyon Blvd,Savannah,Georgia,GA,87046,Seller,Code Violation,Financial Hardship - Needs Cash,935123,157516,58,C,Nationwide Lead Gen,NEW
HI-S-0623,Maria,Wright,+18085828454,maria.wright@aol.com,,5336 Adams Rd,Honolulu,Hawaii,HI,96828,Seller,Code Violation,Absentee Owner - Lives Out of State,876787,115364,58,C,Nationwide Lead Gen,NEW
IN-S-0772,Nicole,Nelson,+15746674485,nicole.nelson@outlook.com,,9542 Madison Rd,South Bend,Indiana,IN,80292,Seller,Tax Delinquent,Tax Lien & Pre-Foreclosure Opportunity,768136,169886,58,C,Nationwide Lead Gen,NEW
KY-S-0913,Matthew,Long,+12703617718,matthew.long@gmail.com,,9287 Valley Blvd,Bowling Green,Kentucky,KY,88061,Seller,Tax Delinquent,Inherited Family Estate (Probate),630894,259371,58,C,Nationwide Lead Gen,NEW
KY-S-0920,Helen,Bennett,+18593595842,helen.bennett@yahoo.com,,4811 Sunrise Pkwy,Lexington,Kentucky,KY,96284,Seller,Utility Shutoff,Vacant Property - High Equity,737585,323125,58,C,Nationwide Lead Gen,NEW
LA-S-0974,Adam,Cooper,+12255802293,adam.cooper@aol.com,,126 Washington Ct,Baton Rouge,Louisiana,LA,89064,Seller,Vacant Property,Divorce Settlement Required,775908,334779,58,C,Nationwide Lead Gen,NEW
MD-S-1074,Jeffrey,Cruz,+13012322531,jeffrey.cruz@gmail.com,,642 River St,Gaithersburg,Maryland,MD,92931,Seller,Vacant Property,Distressed Property - Code Violations,589220,275830,58,C,Nationwide Lead Gen,NEW
MA-S-1161,Pamela,Watson,+18575011807,pamela.watson@gmail.com,,4514 Jefferson Rd,Boston,Massachusetts,MA,2157,Seller,Utility Shutoff,Property in Probate - Estate Settlement,755778,341150,58,C,Nationwide Lead Gen,NEW
MI-S-1242,Raymond,Kelly,+15178175187,raymond.kelly@gmail.com,,3358 Pine Ln,Lansing,Michigan,MI,15766,Seller,Probate,Out-of-State Absentee Landlord,688348,361120,58,C,Nationwide Lead Gen,NEW
MN-S-1315,Jacob,Brown,+16126022639,jacob.brown@gmail.com,,5305 Summit Pl,Minneapolis,Minnesota,MN,55442,Seller,Bankruptcy,Property Needs Major Repairs,750421,290151,58,C,Nationwide Lead Gen,NEW
MS-S-1375,Kevin,Ramirez,+12283923115,kevin.ramirez@outlook.com,,9239 Sunrise Ln,Gulfport,Mississippi,MS,47566,Seller,Probate,Inherited Family Estate (Probate),826326,295833,58,C,Nationwide Lead Gen,NEW
MS-S-1376,Ruth,Torres,+16017385973,ruth.torres@aol.com,,7911 Park Ave,Jackson,Mississippi,MS,39212,Seller,Bankruptcy,Inherited Property - Not Interested,741239,320181,58,C,Nationwide Lead Gen,NEW
MS-S-1384,Tyler,Hughes,+12288596697,tyler.hughes@aol.com,,6681 Sunset Ln,Gulfport,Mississippi,MS,22299,Seller,Absentee Owner,Inherited Family Estate (Probate),827043,225264,58,C,Nationwide Lead Gen,NEW
NE-S-1507,Robert,Parker,+14027489766,robert.parker@outlook.com,,2097 Industrial Ln,Lincoln,Nebraska,NE,11773,Seller,Pre-Foreclosure,Inherited Family Estate (Probate),406213,239033,58,C,Nationwide Lead Gen,NEW
NE-S-1520,Sharon,Gray,+14022039384,sharon.gray@outlook.com,,6894 Main Dr,Bellevue,Nebraska,NE,60244,Seller,Code Violation,Job Relocation - Must Sell Fast,171568,356205,58,C,Nationwide Lead Gen,NEW
NH-S-1571,Justin,Nelson,+16037802400,justin.nelson@yahoo.com,,7460 Main Rd,Manchester,New Hampshire,NH,3174,Seller,Bankruptcy,Property in Probate - Estate Settlement,165231,56627,58,C,Nationwide Lead Gen,NEW
NJ-S-1638,Patricia,Perez,+19087352304,patricia.perez@outlook.com,,2310 Sunrise Rd,Elizabeth,New Jersey,NJ,53049,Seller,Probate,Absentee Owner - Lives Out of State,630409,67080,58,C,Nationwide Lead Gen,NEW
NC-S-1771,Sylvia,Carter,+13369301166,sylvia.carter@yahoo.com,,9536 Harrison Ct,Greensboro,North Carolina,NC,94088,Seller,Lien,Absentee Owner - Lives Out of State,271306,118011,58,C,Nationwide Lead Gen,NEW
NC-S-1807,Cynthia,Sanchez,+13366945059,cynthia.sanchez@yahoo.com,,1383 Jefferson Ln,Greensboro,North Carolina,NC,78638,Seller,High Equity,Out-of-State Absentee Landlord,303251,181046,58,C,Nationwide Lead Gen,NEW
OK-S-1955,Kevin,Foster,+14052109492,kevin.foster@yahoo.com,,3717 Sunset Pl,Norman,Oklahoma,OK,56460,Seller,Code Violation,Property Needs Major Repairs,709088,203724,58,C,Nationwide Lead Gen,NEW
OK-S-1985,Rebecca,Wood,+19186246434,rebecca.wood@hotmail.com,,706 Creek Pkwy,Tulsa,Oklahoma,OK,34564,Seller,Probate,Behind on Mortgage Payments,436964,165585,58,C,Nationwide Lead Gen,NEW
OR-S-2038,Anthony,Scott,+15418909398,anthony.scott@gmail.com,,7710 Maple Way,Bend,Oregon,OR,65709,Seller,Tax Delinquent,Inherited Property - Not Interested,893189,245907,58,C,Nationwide Lead Gen,NEW
OR-S-2058,Amy,Murphy,+15039193056,amy.murphy@hotmail.com,,3327 Spring Dr,Portland,Oregon,OR,97202,Seller,Absentee Owner,Out-of-State Absentee Landlord,420158,207712,58,C,Nationwide Lead Gen,NEW
OR-S-2064,Gregory,King,+15033838876,gregory.king@aol.com,,3531 Walnut Ct,Salem,Oregon,OR,11016,Seller,Utility Shutoff,Vacant Property - High Equity,702679,62212,58,C,Nationwide Lead Gen,NEW
RI-S-2179,Douglas,Mitchell,+14014625030,douglas.mitchell@outlook.com,,9304 Vista Way,Providence,Rhode Island,RI,2944,Seller,Code Violation,Property Needs Major Repairs,663120,344863,58,C,Nationwide Lead Gen,NEW
SC-S-2213,Jerry,Long,+18648404665,jerry.long@hotmail.com,,2658 Chestnut Blvd,Greenville,South Carolina,SC,53825,Seller,Bankruptcy,Divorce Settlement Required,702629,62940,58,C,Nationwide Lead Gen,NEW
SC-S-2250,Stephanie,Mitchell,+18433006343,stephanie.mitchell@gmail.com,,8051 Main Pl,Charleston,South Carolina,SC,29470,Seller,Probate,Vacant Property - High Equity,328412,145282,58,C,Nationwide Lead Gen,NEW
SD-S-2284,Catherine,Howard,+16052914588,catherine.howard@hotmail.com,,1618 Madison Blvd,Sioux Falls,South Dakota,SD,57126,Seller,Tax Delinquent,Inherited Family Estate (Probate),145625,158546,58,C,Nationwide Lead Gen,NEW
TN-S-2320,Kathleen,Brown,+16158182106,kathleen.brown@hotmail.com,,756 Washington Rd,Nashville,Tennessee,TN,37262,Seller,Condemned,Job Relocation - Must Sell Fast,891591,191550,58,C,Nationwide Lead Gen,NEW
TN-S-2321,Ruth,Davis,+16154235668,ruth.davis@yahoo.com,,8116 Adams Pl,Nashville,Tennessee,TN,37234,Seller,Code Violation,Avoiding Foreclosure Auction,791415,304088,58,C,Nationwide Lead Gen,NEW
TN-S-2340,Judy,Stewart,+18659982908,judy.stewart@outlook.com,,4464 Canyon Ave,Knoxville,Tennessee,TN,74539,Seller,Judgment,Tax Lien & Pre-Foreclosure Opportunity,257348,363140,58,C,Nationwide Lead Gen,NEW
TX-S-2433,Thomas,Young,+18324048768,thomas.young@yahoo.com,,2895 Highland St,Houston,Texas,TX,77016,Seller,Lien,Inherited Property - Not Interested,301544,134215,58,C,Nationwide Lead Gen,NEW
UT-S-2493,Robert,Nelson,+18019253427,robert.nelson@yahoo.com,,8140 Innovation St,Provo,Utah,UT,50710,Seller,Absentee Owner,Vacant Property - High Equity,311900,85136,58,C,Nationwide Lead Gen,NEW
UT-S-2502,Jerry,Campbell,+18012819764,jerry.campbell@aol.com,,5884 Sunset Pkwy,Salt Lake City,Utah,UT,84158,Seller,Code Violation,Vacant Property - High Equity,529570,380528,58,C,Nationwide Lead Gen,NEW
UT-S-2504,Donna,Baker,+18015414990,donna.baker@yahoo.com,,881 Forest Dr,West Valley City,Utah,UT,21397,Seller,Fire Damage,Behind on Mortgage Payments,318152,103169,58,C,Nationwide Lead Gen,NEW
WA-S-2649,Frank,Price,+12066163260,frank.price@outlook.com,,1023 Technology Ln,Seattle,Washington,WA,98124,Seller,Condemned,Tax Lien & Pre-Foreclosure Opportunity,639969,295050,58,C,Nationwide Lead Gen,NEW
WV-S-2723,Irene,Jones,+13046721357,irene.jones@aol.com,,7229 Sunset Ct,Morgantown,West Virginia,WV,20308,Seller,Condemned,Property in Probate - Estate Settlement,395547,243210,58,C,Nationwide Lead Gen,NEW
WV-S-2733,Sylvia,Miller,+13045763076,sylvia.miller@hotmail.com,,161 Jefferson Ln,Parkersburg,West Virginia,WV,53940,Seller,Fire Damage,Tired Landlord - Ready to Exit,161568,88797,58,C,Nationwide Lead Gen,NEW
AL-S-0019,Kevin,Jackson,+12566975822,kevin.jackson@outlook.com,,5743 Park Ln,Huntsville,Alabama,AL,89805,Seller,Pre-Foreclosure,Job Relocation - Must Sell Fast,178855,59997,57,C,Nationwide Lead Gen,NEW
AK-S-0077,Sarah,Reyes,+19075303164,sarah.reyes@gmail.com,,8806 Sunrise Ln,Juneau,Alaska,AK,55247,Seller,Probate,Avoiding Foreclosure Auction,645719,54692,57,C,Nationwide Lead Gen,NEW
AZ-S-0126,Joseph,Morris,+16028005562,joseph.morris@outlook.com,,6433 Vista Pkwy,Mesa,Arizona,AZ,95334,Seller,Absentee Owner,Divorce Settlement Required,869533,258537,57,C,Nationwide Lead Gen,NEW
CO-S-0331,Brian,Ramirez,+17195775773,brian.ramirez@aol.com,,1149 Walnut Rd,Colorado Springs,Colorado,CO,28061,Seller,Bankruptcy,Inherited Property - Not Interested,372335,102989,57,C,Nationwide Lead Gen,NEW
CT-S-0386,Helen,Smith,+12038404778,helen.smith@outlook.com,,603 Elm Ln,Bridgeport,Connecticut,CT,61697,Seller,Judgment,Behind on Mortgage Payments,484328,107972,57,C,Nationwide Lead Gen,NEW
CT-S-0387,Angela,Ward,+12033631029,angela.ward@gmail.com,,5874 Summit St,Stamford,Connecticut,CT,73421,Seller,Vacant Property,Divorce Settlement Required,277021,143330,57,C,Nationwide Lead Gen,NEW
FL-S-0469,Nathan,Mitchell,+18509486585,nathan.mitchell@hotmail.com,,8487 Ridge Rd,Tallahassee,Florida,FL,85205,Seller,Code Violation,Inherited Family Estate (Probate),488520,343054,57,C,Nationwide Lead Gen,NEW
FL-S-0477,Eric,Jones,+13052171552,eric.jones@hotmail.com,,8059 Walnut Ave,Miami,Florida,FL,33176,Seller,Utility Shutoff,Financial Hardship - Needs Cash,915830,374671,57,C,Nationwide Lead Gen,NEW
FL-S-0507,Rosa,Ruiz,+18502892133,rosa.ruiz@outlook.com,,1885 Meadow Dr,Tallahassee,Florida,FL,98608,Seller,Absentee Owner,Financial Hardship - Needs Cash,159445,172496,57,C,Nationwide Lead Gen,NEW
FL-S-0511,Michael,Gutierrez,+16896531724,michael.gutierrez@gmail.com,,5167 Hill Pkwy,Orlando,Florida,FL,32831,Seller,Code Violation,Behind on Mortgage Payments,447223,71437,57,C,Nationwide Lead Gen,NEW
GA-S-0544,Eric,Watson,+17705328263,eric.watson@hotmail.com,,8329 Enterprise Rd,Atlanta,Georgia,GA,30369,Seller,Fire Damage,Property Needs Major Repairs,798290,50614,57,C,Nationwide Lead Gen,NEW
GA-S-0554,Samuel,Kelly,+17064761508,samuel.kelly@hotmail.com,,7201 Creek Ln,Columbus,Georgia,GA,12232,Seller,Lien,Out-of-State Absentee Landlord,258425,101768,57,C,Nationwide Lead Gen,NEW
GA-S-0590,Jonathan,Martin,+19122829160,jonathan.martin@hotmail.com,,7848 Lincoln Dr,Savannah,Georgia,GA,95677,Seller,Absentee Owner,Vacant Property - High Equity,858331,104714,57,C,Nationwide Lead Gen,NEW
IL-S-0683,Emma,Castillo,+18724378108,emma.castillo@yahoo.com,,1268 Sunrise Pkwy,Chicago,Illinois,IL,60660,Seller,Code Violation,Financial Hardship - Needs Cash,602733,197613,57,C,Nationwide Lead Gen,NEW
IN-S-0757,Larry,Lewis,+12608216648,larry.lewis@yahoo.com,,7129 Main Ct,Fort Wayne,Indiana,IN,75815,Seller,Eviction,Tired Landlord - Ready to Exit,361051,77752,57,C,Nationwide Lead Gen,NEW
IN-S-0761,Irene,Cox,+12606737829,irene.cox@aol.com,,3158 Maple Ln,Fort Wayne,Indiana,IN,74542,Seller,Eviction,Out-of-State Absentee Landlord,644937,266474,57,C,Nationwide Lead Gen,NEW
IN-S-0773,Janet,Reed,+12608924425,janet.reed@outlook.com,,8306 Birch Ave,Fort Wayne,Indiana,IN,15394,Seller,Tax Delinquent,Avoiding Foreclosure Auction,499126,150768,57,C,Nationwide Lead Gen,NEW
IA-S-0829,Jerry,Wright,+13194198762,jerry.wright@gmail.com,,6476 Canyon Pkwy,Cedar Rapids,Iowa,IA,62591,Seller,Probate,Financial Hardship - Needs Cash,910477,45604,57,C,Nationwide Lead Gen,NEW
KS-S-0860,Patricia,Price,+13169686513,patricia.price@aol.com,,6821 Pine Blvd,Wichita,Kansas,KS,67298,Seller,Vacant Property,Inherited Property - Not Interested,876410,43001,57,C,Nationwide Lead Gen,NEW
MA-S-1146,Gregory,Torres,+16178623214,gregory.torres@gmail.com,,5458 Monroe Ct,Boston,Massachusetts,MA,2147,Seller,Tax Delinquent,Behind on Mortgage Payments,617534,185484,57,C,Nationwide Lead Gen,NEW
MN-S-1305,Jason,Ross,+16123986498,jason.ross@hotmail.com,,8947 Technology Ln,Minneapolis,Minnesota,MN,55473,Seller,Pre-Foreclosure,Tax Lien & Pre-Foreclosure Opportunity,129079,66116,57,C,Nationwide Lead Gen,NEW
MN-S-1310,Christine,Lee,+16124572462,christine.lee@gmail.com,,5363 Peak Blvd,Minneapolis,Minnesota,MN,55426,Seller,Tax Delinquent,Property Needs Major Repairs,623336,95135,57,C,Nationwide Lead Gen,NEW
MO-S-1397,George,Green,+14177447698,george.green@outlook.com,,8291 Park St,Springfield,Missouri,MO,63292,Seller,Judgment,Out-of-State Absentee Landlord,769140,349165,57,C,Nationwide Lead Gen,NEW
MO-S-1442,Ronald,Rogers,+13148118098,ronald.rogers@outlook.com,,2512 Chestnut Ln,St. Louis,Missouri,MO,92631,Seller,Utility Shutoff,Financial Hardship - Needs Cash,230889,362614,57,C,Nationwide Lead Gen,NEW
NE-S-1512,Christine,Hernandez,+14022623886,christine.hernandez@gmail.com,,8658 Spring Pl,Lincoln,Nebraska,NE,48007,Seller,Code Violation,Property Needs Major Repairs,473618,313362,57,C,Nationwide Lead Gen,NEW
NV-S-1537,Christopher,Martinez,+17022154367,christopher.martinez@outlook.com,,5398 Hill Dr,Henderson,Nevada,NV,51849,Seller,Absentee Owner,Vacant Property - High Equity,337201,336057,57,C,Nationwide Lead Gen,NEW
NH-S-1563,Gregory,Martinez,+16038523437,gregory.martinez@hotmail.com,,4674 Forest Way,Manchester,New Hampshire,NH,3140,Seller,High Equity,Distressed Property - Code Violations,534831,187267,57,C,Nationwide Lead Gen,NEW
NH-S-1577,Frank,Watson,+16037278515,frank.watson@outlook.com,,3454 Main Blvd,Concord,New Hampshire,NH,66387,Seller,Absentee Owner,Behind on Mortgage Payments,251014,223401,57,C,Nationwide Lead Gen,NEW
NJ-S-1622,Laura,Morgan,+19087067295,laura.morgan@gmail.com,,8320 Park Rd,Elizabeth,New Jersey,NJ,44620,Seller,Pre-Foreclosure,Avoiding Foreclosure Auction,544881,128076,57,C,Nationwide Lead Gen,NEW
NJ-S-1623,Ruth,Jimenez,+19083763271,ruth.jimenez@yahoo.com,,6436 Peak Dr,Elizabeth,New Jersey,NJ,37382,Seller,Utility Shutoff,Inherited Property - Not Interested,509895,93395,57,C,Nationwide Lead Gen,NEW
OH-S-1887,Aaron,Jackson,+14195401362,aaron.jackson@outlook.com,,3514 Hickory Dr,Toledo,Ohio,OH,27673,Seller,Condemned,Out-of-State Absentee Landlord,805196,138788,57,C,Nationwide Lead Gen,NEW
OK-S-1952,Cynthia,Bennett,+14054428875,cynthia.bennett@gmail.com,,233 Vista Ln,Norman,Oklahoma,OK,54658,Seller,Utility Shutoff,Financial Hardship - Needs Cash,684597,240423,57,C,Nationwide Lead Gen,NEW
OK-S-1965,Christopher,Hall,+19183044026,christopher.hall@outlook.com,,842 Lake Ave,Broken Arrow,Oklahoma,OK,76329,Seller,High Equity,Financial Hardship - Needs Cash,323531,294808,57,C,Nationwide Lead Gen,NEW
OK-S-1969,Douglas,Torres,+19182131316,douglas.torres@aol.com,,4457 Business Dr,Broken Arrow,Oklahoma,OK,66934,Seller,Fire Damage,Avoiding Foreclosure Auction,134509,251601,57,C,Nationwide Lead Gen,NEW
OK-S-1981,Cynthia,Richardson,+14056205394,cynthia.richardson@outlook.com,,9986 Hill Pkwy,Norman,Oklahoma,OK,11674,Seller,Utility Shutoff,Divorce Settlement Required,825768,191374,57,C,Nationwide Lead Gen,NEW
OR-S-2071,Anthony,Sanders,+15416634062,anthony.sanders@aol.com,,4292 Maple Blvd,Eugene,Oregon,OR,48244,Seller,Probate,Tax Lien & Pre-Foreclosure Opportunity,314275,339938,57,C,Nationwide Lead Gen,NEW
PA-S-2114,Gary,Green,+16108626578,gary.green@aol.com,,8463 Chestnut Ave,Allentown,Pennsylvania,PA,81160,Seller,Pre-Foreclosure,Inherited Family Estate (Probate),162917,250933,57,C,Nationwide Lead Gen,NEW
PA-S-2135,Jerry,Foster,+14123421239,jerry.foster@aol.com,,5771 Vista Dr,Pittsburgh,Pennsylvania,PA,77412,Seller,Fire Damage,Property Needs Major Repairs,182708,165933,57,C,Nationwide Lead Gen,NEW
PA-S-2148,Kenneth,Peterson,+12155851353,kenneth.peterson@outlook.com,,717 Canyon Ave,Philadelphia,Pennsylvania,PA,19171,Seller,Eviction,Property in Probate - Estate Settlement,614185,311792,57,C,Nationwide Lead Gen,NEW
SC-S-2219,Raymond,Sanders,+18644856237,raymond.sanders@hotmail.com,,4753 Forest Way,Greenville,South Carolina,SC,42029,Seller,Judgment,Property in Probate - Estate Settlement,162923,107700,57,C,Nationwide Lead Gen,NEW
TN-S-2352,Sandra,Myers,+16158772060,sandra.myers@aol.com,,6590 Highland Pl,Nashville,Tennessee,TN,37269,Seller,Code Violation,Divorce Settlement Required,727132,195459,57,C,Nationwide Lead Gen,NEW
UT-S-2475,Donald,Moore,+18013905557,donald.moore@hotmail.com,,4395 Canyon Pl,Ogden,Utah,UT,27818,Seller,Fire Damage,Vacant Property - High Equity,849769,208163,57,C,Nationwide Lead Gen,NEW
AL-S-0008,Aaron,Long,+16596376173,aaron.long@aol.com,,4396 Hickory Ct,Birmingham,Alabama,AL,35269,Seller,Lien,Job Relocation - Must Sell Fast,413416,279222,56,C,Nationwide Lead Gen,NEW
AZ-S-0146,Alexander,Jones,+14803073676,alexander.jones@yahoo.com,,7226 Canyon Ave,Chandler,Arizona,AZ,42826,Seller,Eviction,Tired Landlord - Ready to Exit,652500,78635,56,C,Nationwide Lead Gen,NEW
CA-S-0226,Aaron,Sanders,+12793898825,aaron.sanders@hotmail.com,,8150 Hill St,Sacramento,California,CA,91526,Seller,Bankruptcy,Divorce Settlement Required,942166,385187,56,C,Nationwide Lead Gen,NEW
CA-S-0228,Matthew,Jimenez,+14159064429,matthew.jimenez@outlook.com,,4031 Cedar Pkwy,San Francisco,California,CA,12656,Seller,Vacant Property,Tax Lien & Pre-Foreclosure Opportunity,543581,96518,56,C,Nationwide Lead Gen,NEW
CO-S-0288,Melissa,Reed,+17192476226,melissa.reed@gmail.com,,716 Birch Pl,Colorado Springs,Colorado,CO,88106,Seller,High Equity,Distressed Property - Code Violations,725738,287668,56,C,Nationwide Lead Gen,NEW
CT-S-0368,Larry,Long,+12033998278,larry.long@yahoo.com,,1399 Monroe Ln,New Haven,Connecticut,CT,79798,Seller,High Equity,Out-of-State Absentee Landlord,748376,108546,56,C,Nationwide Lead Gen,NEW
FL-S-0500,Emily,Gray,+13055318461,emily.gray@hotmail.com,,8353 Lincoln Ave,Miami,Florida,FL,33174,Seller,Judgment,Absentee Owner - Lives Out of State,787340,396790,56,C,Nationwide Lead Gen,NEW
FL-S-0513,Sarah,White,+14078686482,sarah.white@gmail.com,,118 Creek Way,Orlando,Florida,FL,32832,Seller,Judgment,Property in Probate - Estate Settlement,714000,311335,56,C,Nationwide Lead Gen,NEW
GA-S-0584,Patrick,Price,+17063075516,patrick.price@aol.com,,8571 Peak St,Columbus,Georgia,GA,69091,Seller,Condemned,Financial Hardship - Needs Cash,157653,100500,56,C,Nationwide Lead Gen,NEW
IN-S-0778,Patrick,Anderson,+18128706950,patrick.anderson@yahoo.com,,685 Technology Rd,Evansville,Indiana,IN,68462,Seller,Tax Delinquent,Avoiding Foreclosure Auction,790830,207037,56,C,Nationwide Lead Gen,NEW
KS-S-0856,Ryan,Morris,+19133473148,ryan.morris@yahoo.com,,9394 Cedar Ave,Kansas City,Kansas,KS,37974,Seller,Tax Delinquent,Out-of-State Absentee Landlord,273066,377161,56,C,Nationwide Lead Gen,NEW
KS-S-0862,Dennis,Watson,+13168275962,dennis.watson@aol.com,,3586 Spring Blvd,Wichita,Kansas,KS,67203,Seller,Probate,Out-of-State Absentee Landlord,857467,363406,56,C,Nationwide Lead Gen,NEW
KY-S-0900,Sandra,Peterson,+15024689738,sandra.peterson@outlook.com,,3725 Park Pl,Louisville,Kentucky,KY,40296,Seller,High Equity,Job Relocation - Must Sell Fast,383851,190389,56,C,Nationwide Lead Gen,NEW
KY-S-0912,Douglas,Flores,+18596595094,douglas.flores@outlook.com,,9463 Forest Blvd,Covington,Kentucky,KY,20183,Seller,Utility Shutoff,Inherited Family Estate (Probate),740647,105662,56,C,Nationwide Lead Gen,NEW
LA-S-0984,Charles,Turner,+12253263882,charles.turner@outlook.com,,167 Maple Way,Baton Rouge,Louisiana,LA,58772,Seller,High Equity,Tired Landlord - Ready to Exit,622915,310796,56,C,Nationwide Lead Gen,NEW
ME-S-1048,Gary,Murphy,+12073086401,gary.murphy@yahoo.com,,3842 Chestnut Pkwy,Lewiston,Maine,ME,31248,Seller,Bankruptcy,Behind on Mortgage Payments,652679,381431,56,C,Nationwide Lead Gen,NEW
MA-S-1144,Zachary,Cox,+18574996075,zachary.cox@aol.com,,3369 Canyon Blvd,Boston,Massachusetts,MA,2194,Seller,Absentee Owner,Property in Probate - Estate Settlement,631443,339249,56,C,Nationwide Lead Gen,NEW
MA-S-1170,Henry,Baker,+14135081107,henry.baker@yahoo.com,,1365 Highland Pkwy,Springfield,Massachusetts,MA,69966,Seller,Absentee Owner,Inherited Property - Not Interested,259339,271842,56,C,Nationwide Lead Gen,NEW
MA-S-1174,Charles,Foster,+17744402379,charles.foster@yahoo.com,,8730 Technology St,Worcester,Massachusetts,MA,22434,Seller,Lien,Financial Hardship - Needs Cash,501536,194085,56,C,Nationwide Lead Gen,NEW
MN-S-1314,Kimberly,Evans,+15074881299,kimberly.evans@yahoo.com,,6375 Adams Rd,Rochester,Minnesota,MN,63030,Seller,Judgment,Inherited Family Estate (Probate),259575,212926,56,C,Nationwide Lead Gen,NEW
NJ-S-1597,Brian,Wood,+19739711606,brian.wood@aol.com,,3907 Valley Dr,Paterson,New Jersey,NJ,22574,Seller,Code Violation,Financial Hardship - Needs Cash,237317,254673,56,C,Nationwide Lead Gen,NEW
NC-S-1801,Lisa,Wilson,+13363693436,lisa.wilson@gmail.com,,2888 Business Ave,Greensboro,North Carolina,NC,82696,Seller,Judgment,Tired Landlord - Ready to Exit,778922,374273,56,C,Nationwide Lead Gen,NEW
OH-S-1889,Jerry,James,+13304246542,jerry.james@gmail.com,,1211 Maple St,Akron,Ohio,OH,49194,Seller,Fire Damage,Inherited Family Estate (Probate),152340,312851,56,C,Nationwide Lead Gen,NEW
OR-S-2033,James,Foster,+19714978541,james.foster@outlook.com,,4421 Pine Ln,Portland,Oregon,OR,97234,Seller,Pre-Foreclosure,Inherited Family Estate (Probate),722809,144945,56,C,Nationwide Lead Gen,NEW
OR-S-2039,Shirley,Anderson,+15032618227,shirley.anderson@hotmail.com,,1282 Harrison Way,Salem,Oregon,OR,63949,Seller,Code Violation,Out-of-State Absentee Landlord,770276,374303,56,C,Nationwide Lead Gen,NEW
OR-S-2051,Ryan,Carter,+15414535148,ryan.carter@gmail.com,,9230 Oak Dr,Eugene,Oregon,OR,27286,Seller,Eviction,Property in Probate - Estate Settlement,585273,237375,56,C,Nationwide Lead Gen,NEW
OR-S-2052,Betty,Brooks,+15035195027,betty.brooks@gmail.com,,4310 Madison Ln,Portland,Oregon,OR,97268,Seller,Vacant Property,Property in Probate - Estate Settlement,356333,362968,56,C,Nationwide Lead Gen,NEW
PA-S-2134,Michael,Watson,+18145594816,michael.watson@aol.com,,2106 Oak Ct,Erie,Pennsylvania,PA,87948,Seller,Condemned,Financial Hardship - Needs Cash,312750,225404,56,C,Nationwide Lead Gen,NEW
PA-S-2136,Nicholas,Morales,+16105642021,nicholas.morales@gmail.com,,6644 Maple Pkwy,Allentown,Pennsylvania,PA,98469,Seller,Pre-Foreclosure,Job Relocation - Must Sell Fast,776922,180976,56,C,Nationwide Lead Gen,NEW
SC-S-2253,Carmen,Wright,+18435756546,carmen.wright@aol.com,,3900 Innovation Pkwy,Myrtle Beach,South Carolina,SC,52434,Seller,Tax Delinquent,Divorce Settlement Required,189511,40772,56,C,Nationwide Lead Gen,NEW
UT-S-2506,Elizabeth,Jackson,+18018628042,elizabeth.jackson@gmail.com,,2389 Hickory Ct,Provo,Utah,UT,98889,Seller,High Equity,Vacant Property - High Equity,539784,365942,56,C,Nationwide Lead Gen,NEW
VA-S-2585,Carolyn,Rogers,+17577085679,carolyn.rogers@yahoo.com,,4769 Jefferson Ln,Virginia Beach,Virginia,VA,23459,Seller,Pre-Foreclosure,Vacant Property - High Equity,388342,322267,56,C,Nationwide Lead Gen,NEW
WA-S-2642,Aaron,Morales,+14259249330,aaron.morales@yahoo.com,,5671 Madison Ct,Bellevue,Washington,WA,95732,Seller,Condemned,Divorce Settlement Required,851228,223617,56,C,Nationwide Lead Gen,NEW
WI-S-2781,Michelle,Mendoza,+19205161249,michelle.mendoza@outlook.com,,2367 Washington Pkwy,Green Bay,Wisconsin,WI,24727,Seller,Eviction,Property Needs Major Repairs,566975,42227,56,C,Nationwide Lead Gen,NEW
WI-S-2792,Frank,Ruiz,+16089418643,frank.ruiz@aol.com,,7947 River St,Madison,Wisconsin,WI,66980,Seller,Judgment,Tax Lien & Pre-Foreclosure Opportunity,446469,376806,56,C,Nationwide Lead Gen,NEW
AL-S-0030,Frank,Hernandez,+13345289617,frank.hernandez@aol.com,,3161 Birch Ct,Montgomery,Alabama,AL,36116,Seller,Tax Delinquent,Job Relocation - Must Sell Fast,471795,171881,55,C,Nationwide Lead Gen,NEW
AK-S-0091,Jennifer,Harris,+19076816541,jennifer.harris@outlook.com,,7668 Vista Blvd,Juneau,Alaska,AK,63038,Seller,Absentee Owner,Tired Landlord - Ready to Exit,710557,308338,55,C,Nationwide Lead Gen,NEW
AK-S-0092,Aaron,Baker,+19075877029,aaron.baker@yahoo.com,,2022 Highland Ct,Anchorage,Alaska,AK,99554,Seller,Eviction,Absentee Owner - Lives Out of State,638876,365444,55,C,Nationwide Lead Gen,NEW
AZ-S-0148,Gregory,Ross,+14803192771,gregory.ross@aol.com,,8769 Meadow Way,Chandler,Arizona,AZ,52167,Seller,Eviction,Divorce Settlement Required,230664,370865,55,C,Nationwide Lead Gen,NEW
AR-S-0190,Scott,Thomas,+15018486064,scott.thomas@hotmail.com,,581 Highland Pl,Little Rock,Arkansas,AR,72293,Seller,Judgment,Divorce Settlement Required,809018,282054,55,C,Nationwide Lead Gen,NEW
CA-S-0242,Raymond,Brooks,+15109856579,raymond.brooks@yahoo.com,,7102 Garden Ct,Oakland,California,CA,35234,Seller,High Equity,Property Needs Major Repairs,310857,46358,55,C,Nationwide Lead Gen,NEW
CO-S-0315,Shirley,Collins,+13039197470,shirley.collins@hotmail.com,,1864 Summit Pkwy,Denver,Colorado,CO,80275,Seller,Tax Delinquent,Absentee Owner - Lives Out of State,660923,313144,55,C,Nationwide Lead Gen,NEW
CO-S-0326,Margaret,Perez,+19706075990,margaret.perez@aol.com,,7901 Chestnut Rd,Fort Collins,Colorado,CO,96784,Seller,Code Violation,Job Relocation - Must Sell Fast,825478,150008,55,C,Nationwide Lead Gen,NEW
FL-S-0472,Gregory,Hall,+18502354111,gregory.hall@yahoo.com,,367 Washington Pl,Tallahassee,Florida,FL,76921,Seller,Vacant Property,Property Needs Major Repairs,811673,222095,55,C,Nationwide Lead Gen,NEW
FL-S-0474,Rebecca,Price,+14078815451,rebecca.price@outlook.com,,9133 Meadow Dr,Orlando,Florida,FL,32867,Seller,Tax Delinquent,Absentee Owner - Lives Out of State,365970,392585,55,C,Nationwide Lead Gen,NEW
GA-S-0550,Maria,Patel,+17068901377,maria.patel@yahoo.com,,4040 Pine Pl,Augusta,Georgia,GA,77562,Seller,Condemned,Tired Landlord - Ready to Exit,201337,318355,55,C,Nationwide Lead Gen,NEW
GA-S-0580,Angela,Alvarez,+17063435204,angela.alvarez@gmail.com,,7849 Vista Dr,Augusta,Georgia,GA,36860,Seller,Lien,Property Needs Major Repairs,587170,55551,55,C,Nationwide Lead Gen,NEW
HI-S-0619,Elena,Moore,+18084147714,elena.moore@yahoo.com,,1212 Hill Pl,Kailua,Hawaii,HI,28146,Seller,Bankruptcy,Vacant Property - High Equity,655982,370175,55,C,Nationwide Lead Gen,NEW
IL-S-0710,Samantha,Ward,+12176615357,samantha.ward@gmail.com,,3078 Industrial Pkwy,Springfield,Illinois,IL,68950,Seller,Pre-Foreclosure,Financial Hardship - Needs Cash,244299,89262,55,C,Nationwide Lead Gen,NEW
KS-S-0858,Brandon,Myers,+19137152942,brandon.myers@aol.com,,7923 Innovation Pl,Kansas City,Kansas,KS,63694,Seller,Eviction,Inherited Family Estate (Probate),305408,381689,55,C,Nationwide Lead Gen,NEW
LA-S-0961,Brandon,Green,+12259723067,brandon.green@gmail.com,,494 Garden Ln,Baton Rouge,Louisiana,LA,44679,Seller,Probate,Avoiding Foreclosure Auction,786689,123372,55,C,Nationwide Lead Gen,NEW
LA-S-0968,Joseph,Ortiz,+12259194062,joseph.ortiz@hotmail.com,,8934 Sunset Ct,Baton Rouge,Louisiana,LA,58038,Seller,Probate,Financial Hardship - Needs Cash,737152,261420,55,C,Nationwide Lead Gen,NEW
MD-S-1095,Alexander,Wright,+12403654601,alexander.wright@aol.com,,8315 Oak Pkwy,Frederick,Maryland,MD,83397,Seller,Lien,Distressed Property - Code Violations,860803,213374,55,C,Nationwide Lead Gen,NEW
MA-S-1154,Debra,Hill,+16176103993,debra.hill@outlook.com,,5941 Park Ct,Boston,Massachusetts,MA,2168,Seller,Code Violation,Tax Lien & Pre-Foreclosure Opportunity,716947,288572,55,C,Nationwide Lead Gen,NEW
MI-S-1237,Brenda,Rivera,+15173395431,brenda.rivera@outlook.com,,995 Maple Ct,Lansing,Michigan,MI,73112,Seller,Bankruptcy,Property Needs Major Repairs,464758,142665,55,C,Nationwide Lead Gen,NEW
MN-S-1302,Jacob,Hall,+12182061128,jacob.hall@aol.com,,9573 Hickory Way,Duluth,Minnesota,MN,17172,Seller,High Equity,Vacant Property - High Equity,191410,79236,55,C,Nationwide Lead Gen,NEW
MN-S-1327,Kimberly,Evans,+12188203854,kimberly.evans@yahoo.com,,3965 Oak Way,Duluth,Minnesota,MN,32117,Seller,Fire Damage,Behind on Mortgage Payments,579240,183300,55,C,Nationwide Lead Gen,NEW
MT-S-1488,Anna,Carter,+14068792943,anna.carter@yahoo.com,,9555 Meadow Rd,Missoula,Montana,MT,35326,Seller,Bankruptcy,Vacant Property - High Equity,633625,275300,55,C,Nationwide Lead Gen,NEW
NJ-S-1628,Mary,Gomez,+19732948146,mary.gomez@yahoo.com,,2655 Summit Dr,Paterson,New Jersey,NJ,39038,Seller,Absentee Owner,Divorce Settlement Required,465775,190890,55,C,Nationwide Lead Gen,NEW
NJ-S-1639,Larry,Wright,+19086485336,larry.wright@outlook.com,,4405 Jackson Blvd,Elizabeth,New Jersey,NJ,95796,Seller,Bankruptcy,Out-of-State Absentee Landlord,843461,293356,55,C,Nationwide Lead Gen,NEW
ND-S-1864,Gloria,Gutierrez,+17017884833,gloria.gutierrez@gmail.com,,658 Lake Ave,Bismarck,North Dakota,ND,79311,Seller,Utility Shutoff,Financial Hardship - Needs Cash,552045,164562,55,C,Nationwide Lead Gen,NEW
OK-S-1974,Donna,Gutierrez,+14055146580,donna.gutierrez@yahoo.com,,8547 Spring St,Norman,Oklahoma,OK,73106,Seller,Absentee Owner,Tax Lien & Pre-Foreclosure Opportunity,879269,357315,55,C,Nationwide Lead Gen,NEW
PA-S-2101,Douglas,Thompson,+12154421615,douglas.thompson@yahoo.com,,7557 Maple Ln,Philadelphia,Pennsylvania,PA,19187,Seller,Probate,Divorce Settlement Required,248378,361718,55,C,Nationwide Lead Gen,NEW
UT-S-2479,Gloria,Wilson,+18017634295,gloria.wilson@aol.com,,6532 Cedar Ln,West Valley City,Utah,UT,51187,Seller,High Equity,Vacant Property - High Equity,772149,371075,55,C,Nationwide Lead Gen,NEW
VA-S-2593,Shirley,Flores,+17039872728,shirley.flores@outlook.com,,8994 Sunrise Ct,Arlington,Virginia,VA,52887,Seller,High Equity,Out-of-State Absentee Landlord,712357,219923,55,C,Nationwide Lead Gen,NEW
VA-S-2610,Alexander,Bennett,+17577772675,alexander.bennett@hotmail.com,,9655 Spring St,Virginia Beach,Virginia,VA,23487,Seller,Tax Delinquent,Avoiding Foreclosure Auction,266659,324596,55,C,Nationwide Lead Gen,NEW
WV-S-2717,Deborah,Gonzalez,+13043633222,deborah.gonzalez@yahoo.com,,6859 Chestnut Rd,Charleston,West Virginia,WV,25365,Seller,Fire Damage,Tired Landlord - Ready to Exit,710491,109141,55,C,Nationwide Lead Gen,NEW
WI-S-2772,Dorothy,Davis,+12625922533,dorothy.davis@hotmail.com,,9376 Hill Way,Kenosha,Wisconsin,WI,48173,Seller,Code Violation,Property Needs Major Repairs,853304,178773,55,C,Nationwide Lead Gen,NEW
