first_name,last_name,phone,email
Mary,Roberts,+12057602466,mary.roberts@hotmail.com
James,Thompson,+14809449074,james.thompson@aol.com
Jessica,Cox,+15014834598,jessica.cox@hotmail.com
Justin,Martinez,+16199586478,justin.martinez@gmail.com
Angela,Cooper,+19703633970,angela.cooper@yahoo.com
Rosa,Hughes,+19705336844,rosa.hughes@outlook.com
Donald,Nelson,+19593228253,donald.nelson@aol.com
Melissa,Rivera,+14755675304,melissa.rivera@aol.com
Elena,Scott,+13022088781,elena.scott@yahoo.com
Henry,Reed,+12082409203,henry.reed@aol.com
Irene,Chavez,+16306489725,irene.chavez@hotmail.com
Samuel,Gutierrez,+13172829500,samuel.gutierrez@hotmail.com
Larry,Thompson,+13017094687,larry.thompson@yahoo.com
Zachary,Kelly,+13135594113,zachary.kelly@outlook.com
Benjamin,Jackson,+12187003861,benjamin.jackson@yahoo.com
Shirley,Reyes,+16513464976,shirley.reyes@outlook.com
Carolyn,Collins,+15075765285,carolyn.collins@yahoo.com
Jeffrey,Cooper,+12018387547,jeffrey.cooper@outlook.com
Irene,Alvarez,+19736738364,irene.alvarez@hotmail.com
Sarah,Reyes,+12127901471,sarah.reyes@yahoo.com
Angela,Lee,+15187487494,angela.lee@yahoo.com
Samantha,Wood,+19199903285,samantha.wood@gmail.com
Jessica,Turner,+19807335817,jessica.turner@yahoo.com
Elena,Gutierrez,+17012533793,elena.gutierrez@gmail.com
Angela,Cook,+12163521914,angela.cook@yahoo.com
Yolanda,Miller,+14056287674,yolanda.miller@outlook.com
Tyler,Cook,+19182877990,tyler.cook@gmail.com
Raymond,Gomez,+14055532696,raymond.gomez@hotmail.com
Jonathan,Rodriguez,+14056313635,jonathan.rodriguez@gmail.com
Samuel,Walker,+14123193253,samuel.walker@hotmail.com
Aaron,Brooks,+18145568447,aaron.brooks@gmail.com
Timothy,Wright,+16104654402,timothy.wright@outlook.com
Samuel,Howard,+14012319835,samuel.howard@gmail.com
Carol,Rivera,+18436132362,carol.rivera@hotmail.com
Steven,Gomez,+14238486938,steven.gomez@hotmail.com
John,Taylor,+16152471746,john.taylor@yahoo.com
Patricia,Hall,+14233222783,patricia.hall@gmail.com
Robert,Nguyen,+19158233492,robert.nguyen@aol.com
Nancy,Scott,+17579702807,nancy.scott@aol.com
Donna,Morgan,+12533147457,donna.morgan@gmail.com
Nicole,Murphy,+15095676579,nicole.murphy@aol.com
Stephen,Hughes,+13047885467,stephen.hughes@yahoo.com
Gregory,Ward,+16089855188,gregory.ward@outlook.com
Sandra,Ramirez,+13347552911,sandra.ramirez@hotmail.com
Emma,Ward,+12516631082,emma.ward@yahoo.com
Carlos,Collins,+16593852898,carlos.collins@aol.com
Shirley,Sanchez,+12565575432,shirley.sanchez@yahoo.com
Edward,Evans,+19078031012,edward.evans@gmail.com
Carlos,Bennett,+14803193493,carlos.bennett@hotmail.com
Douglas,Clark,+14793624473,douglas.clark@aol.com
Douglas,Patel,+13036522988,douglas.patel@aol.com
Carlos,Bennett,+19707891340,carlos.bennett@outlook.com
Karen,Walker,+12037936213,karen.walker@outlook.com
Steven,Howard,+17065986149,steven.howard@outlook.com
Peter,Peterson,+12089107510,peter.peterson@yahoo.com
Heather,James,+16307773675,heather.james@gmail.com
Richard,Cox,+14632716660,richard.cox@aol.com
Kenneth,Jackson,+18595899386,kenneth.jackson@aol.com
Emma,Lewis,+15045573342,emma.lewis@aol.com
Justin,Allen,+13184126642,justin.allen@hotmail.com
Samantha,Gray,+12259547759,samantha.gray@aol.com
Michael,Anderson,+16172918946,michael.anderson@outlook.com
Ryan,Ramos,+15174247861,ryan.ramos@yahoo.com
Michael,Collins,+17348949679,michael.collins@outlook.com
Pamela,Rivera,+16128606699,pamela.rivera@hotmail.com
Carolyn,Peterson,+18163571420,carolyn.peterson@hotmail.com
Alexander,Long,+16365523624,alexander.long@aol.com
Nathan,Gutierrez,+14069439379,nathan.gutierrez@gmail.com
Zachary,Wilson,+14027654422,zachary.wilson@aol.com
Shirley,Anderson,+17023645855,shirley.anderson@gmail.com
Donna,Davis,+19736484005,donna.davis@gmail.com
Gloria,Martinez,+19736098453,gloria.martinez@yahoo.com
Mark,Gray,+17168146768,mark.gray@hotmail.com
Stephanie,Turner,+15853153758,stephanie.turner@yahoo.com
Mark,Morris,+19194337079,mark.morris@yahoo.com
Margaret,Torres,+15135351470,margaret.torres@yahoo.com
Tyler,Diaz,+14056633905,tyler.diaz@outlook.com
Gloria,Morgan,+14057634509,gloria.morgan@gmail.com
Kevin,Cruz,+14059495541,kevin.cruz@aol.com
George,Smith,+14059425948,george.smith@hotmail.com
Andrew,Morgan,+15418658983,andrew.morgan@gmail.com
Kimberly,Scott,+18642563068,kimberly.scott@gmail.com
Dennis,Jimenez,+17376856604,dennis.jimenez@aol.com
Barbara,Allen,+17379583875,barbara.allen@gmail.com
David,Clark,+18013213666,david.clark@yahoo.com
Elizabeth,Allen,+18012448156,elizabeth.allen@aol.com
Nancy,Harris,+18026168534,nancy.harris@outlook.com
Aaron,Garcia,+16082832028,aaron.garcia@outlook.com
Susan,Rogers,+12516301906,susan.rogers@yahoo.com
Jacob,Anderson,+12512527693,jacob.anderson@gmail.com
Ashley,Carter,+12519751099,ashley.carter@aol.com
Gary,Evans,+12517313209,gary.evans@gmail.com
Jeffrey,Mendoza,+17207298443,jeffrey.mendoza@outlook.com
Emma,Hughes,+19546996933,emma.hughes@gmail.com
John,Collins,+16898884085,john.collins@aol.com
Linda,Hill,+19545395546,linda.hill@gmail.com
Joshua,Parker,+17707978101,joshua.parker@hotmail.com
Shirley,Taylor,+14047683745,shirley.taylor@aol.com
Andrew,James,+12082028546,andrew.james@hotmail.com
George,Mitchell,+16305099424,george.mitchell@aol.com
Donna,Nelson,+18722316118,donna.nelson@aol.com
Emma,Diaz,+12606086213,emma.diaz@outlook.com
Alexander,Morgan,+18125757116,alexander.morgan@gmail.com
Adam,Stewart,+18127042555,adam.stewart@aol.com
Brenda,Hall,+18598228144,brenda.hall@aol.com
Gregory,Jimenez,+18595588583,gregory.jimenez@aol.com
Joseph,James,+13187937381,joseph.james@aol.com
Karen,Morales,+16172052713,karen.morales@outlook.com
Douglas,Wilson,+15074452556,douglas.wilson@gmail.com
John,Smith,+16513455044,john.smith@outlook.com
Charles,Richardson,+14178209609,charles.richardson@aol.com
Kenneth,Howard,+18162922235,kenneth.howard@hotmail.com
Susan,Cook,+14066466712,susan.cook@aol.com
Yolanda,Parker,+16032264722,yolanda.parker@outlook.com
Nicole,Wilson,+19736142809,nicole.wilson@aol.com
Aaron,Gutierrez,+13365849775,aaron.gutierrez@aol.com
Christine,King,+13303483890,christine.king@outlook.com
Carol,Reed,+15417222372,carol.reed@gmail.com
Jason,Watson,+15415674078,jason.watson@outlook.com
Anthony,Mendoza,+18789783140,anthony.mendoza@outlook.com
Anna,Sanders,+18433804961,anna.sanders@hotmail.com
Elena,Gutierrez,+16057597907,elena.gutierrez@gmail.com
Dorothy,Brown,+16054768368,dorothy.brown@outlook.com
Henry,Clark,+17578592973,henry.clark@outlook.com
Rosa,Ruiz,+14255072929,rosa.ruiz@outlook.com
Brenda,Brown,+13046801641,brenda.brown@hotmail.com
Pamela,Hernandez,+12627835335,pamela.hernandez@gmail.com
Daniel,Phillips,+19075022242,daniel.phillips@outlook.com
Debra,Wood,+14806441772,debra.wood@hotmail.com
Mark,Garcia,+16027482891,mark.garcia@gmail.com
Ruth,Taylor,+15207947855,ruth.taylor@gmail.com
Timothy,Gomez,+12794087772,timothy.gomez@yahoo.com
Deborah,Hall,+17199085165,deborah.hall@hotmail.com
Thomas,Young,+19708357652,thomas.young@gmail.com
Edward,Carter,+19594932904,edward.carter@outlook.com
Jeffrey,Morales,+12033914356,jeffrey.morales@yahoo.com
Kimberly,Jackson,+14758399650,kimberly.jackson@hotmail.com
Alexander,Taylor,+12033865187,alexander.taylor@outlook.com
Gloria,Jones,+13024754719,gloria.jones@aol.com
Jonathan,Hernandez,+18138683583,jonathan.hernandez@gmail.com
Barbara,Martinez,+14078459154,barbara.martinez@gmail.com
Mary,Foster,+17064589841,mary.foster@yahoo.com
Patricia,Ramirez,+19128722426,patricia.ramirez@outlook.com
Rosa,White,+19123004984,rosa.white@gmail.com
Betty,Ramos,+18087618890,betty.ramos@outlook.com
Jerry,Mendoza,+12084818455,jerry.mendoza@gmail.com
Timothy,Foster,+13127527339,timothy.foster@yahoo.com
Angela,King,+18729458982,angela.king@gmail.com
Donna,Jackson,+18728165427,donna.jackson@outlook.com
Brenda,Turner,+12607309635,brenda.turner@gmail.com
Carolyn,Rodriguez,+12608778334,carolyn.rodriguez@outlook.com
Carol,Kim,+12606579777,carol.kim@gmail.com
Jennifer,Davis,+12256444592,jennifer.davis@hotmail.com
Elizabeth,Roberts,+15044022261,elizabeth.roberts@yahoo.com
Linda,Morgan,+15048587308,linda.morgan@gmail.com
Adam,King,+16177257527,adam.king@outlook.com
Shirley,Cooper,+16172677044,shirley.cooper@hotmail.com
Sharon,Roberts,+16178432164,sharon.roberts@outlook.com
Jacob,White,+16164608279,jacob.white@aol.com
Jason,Cruz,+13133454105,jason.cruz@yahoo.com
Sylvia,Lewis,+17349809163,sylvia.lewis@outlook.com
Richard,Ramirez,+16168964213,richard.ramirez@yahoo.com
Patrick,Wright,+17349997040,patrick.wright@gmail.com
Dorothy,Howard,+16515806987,dorothy.howard@hotmail.com
Larry,Flores,+12186144042,larry.flores@aol.com
William,Ramos,+18163109763,william.ramos@yahoo.com
Amy,Watson,+14023686185,amy.watson@gmail.com
Gregory,Peterson,+16034601445,gregory.peterson@outlook.com
Karen,Jimenez,+16033982779,karen.jimenez@outlook.com
Debra,Peterson,+12012452957,debra.peterson@outlook.com
Jason,Lee,+15756415823,jason.lee@aol.com
Harold,Gomez,+15755606135,harold.gomez@yahoo.com
Susan,Thompson,+15057666943,susan.thompson@gmail.com
Brandon,Patel,+13156977004,brandon.patel@aol.com
Paul,Stewart,+19195851481,paul.stewart@gmail.com
Frank,Chavez,+17019265937,frank.chavez@outlook.com
Joseph,Nguyen,+15137192639,joseph.nguyen@outlook.com
Harold,Gutierrez,+12168252335,harold.gutierrez@gmail.com
Donna,Thomas,+14193506581,donna.thomas@gmail.com
Henry,Bennett,+14194709112,henry.bennett@yahoo.com
Laura,Harris,+18785466609,laura.harris@gmail.com
Debra,Bailey,+16102844983,debra.bailey@outlook.com
Anthony,Phillips,+16104462337,anthony.phillips@outlook.com
Jerry,Thomas,+18143021417,jerry.thomas@gmail.com
Lisa,Martin,+14015954516,lisa.martin@hotmail.com
Tyler,Wilson,+14016998729,tyler.wilson@gmail.com
Catherine,Watson,+14016243258,catherine.watson@hotmail.com
Nicholas,Martinez,+16055015262,nicholas.martinez@hotmail.com
Nathan,Jackson,+16055096855,nathan.jackson@gmail.com
Gloria,Young,+16157359749,gloria.young@outlook.com
Douglas,Lopez,+18012198834,douglas.lopez@gmail.com
Gloria,Peterson,+18017338289,gloria.peterson@gmail.com
Nathan,Thomas,+18022689744,nathan.thomas@outlook.com
Michael,Ortiz,+18025861941,michael.ortiz@yahoo.com
Jennifer,Roberts,+18045903468,jennifer.roberts@aol.com
Elizabeth,Alvarez,+14257205104,elizabeth.alvarez@gmail.com
Gloria,Richardson,+12534665096,gloria.richardson@gmail.com
Matthew,Peterson,+13046309461,matthew.peterson@outlook.com
Kimberly,Turner,+13044737411,kimberly.turner@aol.com
Carmen,Taylor,+19204462665,carmen.taylor@gmail.com
Samuel,Thompson,+16598006328,samuel.thompson@yahoo.com
Nathan,Ramirez,+12565134637,nathan.ramirez@yahoo.com
Peter,Mitchell,+12569806039,peter.mitchell@aol.com
Nicole,Reyes,+19074417641,nicole.reyes@yahoo.com
Melissa,Robinson,+19076352347,melissa.robinson@outlook.com
Brenda,Rodriguez,+14803789518,brenda.rodriguez@yahoo.com
Henry,Davis,+15107833523,henry.davis@yahoo.com
Justin,Diaz,+14752486041,justin.diaz@yahoo.com
Angela,Rodriguez,+17864676901,angela.rodriguez@outlook.com
Robert,Reed,+19047506199,robert.reed@gmail.com
Brenda,Wright,+17703154469,brenda.wright@yahoo.com
Carmen,Reyes,+19123825255,carmen.reyes@gmail.com
Alexander,Kim,+18089441519,alexander.kim@gmail.com
Shirley,Hughes,+18088548900,shirley.hughes@yahoo.com
Brandon,Sanders,+13318538975,brandon.sanders@outlook.com
Maria,Phillips,+18724272635,maria.phillips@aol.com
Joshua,Nelson,+12609135009,joshua.nelson@gmail.com
Katherine,Brown,+13193268278,katherine.brown@outlook.com
Emily,Scott,+19132737955,emily.scott@gmail.com
William,Ortiz,+17858931971,william.ortiz@yahoo.com
Michelle,Wood,+19132978828,michelle.wood@aol.com
Katherine,Ross,+19137594588,katherine.ross@outlook.com
Nicole,Martinez,+18597074478,nicole.martinez@gmail.com
Ashley,Ramos,+15027316824,ashley.ramos@yahoo.com
Kevin,Turner,+18592853640,kevin.turner@outlook.com
Melissa,Collins,+15049067574,melissa.collins@outlook.com
Linda,Wilson,+13014446715,linda.wilson@outlook.com
Peter,Gomez,+13017516441,peter.gomez@outlook.com
Amy,Lee,+14138317646,amy.lee@hotmail.com
Deborah,Mitchell,+13139825883,deborah.mitchell@gmail.com
Mark,Lewis,+16518495190,mark.lewis@aol.com
Debra,Ramos,+16519312916,debra.ramos@outlook.com
Raymond,Miller,+12286286476,raymond.miller@outlook.com
Ashley,Watson,+16018197348,ashley.watson@yahoo.com
Emily,Phillips,+16366194157,emily.phillips@outlook.com
Dorothy,Kim,+14173815720,dorothy.kim@outlook.com
Frank,Morales,+18168789511,frank.morales@hotmail.com
Dorothy,Myers,+17754242889,dorothy.myers@aol.com
Frank,Ross,+19089828011,frank.ross@yahoo.com
Patrick,Ward,+19735704924,patrick.ward@outlook.com
Linda,Howard,+13157906261,linda.howard@aol.com
Sandra,Wright,+15855472066,sandra.wright@aol.com
Benjamin,Harris,+13363772625,benjamin.harris@yahoo.com
Ashley,Rivera,+19199537636,ashley.rivera@yahoo.com
Ashley,Collins,+17019909745,ashley.collins@aol.com
Joshua,Ruiz,+17018561085,joshua.ruiz@outlook.com
Henry,Clark,+12164183220,henry.clark@aol.com
Adam,Kim,+19187774866,adam.kim@aol.com
Debra,Rogers,+14059176741,debra.rogers@aol.com
Charles,King,+19183936746,charles.king@outlook.com
Melissa,Morris,+15418222333,melissa.morris@yahoo.com
Matthew,Howard,+15412262742,matthew.howard@gmail.com
Janet,Lee,+15412762300,janet.lee@gmail.com
Paul,Campbell,+15033472062,paul.campbell@gmail.com
Rachel,Taylor,+15035548269,rachel.taylor@yahoo.com
Linda,White,+16109967365,linda.white@hotmail.com
Kathleen,Nguyen,+18782286467,kathleen.nguyen@aol.com
Rachel,Cooper,+12673453152,rachel.cooper@outlook.com
Amanda,Scott,+16108817748,amanda.scott@yahoo.com
Rachel,Ruiz,+18144352595,rachel.ruiz@yahoo.com
Nancy,Hill,+12154463162,nancy.hill@yahoo.com
Christopher,Edwards,+14012985332,christopher.edwards@aol.com
Barbara,Mendoza,+18033863782,barbara.mendoza@gmail.com
Barbara,Wood,+18039091023,barbara.wood@outlook.com
Harold,Wilson,+18643687233,harold.wilson@gmail.com
Sylvia,Roberts,+18038243796,sylvia.roberts@yahoo.com
Stephanie,Cox,+18656847554,stephanie.cox@gmail.com
Eric,Richardson,+16152749561,eric.richardson@aol.com
George,Cruz,+19015291712,george.cruz@outlook.com
Pamela,Smith,+18015104355,pamela.smith@yahoo.com
Brandon,Martin,+18016475281,brandon.martin@yahoo.com
Margaret,Chavez,+18026756429,margaret.chavez@yahoo.com
Emma,Reed,+17578114474,emma.reed@gmail.com
Harold,Gomez,+18049425320,harold.gomez@aol.com
Mark,Reed,+17573637602,mark.reed@yahoo.com
Dennis,Gutierrez,+17036991680,dennis.gutierrez@gmail.com
Melissa,Ortiz,+12065457892,melissa.ortiz@outlook.com
Nicholas,Jimenez,+13075958330,nicholas.jimenez@gmail.com
Anna,Walker,+13076897073,anna.walker@yahoo.com
Ronald,Edwards,+16026302282,ronald.edwards@gmail.com
Zachary,Anderson,+14797924992,zachary.anderson@outlook.com
Ashley,Price,+16283729254,ashley.price@yahoo.com
Jason,Thompson,+14083456194,jason.thompson@aol.com
Nathan,Reed,+17199881963,nathan.reed@outlook.com
Sarah,Young,+19708821457,sarah.young@yahoo.com
Brian,Thomas,+19598283884,brian.thomas@aol.com
Adam,Brooks,+12032134348,adam.brooks@aol.com
Jennifer,Clark,+12038428166,jennifer.clark@aol.com
Andrew,Rivera,+13022221673,andrew.rivera@gmail.com
Jonathan,Smith,+13056078941,jonathan.smith@aol.com
Rebecca,Collins,+18504584092,rebecca.collins@gmail.com
Rebecca,Young,+17068704972,rebecca.young@hotmail.com
Elena,Hill,+18723773247,elena.hill@aol.com
Ashley,Ortiz,+17739182924,ashley.ortiz@outlook.com
Donald,Morales,+15747634952,donald.morales@yahoo.com
Patrick,Carter,+12707201417,patrick.carter@gmail.com
Karen,Chavez,+15026517046,karen.chavez@gmail.com
Benjamin,Davis,+18593595575,benjamin.davis@yahoo.com
Margaret,Martin,+15044459229,margaret.martin@aol.com
Henry,Green,+13377942983,henry.green@yahoo.com
Anthony,Watson,+12257282386,anthony.watson@yahoo.com
Cynthia,Ruiz,+12076912241,cynthia.ruiz@gmail.com
Nicole,Peterson,+17745078158,nicole.peterson@aol.com
Timothy,Reyes,+16178883380,timothy.reyes@gmail.com
Harold,Baker,+14135363578,harold.baker@outlook.com
Emily,Kelly,+18579091949,emily.kelly@hotmail.com
Michelle,Anderson,+16169161852,michelle.anderson@hotmail.com
Shirley,Kim,+13135852502,shirley.kim@gmail.com
Steven,Ramos,+12185754797,steven.ramos@outlook.com
Jeffrey,King,+12289275958,jeffrey.king@hotmail.com
Nicholas,Moore,+12287131958,nicholas.moore@yahoo.com
Benjamin,Rodriguez,+12282221904,benjamin.rodriguez@gmail.com
Karen,Campbell,+14176651572,karen.campbell@aol.com
Irene,Hill,+18166568085,irene.hill@outlook.com
Raymond,Hall,+14064556746,raymond.hall@hotmail.com
Samuel,Wright,+16034771861,samuel.wright@yahoo.com
Anthony,Diaz,+19736181662,anthony.diaz@gmail.com
Samuel,Young,+15185343624,samuel.young@outlook.com
Andrew,Peterson,+17165616828,andrew.peterson@gmail.com
Harold,Castillo,+17184589850,harold.castillo@gmail.com
Patricia,Sanders,+15183559107,patricia.sanders@outlook.com
George,Wilson,+15185472063,george.wilson@yahoo.com
Donna,Cook,+15855198826,donna.cook@outlook.com
Thomas,Reed,+14194787295,thomas.reed@outlook.com
Sylvia,Gray,+19183801127,sylvia.gray@gmail.com
Kevin,Walker,+15035998373,kevin.walker@hotmail.com
Larry,Walker,+18786118919,larry.walker@yahoo.com
Adam,Ramos,+18149043824,adam.ramos@yahoo.com
George,Gutierrez,+14017025447,george.gutierrez@outlook.com
Patricia,Garcia,+18435244979,patricia.garcia@yahoo.com
Catherine,Long,+18039041667,catherine.long@aol.com
Sharon,Harris,+18433684635,sharon.harris@outlook.com
Dorothy,James,+18649121620,dorothy.james@gmail.com
Matthew,Long,+16059774738,matthew.long@hotmail.com
William,Smith,+16058113273,william.smith@outlook.com
Joseph,Brown,+19016539686,joseph.brown@yahoo.com
Justin,Sanchez,+17379277010,justin.sanchez@aol.com
Peter,Baker,+16822999060,peter.baker@outlook.com
Carlos,Carter,+17138011847,carlos.carter@gmail.com
Ashley,Long,+18013957515,ashley.long@hotmail.com
George,Alvarez,+18019619586,george.alvarez@outlook.com
Ashley,Cox,+18027073795,ashley.cox@yahoo.com
Gary,Hall,+14253013302,gary.hall@gmail.com
Justin,Ortiz,+13049241323,justin.ortiz@outlook.com
Justin,Chavez,+12622504359,justin.chavez@outlook.com
Shirley,Castillo,+19208816463,shirley.castillo@gmail.com
Jacob,Wood,+16089043114,jacob.wood@yahoo.com
Anthony,Walker,+13342861972,anthony.walker@outlook.com
Laura,Jackson,+19384124109,laura.jackson@hotmail.com
Helen,Ruiz,+12568567838,helen.ruiz@yahoo.com
Brandon,Brooks,+14804014753,brandon.brooks@outlook.com
Maria,Jackson,+14798539758,maria.jackson@gmail.com
Amanda,Peterson,+15012724131,amanda.peterson@outlook.com
John,Brown,+18703293138,john.brown@outlook.com
Yolanda,Phillips,+19599159346,yolanda.phillips@outlook.com
Samuel,Turner,+18604758293,samuel.turner@gmail.com
Emily,Reyes,+18603329023,emily.reyes@gmail.com
Peter,Mitchell,+13027629391,peter.mitchell@outlook.com
Raymond,Wright,+19547595944,raymond.wright@yahoo.com
Benjamin,Peterson,+17067017206,benjamin.peterson@gmail.com
Alexander,Reed,+12088311848,alexander.reed@outlook.com
Rachel,Richardson,+12605636825,rachel.richardson@aol.com
Christine,Moore,+14639018449,christine.moore@gmail.com
Adam,Rodriguez,+19134257180,adam.rodriguez@aol.com
Alexander,Murphy,+18596211763,alexander.murphy@outlook.com
Ruth,Sanchez,+15048614925,ruth.sanchez@aol.com
Richard,Martinez,+17742295847,richard.martinez@gmail.com
Helen,White,+13137912319,helen.white@outlook.com
Kathleen,Collins,+12189693131,kathleen.collins@yahoo.com
Rosa,Ruiz,+16365463300,rosa.ruiz@gmail.com
Emily,Turner,+18168071509,emily.turner@gmail.com
Kathleen,Gomez,+14065178982,kathleen.gomez@gmail.com
Raymond,Perez,+14068591154,raymond.perez@gmail.com
Amanda,Smith,+14023269308,amanda.smith@gmail.com
Robert,Peterson,+14027832282,robert.peterson@yahoo.com
Mary,King,+14028914673,mary.king@outlook.com
Stephanie,Peterson,+16036785937,stephanie.peterson@aol.com
Sylvia,Ross,+19732114474,sylvia.ross@gmail.com
Brandon,Sanders,+19082072801,brandon.sanders@gmail.com
Scott,Anderson,+15753641025,scott.anderson@yahoo.com
Helen,Morales,+15752261480,helen.morales@hotmail.com
Aaron,White,+15054445124,aaron.white@outlook.com
Steven,Phillips,+17168878330,steven.phillips@outlook.com
Jerry,Hill,+19173242855,jerry.hill@outlook.com
Angela,Moore,+13159339382,angela.moore@outlook.com
Brandon,Flores,+19194257471,brandon.flores@yahoo.com
Nicole,Moore,+13362419618,nicole.moore@aol.com
Mary,Thompson,+19192668570,mary.thompson@outlook.com
John,Walker,+17014953958,john.walker@outlook.com
Cynthia,Kelly,+13303049368,cynthia.kelly@hotmail.com
Tyler,Peterson,+13302749486,tyler.peterson@outlook.com
Michael,Campbell,+16146144609,michael.campbell@gmail.com
Richard,White,+19189942825,richard.white@outlook.com
Stephen,Carter,+19184874785,stephen.carter@aol.com
Brenda,Robinson,+14055676489,brenda.robinson@yahoo.com
Kimberly,Garcia,+19182047974,kimberly.garcia@gmail.com
Donald,Long,+15037213795,donald.long@aol.com
Adam,Clark,+15032592992,adam.clark@yahoo.com
Samuel,Richardson,+19712677080,samuel.richardson@yahoo.com
Nicole,Rivera,+15416896451,nicole.rivera@outlook.com
Frank,Williams,+15418263324,frank.williams@yahoo.com
Sharon,Anderson,+14125254104,sharon.anderson@gmail.com
Jacob,Diaz,+18039858086,jacob.diaz@yahoo.com
Steven,Wood,+18437111799,steven.wood@outlook.com
Michelle,Harris,+18435781322,michelle.harris@hotmail.com
Catherine,Sanders,+18033132512,catherine.sanders@gmail.com
Amanda,Jackson,+12105603549,amanda.jackson@gmail.com
Anthony,Lee,+19154202899,anthony.lee@gmail.com
Melissa,Johnson,+18014107906,melissa.johnson@yahoo.com
Ashley,Morgan,+18017306098,ashley.morgan@aol.com
Patricia,Howard,+18048028335,patricia.howard@hotmail.com
Jerry,Wood,+18046131145,jerry.wood@aol.com
Kimberly,Rodriguez,+17577863275,kimberly.rodriguez@gmail.com
Scott,Carter,+14255119612,scott.carter@aol.com
David,Ramirez,+14256291164,david.ramirez@yahoo.com
Cynthia,Martin,+12625126847,cynthia.martin@outlook.com
Samantha,Bailey,+19209246443,samantha.bailey@outlook.com
Sharon,Gutierrez,+14144222239,sharon.gutierrez@hotmail.com
Brandon,Gomez,+13342544274,brandon.gomez@gmail.com
Donna,Patel,+13349804238,donna.patel@gmail.com
Tyler,Torres,+14808303534,tyler.torres@outlook.com
Benjamin,Peterson,+15202105595,benjamin.peterson@aol.com
Stephen,Castillo,+14808341513,stephen.castillo@aol.com
Mark,Price,+14805836437,mark.price@yahoo.com
Yolanda,Walker,+16236056530,yolanda.walker@hotmail.com
Melissa,Watson,+16029237191,melissa.watson@gmail.com
Amy,Evans,+14799444509,amy.evans@outlook.com
Judy,Mitchell,+14794008104,judy.mitchell@outlook.com
Rebecca,Sanders,+12794145349,rebecca.sanders@aol.com
Alexander,Chavez,+16196875343,alexander.chavez@aol.com
Susan,Williams,+16193538037,susan.williams@aol.com
Jessica,Ramirez,+19704967943,jessica.ramirez@yahoo.com
Maria,Collins,+13024905001,maria.collins@yahoo.com
Gregory,Stewart,+18133458315,gregory.stewart@gmail.com
Gregory,Martinez,+18139315037,gregory.martinez@gmail.com
Patricia,Jackson,+17702133964,patricia.jackson@aol.com
Kimberly,Wilson,+17064034046,kimberly.wilson@gmail.com
Alexander,Scott,+17066172131,alexander.scott@outlook.com
Brenda,Robinson,+18089516020,brenda.robinson@aol.com
Charles,Williams,+13319732546,charles.williams@gmail.com
Christopher,Ortiz,+14637452368,christopher.ortiz@hotmail.com
Janet,Rogers,+13193656572,janet.rogers@yahoo.com
Raymond,Garcia,+15154081639,raymond.garcia@hotmail.com
James,Kim,+12258294501,james.kim@yahoo.com
Richard,Lee,+13012675752,richard.lee@yahoo.com
William,Turner,+12402478764,william.turner@outlook.com
Matthew,Edwards,+12402831430,matthew.edwards@hotmail.com
Sarah,Ramirez,+17742208517,sarah.ramirez@outlook.com
Stephen,Walker,+16515058014,stephen.walker@hotmail.com
Kathleen,Johnson,+16512091935,kathleen.johnson@hotmail.com
Charles,Phillips,+12186871534,charles.phillips@hotmail.com
Margaret,Rogers,+13142735557,margaret.rogers@gmail.com
Christopher,Nelson,+17028843428,christopher.nelson@gmail.com
Sylvia,Mitchell,+16032565125,sylvia.mitchell@outlook.com
Joseph,Reed,+19733828821,joseph.reed@gmail.com
Joshua,Flores,+15184052033,joshua.flores@hotmail.com
Gregory,Jimenez,+13158466510,gregory.jimenez@yahoo.com
Frank,Williams,+13159045017,frank.williams@yahoo.com
Carolyn,Wood,+13157505431,carolyn.wood@yahoo.com
Brenda,Hall,+13152172866,brenda.hall@outlook.com
Patricia,Hall,+17012937735,patricia.hall@yahoo.com
Pamela,Harris,+14056254848,pamela.harris@hotmail.com
Ryan,White,+19187227054,ryan.white@yahoo.com
Barbara,Davis,+14052357533,barbara.davis@yahoo.com
Barbara,Wood,+14054111822,barbara.wood@yahoo.com
Ashley,Gray,+15417454860,ashley.gray@yahoo.com
Nathan,Hernandez,+15033818440,nathan.hernandez@outlook.com
Maria,Robinson,+16109257507,maria.robinson@hotmail.com
Aaron,Jackson,+12158541112,aaron.jackson@yahoo.com
Jennifer,Martinez,+14016691607,jennifer.martinez@outlook.com
Joseph,Flores,+18439487839,joseph.flores@yahoo.com
Eric,Ortiz,+16059843450,eric.ortiz@aol.com
Patrick,Patel,+17137694221,patrick.patel@gmail.com
Jason,Jimenez,+18019374750,jason.jimenez@hotmail.com
Jonathan,Brooks,+14253023374,jonathan.brooks@aol.com
Ryan,Hernandez,+14252095287,ryan.hernandez@gmail.com
Aaron,Baker,+15094558845,aaron.baker@yahoo.com
Lisa,Williams,+12069488146,lisa.williams@outlook.com
Jerry,Patel,+12537609224,jerry.patel@outlook.com
Kimberly,Edwards,+15098161975,kimberly.edwards@yahoo.com
Jeffrey,Wilson,+13043898611,jeffrey.wilson@gmail.com
Mary,Carter,+12564338555,mary.carter@outlook.com
George,Thompson,+19388942207,george.thompson@outlook.com
Emma,Roberts,+13344969866,emma.roberts@hotmail.com
Joseph,Evans,+16599178893,joseph.evans@yahoo.com
Melissa,Nguyen,+13344088333,melissa.nguyen@yahoo.com
Ashley,Sanchez,+14806049750,ashley.sanchez@hotmail.com
Maria,James,+14806009369,maria.james@yahoo.com
Thomas,Johnson,+14803484572,thomas.johnson@outlook.com
Maria,Cooper,+14799925470,maria.cooper@hotmail.com
Charles,Morris,+15107055942,charles.morris@yahoo.com
Sarah,Martinez,+18186776923,sarah.martinez@yahoo.com
Joseph,Chavez,+19704451554,joseph.chavez@yahoo.com
John,Martinez,+17202307639,john.martinez@hotmail.com
Patrick,Rivera,+17204045919,patrick.rivera@yahoo.com
Ruth,Edwards,+19594646118,ruth.edwards@gmail.com
Harold,White,+19592316570,harold.white@aol.com
Gloria,Ramos,+14075509477,gloria.ramos@gmail.com
Emma,Harris,+13058804570,emma.harris@outlook.com
Matthew,James,+19124303716,matthew.james@gmail.com
Mark,Evans,+18083137071,mark.evans@hotmail.com
Charles,Allen,+18084955295,charles.allen@gmail.com
Elizabeth,Martin,+12085939812,elizabeth.martin@aol.com
Judy,Allen,+12176198009,judy.allen@yahoo.com
John,Morgan,+12604589042,john.morgan@hotmail.com
Henry,Jackson,+13194651758,henry.jackson@yahoo.com
Stephen,Rodriguez,+12705764120,stephen.rodriguez@outlook.com
Kathleen,Lopez,+13185766149,kathleen.lopez@outlook.com
Christine,Edwards,+13379026286,christine.edwards@yahoo.com
Jeffrey,Hernandez,+12259201726,jeffrey.hernandez@yahoo.com
Gloria,Reyes,+14108412369,gloria.reyes@yahoo.com
Nicole,Johnson,+13017308081,nicole.johnson@yahoo.com
Sandra,Howard,+18575087304,sandra.howard@yahoo.com
Mark,Robinson,+18573635712,mark.robinson@gmail.com
Edward,Long,+15179083347,edward.long@hotmail.com
Jonathan,Wood,+12183192632,jonathan.wood@outlook.com
Rosa,Cook,+12287357057,rosa.cook@hotmail.com
Brian,Green,+16014415255,brian.green@outlook.com
Rosa,Morgan,+12286207029,rosa.morgan@outlook.com
Jennifer,Brooks,+16015097965,jennifer.brooks@gmail.com
Elizabeth,Gomez,+12288496701,elizabeth.gomez@yahoo.com
Maria,Morgan,+12289705632,maria.morgan@yahoo.com
Peter,Stewart,+18167705723,peter.stewart@aol.com
Dorothy,Alvarez,+14173568134,dorothy.alvarez@yahoo.com
Ruth,Smith,+14179633564,ruth.smith@yahoo.com
Gregory,Williams,+14064472119,gregory.williams@hotmail.com
Patrick,Gray,+17753734441,patrick.gray@aol.com
Raymond,Evans,+17754546506,raymond.evans@gmail.com
Donna,Walker,+16032735597,donna.walker@gmail.com
Linda,Robinson,+19736433160,linda.robinson@gmail.com
Debra,Johnson,+19084216976,debra.johnson@yahoo.com
Helen,Jackson,+12165557960,helen.jackson@outlook.com
Carolyn,Hall,+13307768057,carolyn.hall@gmail.com
Samantha,Cruz,+14053127461,samantha.cruz@hotmail.com
Maria,White,+14058131010,maria.white@yahoo.com
Thomas,Castillo,+19184263380,thomas.castillo@aol.com
Maria,Lewis,+14057331278,maria.lewis@yahoo.com
Helen,Collins,+19189891524,helen.collins@yahoo.com
Timothy,Baker,+14014188512,timothy.baker@outlook.com
Carol,Stewart,+18439853946,carol.stewart@outlook.com
Mary,Long,+18438525024,mary.long@hotmail.com
Dennis,Wood,+18647432787,dennis.wood@gmail.com
Amanda,Foster,+16058163517,amanda.foster@gmail.com
Adam,Reed,+16053519819,adam.reed@yahoo.com
Sylvia,Howard,+18656462088,sylvia.howard@hotmail.com
Peter,Gray,+18016588816,peter.gray@outlook.com
David,Nelson,+18022711704,david.nelson@hotmail.com
Kathleen,Ortiz,+18022808946,kathleen.ortiz@hotmail.com
Ryan,Lopez,+17033777357,ryan.lopez@yahoo.com
Judy,Smith,+17039027860,judy.smith@hotmail.com
Jonathan,Taylor,+17572988940,jonathan.taylor@yahoo.com
Justin,Cooper,+14257675517,justin.cooper@outlook.com
Douglas,Rogers,+13045284360,douglas.rogers@outlook.com
Angela,Patel,+19208073899,angela.patel@hotmail.com
Dorothy,Ramos,+13075666792,dorothy.ramos@gmail.com
Karen,Gomez,+13077532607,karen.gomez@yahoo.com
Dennis,Martin,+19076904897,dennis.martin@yahoo.com
Rosa,Nelson,+19076406846,rosa.nelson@gmail.com
Douglas,Anderson,+15204581466,douglas.anderson@aol.com
Katherine,Bennett,+16026705652,katherine.bennett@outlook.com
Gary,Lewis,+14806472432,gary.lewis@outlook.com
Mark,Evans,+14797297966,mark.evans@outlook.com
Carol,Sanchez,+15597243852,carol.sanchez@hotmail.com
Lisa,Foster,+19703947809,lisa.foster@yahoo.com
Nancy,Mendoza,+19704501091,nancy.mendoza@outlook.com
Jack,Jimenez,+14757134155,jack.jimenez@yahoo.com
Gloria,Chavez,+16309676795,gloria.chavez@aol.com
Carmen,Walker,+13318501965,carmen.walker@hotmail.com
Kimberly,Anderson,+16305528738,kimberly.anderson@outlook.com
William,Edwards,+12177602770,william.edwards@yahoo.com
John,Adams,+12173658680,john.adams@gmail.com
Donna,Long,+12607154697,donna.long@gmail.com
Alexander,Long,+12606469574,alexander.long@aol.com
Henry,Mitchell,+19139025508,henry.mitchell@hotmail.com
Sharon,Peterson,+15049764324,sharon.peterson@aol.com
Jason,Adams,+12074822826,jason.adams@aol.com
Emily,Murphy,+12075014242,emily.murphy@hotmail.com
Timothy,Sanchez,+13013901373,timothy.sanchez@gmail.com
Christopher,Moore,+14137923635,christopher.moore@hotmail.com
Ruth,Cook,+16169409524,ruth.cook@gmail.com
Charles,Turner,+18169486408,charles.turner@yahoo.com
Anthony,Edwards,+14174589977,anthony.edwards@yahoo.com
Katherine,Scott,+18168769362,katherine.scott@yahoo.com
Scott,Phillips,+14064794890,scott.phillips@aol.com
Sandra,Bennett,+14063143589,sandra.bennett@yahoo.com
Barbara,Roberts,+14023606827,barbara.roberts@hotmail.com
Jason,Phillips,+16033089396,jason.phillips@gmail.com
Nicholas,Ramirez,+19737178022,nicholas.ramirez@yahoo.com
Sarah,Brooks,+19193948186,sarah.brooks@aol.com
Larry,Nelson,+13368302675,larry.nelson@hotmail.com
Betty,Nguyen,+17015812639,betty.nguyen@outlook.com
Jerry,Edwards,+12169245953,jerry.edwards@yahoo.com
Tyler,Martinez,+15136474588,tyler.martinez@gmail.com
Kathleen,Cook,+12164761701,kathleen.cook@gmail.com
Jessica,Brooks,+14058586973,jessica.brooks@yahoo.com
Barbara,Carter,+15412101875,barbara.carter@outlook.com
Michelle,Torres,+16102457805,michelle.torres@yahoo.com
Rebecca,Bennett,+14014631199,rebecca.bennett@outlook.com
Peter,Peterson,+14017432495,peter.peterson@yahoo.com
Amy,Foster,+18643687847,amy.foster@outlook.com
Mark,Smith,+18032698725,mark.smith@aol.com
Heather,King,+16058201244,heather.king@outlook.com
Gregory,Green,+14236365750,gregory.green@yahoo.com
James,Gutierrez,+18657564354,james.gutierrez@gmail.com
Ryan,Garcia,+18658257122,ryan.garcia@gmail.com
Christopher,Hughes,+17375088529,christopher.hughes@gmail.com
Carol,Cook,+19153344171,carol.cook@gmail.com
Thomas,Turner,+12142733960,thomas.turner@gmail.com
Ronald,Scott,+18016685530,ronald.scott@gmail.com
Ashley,Thompson,+18012238473,ashley.thompson@yahoo.com
Betty,Wood,+18017343441,betty.wood@gmail.com
Patricia,Roberts,+17575307287,patricia.roberts@gmail.com
Emily,Hall,+17572287526,emily.hall@gmail.com
Richard,Alvarez,+17033912043,richard.alvarez@aol.com
Carol,Allen,+17573857768,carol.allen@aol.com
Joseph,Morgan,+15093273263,joseph.morgan@yahoo.com
Gloria,Richardson,+14142237437,gloria.richardson@gmail.com
Ruth,Wood,+14145195975,ruth.wood@outlook.com
Shirley,Wright,+13075863517,shirley.wright@gmail.com
Irene,Miller,+16593447815,irene.miller@gmail.com
Laura,Gray,+12514371920,laura.gray@outlook.com
Ryan,Ruiz,+19073641855,ryan.ruiz@aol.com
Lisa,Adams,+16237458359,lisa.adams@hotmail.com
Stephanie,Garcia,+16027637476,stephanie.garcia@yahoo.com
Judy,Martin,+14798866699,judy.martin@yahoo.com
Carlos,Hernandez,+14152613226,carlos.hernandez@yahoo.com
Ashley,Ortiz,+14157992267,ashley.ortiz@yahoo.com
Betty,Williams,+19167877250,betty.williams@yahoo.com
Barbara,Ward,+15109934736,barbara.ward@outlook.com
Ronald,Stewart,+13034696702,ronald.stewart@hotmail.com
Jeffrey,Ramirez,+17204135883,jeffrey.ramirez@gmail.com
Stephen,Gray,+19709651586,stephen.gray@gmail.com
Thomas,Martin,+12033431565,thomas.martin@gmail.com
Larry,Peterson,+18132682604,larry.peterson@yahoo.com
Raymond,Reyes,+16899812515,raymond.reyes@yahoo.com
Susan,Anderson,+17064523174,susan.anderson@aol.com
Harold,Wright,+19129854963,harold.wright@outlook.com
Angela,Carter,+12083088747,angela.carter@hotmail.com
Elizabeth,Mitchell,+13317063513,elizabeth.mitchell@outlook.com
Eric,Sanders,+16309177401,eric.sanders@outlook.com
Christopher,Cooper,+16308896027,christopher.cooper@gmail.com
Stephen,Johnson,+12604334632,stephen.johnson@gmail.com
Nancy,Ortiz,+12604652104,nancy.ortiz@yahoo.com
Sharon,Ward,+18125663199,sharon.ward@yahoo.com
Andrew,Chavez,+15637377602,andrew.chavez@outlook.com
Ruth,Watson,+18597613059,ruth.watson@gmail.com
Charles,Wilson,+18597021911,charles.wilson@outlook.com
Andrew,Price,+15029724862,andrew.price@hotmail.com
Jerry,Miller,+12254596631,jerry.miller@hotmail.com
William,Evans,+12075665830,william.evans@gmail.com
Catherine,Martinez,+12402408194,catherine.martinez@gmail.com
Carolyn,Wood,+12405451115,carolyn.wood@gmail.com
Maria,Cook,+14434757580,maria.cook@outlook.com
Carlos,Morgan,+17745856200,carlos.morgan@outlook.com
Rosa,Gomez,+15089561089,rosa.gomez@yahoo.com
Ashley,Martin,+16174209088,ashley.martin@outlook.com
Michael,Cruz,+15174938609,michael.cruz@yahoo.com
Patricia,Nguyen,+18164867059,patricia.nguyen@hotmail.com
Benjamin,Garcia,+18162461454,benjamin.garcia@gmail.com
Andrew,Perez,+18168527914,andrew.perez@outlook.com
Thomas,Scott,+16365993197,thomas.scott@yahoo.com
Richard,Richardson,+14065075736,richard.richardson@yahoo.com
Richard,Ruiz,+14065732334,richard.ruiz@yahoo.com
Elena,Baker,+16036637618,elena.baker@yahoo.com
Jason,Smith,+16036939667,jason.smith@gmail.com
Larry,Howard,+19737125871,larry.howard@hotmail.com
Harold,Anderson,+15057277327,harold.anderson@yahoo.com
Steven,Gomez,+19177847680,steven.gomez@gmail.com
Scott,Foster,+17047849176,scott.foster@gmail.com
Rosa,Johnson,+17014562078,rosa.johnson@aol.com
Barbara,Kelly,+16149381120,barbara.kelly@yahoo.com
Nicholas,Richardson,+14054936051,nicholas.richardson@yahoo.com
Jeffrey,Kim,+19717288888,jeffrey.kim@yahoo.com
Gloria,Robinson,+15038696338,gloria.robinson@gmail.com
Brian,Rivera,+18782617783,brian.rivera@yahoo.com
Carmen,Morales,+16106165300,carmen.morales@gmail.com
Edward,Sanders,+12673908455,edward.sanders@gmail.com
Heather,Watson,+14014294567,heather.watson@aol.com
Paul,White,+16052237566,paul.white@outlook.com
Patricia,Long,+14236078248,patricia.long@yahoo.com
Yolanda,Richardson,+18654721803,yolanda.richardson@gmail.com
Harold,Kelly,+19156271013,harold.kelly@yahoo.com
Maria,Morris,+18012304862,maria.morris@hotmail.com
Harold,Thompson,+18012113597,harold.thompson@aol.com
Carol,Watson,+17036419440,carol.watson@gmail.com
Pamela,Morgan,+17574074835,pamela.morgan@hotmail.com
Angela,Baker,+12063503347,angela.baker@outlook.com
Jessica,Smith,+12625129131,jessica.smith@hotmail.com
Samuel,Nelson,+19209262662,samuel.nelson@gmail.com
Jeffrey,Green,+12623535743,jeffrey.green@hotmail.com
Amanda,Evans,+14146063212,amanda.evans@outlook.com
Donna,Miller,+13349438683,donna.miller@aol.com
Timothy,Collins,+13346341978,timothy.collins@aol.com
Mary,Flores,+12512519877,mary.flores@yahoo.com
Brandon,Reyes,+12519019465,brandon.reyes@yahoo.com
Aaron,Rogers,+19382945441,aaron.rogers@outlook.com
Carmen,Turner,+15202003555,carmen.turner@yahoo.com
Gregory,Ross,+17193959632,gregory.ross@yahoo.com
Larry,Diaz,+12033405605,larry.diaz@yahoo.com
Pamela,Harris,+19592427911,pamela.harris@hotmail.com
Emily,Kim,+13022688121,emily.kim@outlook.com
Jessica,Ortiz,+16893559484,jessica.ortiz@yahoo.com
Alexander,Kim,+19545547783,alexander.kim@gmail.com
Nathan,Thomas,+18506455055,nathan.thomas@yahoo.com
Samuel,Ward,+18135552341,samuel.ward@outlook.com
Kenneth,Robinson,+13316976300,kenneth.robinson@outlook.com
Linda,White,+15742532201,linda.white@gmail.com
Maria,Hughes,+12607104592,maria.hughes@hotmail.com
Maria,Chavez,+12609489984,maria.chavez@outlook.com
Betty,Phillips,+12073546728,betty.phillips@hotmail.com
Adam,Campbell,+16178959916,adam.campbell@yahoo.com
Eric,Hughes,+16177199453,eric.hughes@gmail.com
Aaron,Walker,+13139592719,aaron.walker@yahoo.com
Jack,Johnson,+15074605021,jack.johnson@outlook.com
Dorothy,Lopez,+16019164134,dorothy.lopez@aol.com
Amanda,Rogers,+18166227971,amanda.rogers@yahoo.com
Kenneth,Clark,+14027763431,kenneth.clark@gmail.com
Donna,Cruz,+17028136222,donna.cruz@gmail.com
Angela,Jimenez,+16037019352,angela.jimenez@aol.com
Mary,Campbell,+16032437887,mary.campbell@aol.com
Alexander,Alvarez,+16037019236,alexander.alvarez@aol.com
Zachary,Reyes,+16037417087,zachary.reyes@gmail.com
Donald,Ortiz,+19736345768,donald.ortiz@aol.com
Amy,Johnson,+12014614216,amy.johnson@yahoo.com
Adam,Murphy,+13154641838,adam.murphy@gmail.com
Dorothy,Turner,+15187424754,dorothy.turner@yahoo.com
Nicole,Walker,+19196323346,nicole.walker@gmail.com
Jerry,Ortiz,+15135032783,jerry.ortiz@aol.com
Amy,Nelson,+14193875254,amy.nelson@yahoo.com
George,Phillips,+14195188376,george.phillips@hotmail.com
Justin,Lewis,+14195066212,justin.lewis@hotmail.com
Sandra,Miller,+15036523853,sandra.miller@hotmail.com
Samantha,Watson,+15034567188,samantha.watson@yahoo.com
Elena,Stewart,+16103629952,elena.stewart@yahoo.com
Stephen,Martin,+12675635009,stephen.martin@outlook.com
Patricia,King,+16107895677,patricia.king@yahoo.com
Brian,Evans,+14014511385,brian.evans@gmail.com
Anthony,Kelly,+18644273023,anthony.kelly@hotmail.com
Jeffrey,Wright,+18038533947,jeffrey.wright@gmail.com
Jerry,Young,+16056005695,jerry.young@yahoo.com
Zachary,Ortiz,+16156871906,zachary.ortiz@outlook.com
Kathleen,Cruz,+14236027741,kathleen.cruz@aol.com
Mark,Foster,+14233711307,mark.foster@yahoo.com
Joshua,Long,+15124244117,joshua.long@hotmail.com
Mary,Howard,+18013789744,mary.howard@gmail.com
Patricia,Alvarez,+17035323906,patricia.alvarez@yahoo.com
Catherine,Cox,+18042683299,catherine.cox@gmail.com
Joshua,Murphy,+17573484217,joshua.murphy@yahoo.com
David,White,+12533982494,david.white@hotmail.com
Tyler,Ward,+14144415631,tyler.ward@gmail.com
Brandon,Castillo,+12624083572,brandon.castillo@gmail.com
Larry,Parker,+13075838650,larry.parker@yahoo.com
Emily,King,+12514036414,emily.king@gmail.com
Emma,Cruz,+19074633758,emma.cruz@aol.com
Peter,Bailey,+14806374474,peter.bailey@gmail.com
Elizabeth,Allen,+14808538643,elizabeth.allen@yahoo.com
Henry,Cooper,+15205234811,henry.cooper@gmail.com
Donna,Allen,+15597796350,donna.allen@gmail.com
Tyler,Diaz,+17209525608,tyler.diaz@hotmail.com
Debra,Alvarez,+19594224866,debra.alvarez@hotmail.com
Patrick,Jones,+12036831305,patrick.jones@aol.com
Jason,Collins,+12035353995,jason.collins@gmail.com
Frank,Collins,+14759207838,frank.collins@gmail.com
Donna,Howard,+12039896167,donna.howard@gmail.com
Ruth,Nguyen,+14754114283,ruth.nguyen@gmail.com
George,Lee,+12032731013,george.lee@outlook.com
Michael,Cooper,+13022366381,michael.cooper@yahoo.com
Michelle,Jackson,+17869286034,michelle.jackson@outlook.com
Amy,Martinez,+18503457060,amy.martinez@yahoo.com
Frank,Ramos,+17066548833,frank.ramos@outlook.com
Ruth,Sanders,+17066402383,ruth.sanders@outlook.com
Tyler,Peterson,+14047196951,tyler.peterson@gmail.com
Maria,Williams,+17068328669,maria.williams@gmail.com
Rosa,Flores,+18087777158,rosa.flores@gmail.com
Amy,Thomas,+18087475882,amy.thomas@aol.com
Frank,Ward,+16303655409,frank.ward@aol.com
Gary,Diaz,+13314148180,gary.diaz@gmail.com
Nancy,Gutierrez,+15747704961,nancy.gutierrez@outlook.com
Dorothy,Gutierrez,+15152095776,dorothy.gutierrez@gmail.com
Linda,Brooks,+17856396829,linda.brooks@outlook.com
Kathleen,Evans,+17856064561,kathleen.evans@yahoo.com
Carolyn,Ross,+18598311745,carolyn.ross@aol.com
Jeffrey,Martinez,+18598873741,jeffrey.martinez@outlook.com
Jonathan,Thompson,+15025806564,jonathan.thompson@gmail.com
Anna,Jackson,+12076258479,anna.jackson@aol.com
Jessica,Kelly,+12077584758,jessica.kelly@yahoo.com
Douglas,Turner,+13012047589,douglas.turner@aol.com
Thomas,Peterson,+13013523235,thomas.peterson@yahoo.com
Nathan,Harris,+13015529866,nathan.harris@yahoo.com
Deborah,Williams,+16174527116,deborah.williams@gmail.com
Susan,Phillips,+16174286404,susan.phillips@hotmail.com
Melissa,Moore,+17746917407,melissa.moore@outlook.com
Betty,Price,+13135688251,betty.price@outlook.com
Alexander,Wood,+17346308040,alexander.wood@yahoo.com
Amy,Rivera,+12184683382,amy.rivera@yahoo.com
Jennifer,Williams,+12189378027,jennifer.williams@outlook.com
Alexander,Davis,+16362751162,alexander.davis@gmail.com
Deborah,Morales,+14025386911,deborah.morales@yahoo.com
Richard,Campbell,+17758149662,richard.campbell@aol.com
Judy,Hernandez,+19732588877,judy.hernandez@hotmail.com
Brenda,Hill,+19197151348,brenda.hill@aol.com
Cynthia,Garcia,+19199786632,cynthia.garcia@hotmail.com
Raymond,Chavez,+19196482448,raymond.chavez@yahoo.com
Nicole,Sanchez,+19197998048,nicole.sanchez@hotmail.com
Deborah,Garcia,+17016245506,deborah.garcia@yahoo.com
Irene,Roberts,+17015483870,irene.roberts@outlook.com
John,Clark,+12166269630,john.clark@aol.com
Samuel,Peterson,+19185919073,samuel.peterson@outlook.com
Christine,Rogers,+15033374220,christine.rogers@outlook.com
Brian,Jones,+15035138057,brian.jones@outlook.com
Charles,Hughes,+18148124042,charles.hughes@aol.com
Amy,Thompson,+18144585811,amy.thompson@outlook.com
Nancy,Myers,+16107805769,nancy.myers@outlook.com
Karen,Smith,+18433839269,karen.smith@outlook.com
Carolyn,Gomez,+16158622661,carolyn.gomez@gmail.com
Samantha,Ortiz,+18019294346,samantha.ortiz@outlook.com
Peter,Hill,+18016003432,peter.hill@outlook.com
David,Myers,+18017113747,david.myers@gmail.com
Laura,Collins,+18024465007,laura.collins@hotmail.com
Jason,Ruiz,+18046961576,jason.ruiz@yahoo.com
Maria,Brown,+18048566222,maria.brown@gmail.com
Barbara,Jones,+17035094345,barbara.jones@yahoo.com
Ruth,Richardson,+12539357849,ruth.richardson@yahoo.com
Carol,Bennett,+13045927710,carol.bennett@outlook.com
Joshua,Nelson,+14142902337,joshua.nelson@outlook.com
Melissa,Jackson,+19207402656,melissa.jackson@outlook.com
Lisa,Baker,+13078929253,lisa.baker@aol.com
Gary,Davis,+12518735957,gary.davis@gmail.com
Emily,Hill,+16593541876,emily.hill@aol.com
Margaret,Ruiz,+12519425591,margaret.ruiz@gmail.com
Mark,Williams,+19072382015,mark.williams@gmail.com
Aaron,Lee,+16022307578,aaron.lee@aol.com
Christine,Cooper,+14807111534,christine.cooper@gmail.com
David,Baker,+17209755875,david.baker@gmail.com
Mark,Mendoza,+19704305250,mark.mendoza@outlook.com
Jessica,Clark,+13027832424,jessica.clark@hotmail.com
Betty,Anderson,+16895209975,betty.anderson@gmail.com
Anna,Chavez,+16892617695,anna.chavez@yahoo.com
Rachel,Richardson,+14704787584,rachel.richardson@yahoo.com
Justin,Bailey,+14705688451,justin.bailey@gmail.com
Douglas,Cook,+18727401408,douglas.cook@gmail.com
Adam,Morris,+15747744748,adam.morris@hotmail.com
Catherine,Wilson,+15745949255,catherine.wilson@hotmail.com
Jeffrey,Lopez,+17858084396,jeffrey.lopez@outlook.com
Daniel,Martin,+15044536710,daniel.martin@aol.com
Gregory,Hernandez,+15047023429,gregory.hernandez@yahoo.com
Alexander,Brown,+12072898660,alexander.brown@yahoo.com
Emily,Garcia,+12072546270,emily.garcia@yahoo.com
Ronald,Wood,+13019793512,ronald.wood@outlook.com
Rosa,Lewis,+12404096875,rosa.lewis@gmail.com
Larry,Rogers,+13017181765,larry.rogers@yahoo.com
Elizabeth,Ramos,+16172804522,elizabeth.ramos@outlook.com
Anthony,Williams,+15177427959,anthony.williams@gmail.com
Maria,Bailey,+18166692474,maria.bailey@outlook.com
Nicholas,Chavez,+16366233430,nicholas.chavez@yahoo.com
Emma,Phillips,+16032036370,emma.phillips@gmail.com
Harold,Martin,+12015751922,harold.martin@yahoo.com
Harold,Moore,+19733897398,harold.moore@yahoo.com
Brandon,Lee,+15054237569,brandon.lee@hotmail.com
Jerry,Taylor,+15053144427,jerry.taylor@yahoo.com
Samantha,Mendoza,+16465228730,samantha.mendoza@hotmail.com
Andrew,Kim,+19196223906,andrew.kim@gmail.com
Joshua,Robinson,+17016431291,joshua.robinson@gmail.com
Sylvia,Baker,+16146549380,sylvia.baker@hotmail.com
Amy,Ruiz,+14194037868,amy.ruiz@yahoo.com
Jennifer,Gomez,+14055996632,jennifer.gomez@aol.com
Joshua,Edwards,+15032015020,joshua.edwards@yahoo.com
David,Flores,+18035351563,david.flores@aol.com
Daniel,Thomas,+18648781417,daniel.thomas@hotmail.com
Ryan,Gray,+18435763923,ryan.gray@hotmail.com
Dennis,Allen,+18432586404,dennis.allen@outlook.com
Dorothy,Evans,+18654353878,dorothy.evans@gmail.com
Jessica,Miller,+16157733121,jessica.miller@gmail.com
Ronald,Peterson,+18657197358,ronald.peterson@outlook.com
Elena,Price,+15126671261,elena.price@yahoo.com
Justin,Baker,+18016832235,justin.baker@outlook.com
Alexander,Jimenez,+18013545996,alexander.jimenez@yahoo.com
Brian,Lewis,+17574225377,brian.lewis@yahoo.com
William,Nguyen,+12538813338,william.nguyen@aol.com
Anna,Stewart,+15096626099,anna.stewart@yahoo.com
Jessica,Kelly,+12622866714,jessica.kelly@yahoo.com
Elizabeth,Baker,+13074179850,elizabeth.baker@outlook.com
Adam,Carter,+13078152416,adam.carter@gmail.com
Michelle,Price,+13345158586,michelle.price@outlook.com
Adam,Jackson,+19076727876,adam.jackson@outlook.com
Carlos,Brooks,+19168512573,carlos.brooks@outlook.com
Dorothy,James,+16693536803,dorothy.james@yahoo.com
Christopher,Turner,+17209109660,christopher.turner@yahoo.com
Adam,Adams,+19708112468,adam.adams@gmail.com
Christopher,Taylor,+17199666624,christopher.taylor@gmail.com
Sylvia,Cruz,+19706025920,sylvia.cruz@outlook.com
Cynthia,Anderson,+17198108079,cynthia.anderson@yahoo.com
Carlos,Turner,+14755478929,carlos.turner@gmail.com
Debra,Evans,+13029759294,debra.evans@yahoo.com
Timothy,Morgan,+18134342317,timothy.morgan@gmail.com
Samuel,Edwards,+17066336560,samuel.edwards@yahoo.com
Matthew,Adams,+17066066811,matthew.adams@gmail.com
Kimberly,Price,+18089183377,kimberly.price@yahoo.com
Tyler,King,+12087547509,tyler.king@gmail.com
Scott,Cox,+12175599747,scott.cox@hotmail.com
Janet,Baker,+12173171394,janet.baker@outlook.com
Elena,Williams,+15748191106,elena.williams@aol.com
Betty,Moore,+18595117307,betty.moore@yahoo.com
Eric,Martin,+13188502343,eric.martin@outlook.com
Elizabeth,Martinez,+13377414648,elizabeth.martinez@yahoo.com
Samuel,Jimenez,+13183472759,samuel.jimenez@aol.com
Emma,Castillo,+13376193672,emma.castillo@gmail.com
Linda,Nelson,+12077491726,linda.nelson@outlook.com
Christine,Martinez,+13015462490,christine.martinez@yahoo.com
Douglas,Robinson,+13012282661,douglas.robinson@yahoo.com
Timothy,Ward,+14436107548,timothy.ward@outlook.com
Christopher,Morgan,+16179008169,christopher.morgan@outlook.com
Lisa,Lewis,+13132006263,lisa.lewis@outlook.com
Stephen,Diaz,+15179253343,stephen.diaz@hotmail.com
Jonathan,Lewis,+15172335910,jonathan.lewis@gmail.com
Jennifer,Anderson,+13134008357,jennifer.anderson@yahoo.com
Amy,Richardson,+17345216487,amy.richardson@outlook.com
Kenneth,Myers,+12187534437,kenneth.myers@gmail.com
Elena,Wilson,+16517453351,elena.wilson@yahoo.com
Linda,Ortiz,+16515176536,linda.ortiz@outlook.com
Kevin,Nelson,+12189675943,kevin.nelson@outlook.com
Deborah,Torres,+16017307926,deborah.torres@aol.com
Jennifer,Rodriguez,+16017313454,jennifer.rodriguez@aol.com
Scott,Clark,+14176382539,scott.clark@aol.com
Melissa,Howard,+13149364476,melissa.howard@gmail.com
Elena,Evans,+18162796601,elena.evans@yahoo.com
Donald,Kelly,+14065922381,donald.kelly@aol.com
Brian,Thomas,+17759968869,brian.thomas@aol.com
Brandon,Baker,+17758133256,brandon.baker@yahoo.com
Gloria,Miller,+17023851559,gloria.miller@gmail.com
Carmen,Sanchez,+16036813036,carmen.sanchez@hotmail.com
Debra,Garcia,+17182617840,debra.garcia@yahoo.com
Aaron,Hernandez,+15189958018,aaron.hernandez@outlook.com
Jack,Gonzalez,+16463398630,jack.gonzalez@yahoo.com
Gloria,Hall,+13152967742,gloria.hall@gmail.com
Kenneth,Davis,+13365381441,kenneth.davis@gmail.com
Amanda,Clark,+17017714322,amanda.clark@outlook.com
Mark,Peterson,+14194496670,mark.peterson@gmail.com
Gloria,Castillo,+19187079199,gloria.castillo@yahoo.com
Ashley,Robinson,+15034254845,ashley.robinson@gmail.com
Timothy,Ross,+18142186254,timothy.ross@gmail.com
Patricia,Wilson,+14013744531,patricia.wilson@gmail.com
Brian,Foster,+18436349731,brian.foster@gmail.com
Donna,Lewis,+18432251769,donna.lewis@gmail.com
Helen,Lewis,+18656598266,helen.lewis@yahoo.com
Zachary,Scott,+19018436111,zachary.scott@outlook.com
Nathan,Reed,+18174259025,nathan.reed@aol.com
Carol,Young,+12103547061,carol.young@yahoo.com
Thomas,Phillips,+19154261163,thomas.phillips@outlook.com
Jessica,Richardson,+18018462099,jessica.richardson@gmail.com
Robert,Murphy,+18013145850,robert.murphy@yahoo.com
Thomas,Peterson,+17576076569,thomas.peterson@hotmail.com
Christine,Torres,+17579204526,christine.torres@outlook.com
Kathleen,Davis,+15097749956,kathleen.davis@outlook.com
Andrew,Davis,+12532819876,andrew.davis@outlook.com
Ruth,Hill,+14254917710,ruth.hill@outlook.com
Christopher,Torres,+19074134374,christopher.torres@yahoo.com
Edward,Ruiz,+16022286433,edward.ruiz@outlook.com
Jason,Cooper,+14806082663,jason.cooper@yahoo.com
Donna,Bennett,+15013672418,donna.bennett@outlook.com
Anthony,Cox,+19167543433,anthony.cox@aol.com
Carlos,Castillo,+18582015132,carlos.castillo@outlook.com
Linda,Gutierrez,+15593333475,linda.gutierrez@outlook.com
Kathleen,Parker,+18189269187,kathleen.parker@outlook.com
Matthew,Mitchell,+13034849161,matthew.mitchell@outlook.com
Sharon,Reyes,+17193599726,sharon.reyes@hotmail.com
Brenda,Smith,+17192953220,brenda.smith@hotmail.com
Katherine,Perez,+17192895089,katherine.perez@gmail.com
Shirley,Carter,+12036189813,shirley.carter@yahoo.com
Benjamin,Wood,+14753839653,benjamin.wood@outlook.com
Anthony,Gray,+13024347695,anthony.gray@outlook.com
Debra,Howard,+13025628401,debra.howard@hotmail.com
Peter,Torres,+13023454957,peter.torres@outlook.com
Linda,Jimenez,+18082123725,linda.jimenez@gmail.com
Carol,Watson,+12085499718,carol.watson@outlook.com
Angela,Nguyen,+12089495563,angela.nguyen@yahoo.com
Ruth,Cooper,+17735584773,ruth.cooper@yahoo.com
Kimberly,Brooks,+16307637027,kimberly.brooks@gmail.com
Carmen,Sanders,+15639399899,carmen.sanders@aol.com
Gregory,Brown,+15634473677,gregory.brown@hotmail.com
Henry,Thompson,+19132829809,henry.thompson@hotmail.com
Elena,Thomas,+19138069988,elena.thomas@outlook.com
Adam,Lewis,+15026806434,adam.lewis@yahoo.com
Gary,Kim,+18593034314,gary.kim@outlook.com
Brenda,Gomez,+15045084102,brenda.gomez@gmail.com
Jason,Mendoza,+13187703155,jason.mendoza@yahoo.com
Yolanda,Ramos,+15049562247,yolanda.ramos@gmail.com
Yolanda,Thomas,+12079795719,yolanda.thomas@hotmail.com
Charles,Edwards,+12079365587,charles.edwards@yahoo.com
Sylvia,Howard,+13018176856,sylvia.howard@aol.com
Yolanda,Evans,+13012963735,yolanda.evans@yahoo.com
Jerry,Morales,+14109276386,jerry.morales@yahoo.com
Samuel,King,+15082308159,samuel.king@yahoo.com
Carol,Ross,+15173701006,carol.ross@hotmail.com
Douglas,Rogers,+15076175422,douglas.rogers@aol.com
Christopher,Hughes,+15075438884,christopher.hughes@gmail.com
Steven,Allen,+16515609611,steven.allen@yahoo.com
Rebecca,Thomas,+18164261956,rebecca.thomas@aol.com
Robert,Hernandez,+18162913242,robert.hernandez@outlook.com
William,Rogers,+17757628190,william.rogers@aol.com
Amy,Hughes,+17758096445,amy.hughes@gmail.com
Linda,Foster,+16032051642,linda.foster@gmail.com
Carolyn,Cox,+16035622001,carolyn.cox@outlook.com
Dorothy,Howard,+19738851322,dorothy.howard@yahoo.com
Sarah,Cruz,+19735685270,sarah.cruz@hotmail.com
Douglas,Martinez,+19735651199,douglas.martinez@hotmail.com
Helen,Cruz,+19737546115,helen.cruz@yahoo.com
Charles,Ramirez,+15059805832,charles.ramirez@yahoo.com
Michelle,Jackson,+15852877415,michelle.jackson@aol.com
Larry,Smith,+13152077717,larry.smith@aol.com
Sylvia,Cook,+17168187148,sylvia.cook@hotmail.com
Susan,Long,+19199447438,susan.long@yahoo.com
Tyler,Wood,+13367833782,tyler.wood@yahoo.com
Ruth,Morris,+19197376390,ruth.morris@gmail.com
Ronald,Hall,+19198284019,ronald.hall@gmail.com
Alexander,Martinez,+12163021422,alexander.martinez@hotmail.com
Frank,Price,+13808595017,frank.price@yahoo.com
Gregory,Foster,+12164021159,gregory.foster@yahoo.com
Kevin,Ortiz,+12167405245,kevin.ortiz@yahoo.com
Betty,Morgan,+14056158089,betty.morgan@aol.com
Jason,Robinson,+19186891365,jason.robinson@gmail.com
Jerry,Walker,+15416488641,jerry.walker@yahoo.com
Nicole,Davis,+15416509147,nicole.davis@gmail.com
Christopher,Scott,+16106822926,christopher.scott@aol.com
Adam,Ross,+16107895396,adam.ross@yahoo.com
Karen,Cruz,+14015929339,karen.cruz@aol.com
Gregory,Sanders,+14017876272,gregory.sanders@gmail.com
Lisa,Lewis,+18039583500,lisa.lewis@yahoo.com
Kathleen,Hughes,+18037731402,kathleen.hughes@aol.com
Amy,Hughes,+16056773112,amy.hughes@aol.com
Patricia,Walker,+16057903810,patricia.walker@aol.com
Kathleen,Lewis,+16053558572,kathleen.lewis@yahoo.com
Judy,Green,+19016818371,judy.green@aol.com
Sylvia,Thomas,+14696365071,sylvia.thomas@hotmail.com
Jessica,Mendoza,+19158957290,jessica.mendoza@yahoo.com
Jessica,Diaz,+18016558879,jessica.diaz@yahoo.com
Ruth,Alvarez,+18012018434,ruth.alvarez@gmail.com
Carol,Torres,+18014718327,carol.torres@outlook.com
Edward,Myers,+17037172800,edward.myers@yahoo.com
Laura,Reed,+12536554329,laura.reed@outlook.com
Richard,Ramos,+19203363317,richard.ramos@gmail.com
Eric,Morgan,+19075595739,eric.morgan@aol.com
George,Green,+19073515450,george.green@yahoo.com
Christopher,Phillips,+14804683827,christopher.phillips@aol.com
Judy,Nelson,+15206696914,judy.nelson@aol.com
James,Bennett,+14805986624,james.bennett@gmail.com
Patrick,Chavez,+14806373903,patrick.chavez@outlook.com
Ashley,Campbell,+14806814176,ashley.campbell@hotmail.com
Ryan,Wright,+15202173770,ryan.wright@outlook.com
Carmen,James,+16695391721,carmen.james@yahoo.com
Steven,Sanders,+16693349921,steven.sanders@gmail.com
Irene,Wood,+14155057095,irene.wood@gmail.com
Daniel,Lopez,+12035691716,daniel.lopez@hotmail.com
Katherine,Jimenez,+13056428765,katherine.jimenez@gmail.com
Rosa,Chavez,+19048702984,rosa.chavez@gmail.com
John,King,+19128161847,john.king@outlook.com
Rebecca,Mendoza,+18086545810,rebecca.mendoza@aol.com
Carlos,Morales,+12083099468,carlos.morales@gmail.com
Jennifer,Torres,+18728235635,jennifer.torres@yahoo.com
Sylvia,Diaz,+13315882678,sylvia.diaz@gmail.com
Joshua,Turner,+17129113907,joshua.turner@yahoo.com
Cynthia,Watson,+19138582470,cynthia.watson@gmail.com
Betty,Morris,+19137877032,betty.morris@yahoo.com
Tyler,Reed,+15022021459,tyler.reed@gmail.com
Eric,Collins,+12707969261,eric.collins@hotmail.com
Scott,Evans,+18596647109,scott.evans@outlook.com
Heather,Ramirez,+18597186145,heather.ramirez@outlook.com
Maria,King,+12252841309,maria.king@hotmail.com
Raymond,Flores,+13184802336,raymond.flores@gmail.com
David,Ward,+15046633858,david.ward@yahoo.com
Donald,White,+12259671812,donald.white@gmail.com
Ronald,Lopez,+13187741811,ronald.lopez@yahoo.com
Karen,Moore,+12075039703,karen.moore@hotmail.com
Dennis,Lopez,+14108096062,dennis.lopez@gmail.com
Larry,Mendoza,+13012349651,larry.mendoza@outlook.com
Peter,Collins,+13013207269,peter.collins@outlook.com
Judy,Nelson,+15082377063,judy.nelson@outlook.com
Rachel,Cook,+16172225699,rachel.cook@yahoo.com
Kenneth,Patel,+15176061259,kenneth.patel@yahoo.com
Charles,Rogers,+15175222538,charles.rogers@hotmail.com
Yolanda,Parker,+13132185049,yolanda.parker@hotmail.com
Amy,Ross,+15175269894,amy.ross@gmail.com
Stephanie,Diaz,+16165604207,stephanie.diaz@yahoo.com
Michael,Jones,+16125439003,michael.jones@outlook.com
Helen,Wood,+12284035661,helen.wood@gmail.com
Stephen,Bennett,+18164679116,stephen.bennett@yahoo.com
Joshua,James,+14068923645,joshua.james@gmail.com
Douglas,Wilson,+17028054852,douglas.wilson@outlook.com
Paul,Moore,+12014445777,paul.moore@yahoo.com
Heather,Anderson,+19089927925,heather.anderson@gmail.com
Stephen,Smith,+19087222916,stephen.smith@outlook.com
Richard,Cook,+19193683630,richard.cook@aol.com
Jessica,Miller,+19189116794,jessica.miller@hotmail.com
John,Gonzalez,+19187471748,john.gonzalez@aol.com
Thomas,Diaz,+15032055761,thomas.diaz@aol.com
Irene,Adams,+15417194643,irene.adams@outlook.com
Jerry,Campbell,+15418812586,jerry.campbell@aol.com
Alexander,Nelson,+18439021850,alexander.nelson@outlook.com
Eric,Rogers,+14237362562,eric.rogers@gmail.com
Debra,Ramos,+18659784367,debra.ramos@yahoo.com
Scott,Ramos,+17137064023,scott.ramos@outlook.com
Brandon,Roberts,+12105425810,brandon.roberts@gmail.com
Jacob,Kim,+18012651909,jacob.kim@aol.com
Samuel,Myers,+18019891076,samuel.myers@gmail.com
Sarah,Jackson,+18016719631,sarah.jackson@gmail.com
Timothy,Harris,+18014819593,timothy.harris@gmail.com
Shirley,Foster,+18028377272,shirley.foster@outlook.com
Alexander,Davis,+18027968409,alexander.davis@yahoo.com
Daniel,Peterson,+17579444674,daniel.peterson@gmail.com
Michael,Jackson,+17573523372,michael.jackson@yahoo.com
Nathan,Scott,+17573085452,nathan.scott@aol.com
Elena,Diaz,+18047345078,elena.diaz@outlook.com
Janet,Campbell,+17577214709,janet.campbell@yahoo.com
Jonathan,Wright,+17574106456,jonathan.wright@yahoo.com
Cynthia,Taylor,+12064372311,cynthia.taylor@gmail.com
Frank,Ramirez,+12535759748,frank.ramirez@yahoo.com
Dennis,Cook,+16082649536,dennis.cook@yahoo.com
Aaron,Wood,+16089568019,aaron.wood@gmail.com
James,Anderson,+14144161999,james.anderson@hotmail.com
Amy,Kelly,+13077505899,amy.kelly@outlook.com
Maria,Rodriguez,+12566898884,maria.rodriguez@outlook.com
Gloria,Ward,+12057743437,gloria.ward@outlook.com
Christine,Davis,+19079868797,christine.davis@outlook.com
Steven,Morgan,+15209469932,steven.morgan@gmail.com
David,Myers,+15209288255,david.myers@yahoo.com
Paul,Garcia,+15015415506,paul.garcia@outlook.com
Scott,Richardson,+14082746314,scott.richardson@gmail.com
Laura,Watson,+15597487234,laura.watson@outlook.com
Zachary,Ortiz,+13033063863,zachary.ortiz@gmail.com
Janet,Ward,+13032498042,janet.ward@yahoo.com
Jason,Adams,+13026485049,jason.adams@aol.com
Anthony,Mendoza,+19544042929,anthony.mendoza@aol.com
Sarah,Wood,+14045471560,sarah.wood@hotmail.com
Eric,Kim,+17065363006,eric.kim@yahoo.com
Patricia,Edwards,+17063207203,patricia.edwards@hotmail.com
Tyler,Cooper,+14047494382,tyler.cooper@yahoo.com
Janet,Myers,+18088475479,janet.myers@hotmail.com
Harold,Ruiz,+12082864975,harold.ruiz@outlook.com
Matthew,Thomas,+12087324370,matthew.thomas@yahoo.com
Aaron,Morales,+16309307818,aaron.morales@hotmail.com
Rachel,Diaz,+12175629314,rachel.diaz@outlook.com
James,Cox,+12609796810,james.cox@aol.com
Frank,Phillips,+12602408479,frank.phillips@yahoo.com
Steven,Ortiz,+17128382534,steven.ortiz@yahoo.com
Joshua,Thompson,+13196371777,joshua.thompson@outlook.com
Stephen,Richardson,+15045369094,stephen.richardson@outlook.com
Nicholas,Hernandez,+12072014245,nicholas.hernandez@gmail.com
Elizabeth,Jimenez,+13017423676,elizabeth.jimenez@yahoo.com
Shirley,Martinez,+13013951036,shirley.martinez@outlook.com
Dennis,Richardson,+13015405093,dennis.richardson@aol.com
Jerry,Adams,+18572716230,jerry.adams@yahoo.com
Elizabeth,Edwards,+16177852368,elizabeth.edwards@aol.com
John,Parker,+14134223066,john.parker@outlook.com
Gregory,Hughes,+17344415724,gregory.hughes@yahoo.com
Maria,Mendoza,+16512326544,maria.mendoza@outlook.com
Carol,Richardson,+16515174105,carol.richardson@gmail.com
Lisa,Morris,+15075853031,lisa.morris@hotmail.com
Samuel,Bailey,+12286401438,samuel.bailey@aol.com
Shirley,Thompson,+14173209771,shirley.thompson@hotmail.com
Edward,Cox,+16368802348,edward.cox@yahoo.com
Nathan,Harris,+14063101410,nathan.harris@outlook.com
Katherine,Mitchell,+19733987192,katherine.mitchell@gmail.com
Debra,Sanders,+12018149491,debra.sanders@hotmail.com
Kimberly,Foster,+19086346527,kimberly.foster@gmail.com
Susan,Lopez,+19734414111,susan.lopez@yahoo.com
Eric,Peterson,+19732187137,eric.peterson@outlook.com
Jason,Green,+16463563635,jason.green@hotmail.com
Cynthia,Cruz,+19179645003,cynthia.cruz@gmail.com
Donna,Perez,+13364726871,donna.perez@gmail.com
Patricia,Harris,+15134885326,patricia.harris@aol.com
Christine,Jackson,+14054839874,christine.jackson@outlook.com
Betty,Harris,+14054798697,betty.harris@yahoo.com
Amy,Wright,+14054986036,amy.wright@outlook.com
Eric,Garcia,+15412308297,eric.garcia@yahoo.com
Kevin,Hall,+18437113258,kevin.hall@gmail.com
Brandon,Stewart,+18438194451,brandon.stewart@hotmail.com
Amanda,Evans,+18032458990,amanda.evans@hotmail.com
Nathan,Robinson,+18437279858,nathan.robinson@outlook.com
Stephen,Richardson,+18654831162,stephen.richardson@outlook.com
Edward,Lewis,+17377886695,edward.lewis@outlook.com
Stephanie,Baker,+18013702204,stephanie.baker@hotmail.com
Henry,Young,+18015322653,henry.young@yahoo.com
Donna,Cook,+17579045172,donna.cook@gmail.com
Anthony,Roberts,+12532733497,anthony.roberts@hotmail.com
Jeffrey,White,+14258458341,jeffrey.white@outlook.com
Ronald,Walker,+12534709227,ronald.walker@outlook.com
Steven,Hall,+12069409856,steven.hall@gmail.com
Samuel,Mendoza,+12066157866,samuel.mendoza@outlook.com
Jacob,Mitchell,+19208575986,jacob.mitchell@aol.com
Carlos,Clark,+19202757754,carlos.clark@hotmail.com
Amy,Edwards,+13077377060,amy.edwards@gmail.com
Anthony,Martinez,+13079618464,anthony.martinez@gmail.com
Mark,Green,+19382819282,mark.green@outlook.com
Thomas,Morales,+12566812950,thomas.morales@gmail.com
Judy,Walker,+14805601914,judy.walker@yahoo.com
Katherine,Ramirez,+14796095757,katherine.ramirez@gmail.com
Raymond,Brooks,+14155951911,raymond.brooks@hotmail.com
Brandon,Ward,+18583972991,brandon.ward@hotmail.com
Jacob,Clark,+19706959887,jacob.clark@aol.com
Jason,Diaz,+17208724335,jason.diaz@gmail.com
Kathleen,Mendoza,+14759649860,kathleen.mendoza@outlook.com
Andrew,Richardson,+19592411205,andrew.richardson@gmail.com
Dennis,Collins,+13028952289,dennis.collins@yahoo.com
Peter,Hill,+17063552691,peter.hill@yahoo.com
Heather,Robinson,+16304754208,heather.robinson@hotmail.com
Mary,Evans,+12175637654,mary.evans@gmail.com
Maria,Ruiz,+13312588872,maria.ruiz@aol.com
Douglas,Price,+14634604911,douglas.price@outlook.com
Richard,Foster,+15635853766,richard.foster@outlook.com
Melissa,Walker,+19139316898,melissa.walker@yahoo.com
Frank,White,+13375346254,frank.white@hotmail.com
Kenneth,Patel,+13185169339,kenneth.patel@outlook.com
Stephen,Patel,+12078685883,stephen.patel@yahoo.com
Dorothy,Bailey,+14109974399,dorothy.bailey@hotmail.com
Kathleen,Davis,+13016688006,kathleen.davis@outlook.com
Cynthia,Campbell,+16172574956,cynthia.campbell@gmail.com
Joshua,Campbell,+14133254142,joshua.campbell@yahoo.com
Michelle,Morgan,+16168885319,michelle.morgan@aol.com
Carolyn,Hall,+15172173872,carolyn.hall@yahoo.com
Carolyn,Richardson,+17349342221,carolyn.richardson@outlook.com
Helen,Perez,+12289892958,helen.perez@gmail.com
Amanda,Cooper,+18165066074,amanda.cooper@gmail.com
Nancy,Robinson,+18169652842,nancy.robinson@gmail.com
John,Hughes,+18169735719,john.hughes@outlook.com
Jerry,Morgan,+14068449534,jerry.morgan@gmail.com
Maria,Foster,+14026209583,maria.foster@aol.com
Kenneth,Wright,+17252684915,kenneth.wright@outlook.com
Anthony,Hughes,+16038461224,anthony.hughes@yahoo.com
Lisa,Davis,+19737157406,lisa.davis@yahoo.com
Melissa,Sanchez,+13154071805,melissa.sanchez@gmail.com
Lisa,Sanchez,+13152955484,lisa.sanchez@gmail.com
Aaron,Gray,+19807259743,aaron.gray@gmail.com
Donna,Ward,+17016626960,donna.ward@outlook.com
Joshua,Kelly,+15132797683,joshua.kelly@gmail.com
Rosa,Rivera,+13303906418,rosa.rivera@outlook.com
Henry,Allen,+14052899256,henry.allen@yahoo.com
Patrick,Mitchell,+12155791596,patrick.mitchell@gmail.com
Judy,Stewart,+12153537802,judy.stewart@outlook.com
Joseph,Adams,+12672422882,joseph.adams@yahoo.com
Aaron,Reed,+18647802243,aaron.reed@gmail.com
Helen,Morgan,+18652593970,helen.morgan@aol.com
Edward,Diaz,+16155831412,edward.diaz@yahoo.com
Jonathan,Wright,+19013056869,jonathan.wright@aol.com
David,Patel,+14238186953,david.patel@outlook.com
Richard,Ross,+12103096503,richard.ross@hotmail.com
Stephanie,Lopez,+12109135339,stephanie.lopez@hotmail.com
Sharon,Long,+17372933787,sharon.long@outlook.com
Linda,Myers,+17034543640,linda.myers@yahoo.com
Linda,Edwards,+17574782954,linda.edwards@gmail.com
Stephanie,Sanders,+15098234360,stephanie.sanders@yahoo.com
Dennis,Wilson,+12533852177,dennis.wilson@gmail.com
Nicholas,Diaz,+12534157107,nicholas.diaz@gmail.com
Pamela,Long,+12628375383,pamela.long@hotmail.com
Kevin,Carter,+16087257969,kevin.carter@yahoo.com
Lisa,Collins,+12056007253,lisa.collins@aol.com
Paul,Castillo,+13344673731,paul.castillo@outlook.com
Robert,Jimenez,+16593378628,robert.jimenez@hotmail.com
Sarah,Parker,+16592439880,sarah.parker@yahoo.com
David,Campbell,+12052593978,david.campbell@outlook.com
Stephanie,Edwards,+19076588860,stephanie.edwards@outlook.com
Shirley,Bailey,+14806684334,shirley.bailey@hotmail.com
Kenneth,Nelson,+14808618488,kenneth.nelson@gmail.com
Nancy,Brooks,+14084762621,nancy.brooks@hotmail.com
Patrick,Morris,+16192806416,patrick.morris@yahoo.com
Amy,Edwards,+16193741451,amy.edwards@gmail.com
Nathan,Adams,+17208683295,nathan.adams@gmail.com
Sylvia,Cooper,+12034868003,sylvia.cooper@outlook.com
Carolyn,Ruiz,+12033858361,carolyn.ruiz@yahoo.com
Adam,Rogers,+17863125626,adam.rogers@aol.com
Melissa,Alvarez,+19042093273,melissa.alvarez@outlook.com
Christine,Parker,+19125372183,christine.parker@yahoo.com
Ashley,Clark,+12089586024,ashley.clark@yahoo.com
Zachary,Kelly,+12174698245,zachary.kelly@aol.com
Zachary,Howard,+12606749979,zachary.howard@gmail.com
Kimberly,Torres,+18123666395,kimberly.torres@outlook.com
Rosa,James,+17858153611,rosa.james@gmail.com
Amanda,Rodriguez,+15027513653,amanda.rodriguez@outlook.com
Carol,Patel,+15025667691,carol.patel@outlook.com
Edward,Scott,+13187808579,edward.scott@hotmail.com
Heather,Ramirez,+12255257305,heather.ramirez@outlook.com
Rosa,Garcia,+13374286852,rosa.garcia@yahoo.com
Katherine,Gomez,+12077491700,katherine.gomez@yahoo.com
Betty,Peterson,+13016576414,betty.peterson@aol.com
Richard,Green,+13013772845,richard.green@gmail.com
Ronald,Evans,+18577616464,ronald.evans@yahoo.com
Thomas,Martin,+13133391732,thomas.martin@outlook.com
Dennis,Turner,+12284564492,dennis.turner@hotmail.com
Aaron,Williams,+18165225816,aaron.williams@aol.com
Amy,Price,+18162835575,amy.price@gmail.com
Carol,Harris,+18169545343,carol.harris@hotmail.com
Douglas,Gray,+18163835745,douglas.gray@gmail.com
Aaron,Evans,+14173753556,aaron.evans@yahoo.com
Kimberly,Chavez,+14175705196,kimberly.chavez@gmail.com
Kevin,Mitchell,+14067302680,kevin.mitchell@outlook.com
Margaret,Baker,+14029166075,margaret.baker@yahoo.com
Gregory,Peterson,+14026824792,gregory.peterson@yahoo.com
Irene,Castillo,+19732154959,irene.castillo@outlook.com
Katherine,Mendoza,+19086253531,katherine.mendoza@yahoo.com
Amy,Mendoza,+12013127914,amy.mendoza@gmail.com
Christine,Thompson,+15054001013,christine.thompson@outlook.com
Rebecca,Cox,+15857592619,rebecca.cox@gmail.com
Zachary,Nelson,+16466097474,zachary.nelson@gmail.com
Jennifer,Price,+13368603385,jennifer.price@hotmail.com
Raymond,White,+17043888263,raymond.white@outlook.com
Maria,Johnson,+19198657705,maria.johnson@gmail.com
Timothy,Lee,+17017402475,timothy.lee@outlook.com
Pamela,Hughes,+17015699460,pamela.hughes@outlook.com
Robert,Smith,+14195152762,robert.smith@gmail.com
Nicole,Campbell,+13304927523,nicole.campbell@aol.com
Patrick,Anderson,+15035223688,patrick.anderson@yahoo.com
Jennifer,Martin,+15412986440,jennifer.martin@outlook.com
Aaron,Long,+14127542533,aaron.long@outlook.com
John,Alvarez,+18437258072,john.alvarez@hotmail.com
Jerry,Scott,+18647781105,jerry.scott@hotmail.com
Dennis,Phillips,+18038308212,dennis.phillips@hotmail.com
Helen,Evans,+16156535822,helen.evans@yahoo.com
Joshua,Smith,+16828022618,joshua.smith@hotmail.com
Aaron,Cox,+18324546153,aaron.cox@outlook.com
Harold,Reyes,+18176041559,harold.reyes@gmail.com
John,Nelson,+15129097383,john.nelson@gmail.com
Jerry,Hughes,+18017816264,jerry.hughes@hotmail.com
Timothy,Robinson,+18015631357,timothy.robinson@gmail.com
John,Morales,+18049316002,john.morales@yahoo.com
Donald,Turner,+13045851266,donald.turner@gmail.com
Anna,Scott,+13043557579,anna.scott@hotmail.com
Dennis,Jones,+13043979621,dennis.jones@gmail.com
Andrew,Ortiz,+14148665458,andrew.ortiz@hotmail.com
Nancy,Ross,+12053855846,nancy.ross@hotmail.com
Aaron,Jones,+16594464032,aaron.jones@gmail.com
Christopher,Clark,+12512406343,christopher.clark@outlook.com
Andrew,Jackson,+19072629580,andrew.jackson@yahoo.com
Tyler,Phillips,+16024435564,tyler.phillips@hotmail.com
Deborah,Thompson,+14803441189,deborah.thompson@yahoo.com
Karen,Sanchez,+12136117657,karen.sanchez@outlook.com
Mary,Evans,+17198814980,mary.evans@yahoo.com
Helen,Thomas,+12039063513,helen.thomas@aol.com
Kimberly,Flores,+12039253758,kimberly.flores@hotmail.com
Sharon,Edwards,+14078872358,sharon.edwards@hotmail.com
Maria,Bailey,+19047598507,maria.bailey@hotmail.com
Stephen,Williams,+19547457475,stephen.williams@yahoo.com
Sandra,James,+17865596038,sandra.james@outlook.com
Yolanda,James,+18139892420,yolanda.james@gmail.com
Raymond,Nguyen,+17066034862,raymond.nguyen@yahoo.com
Brandon,Brown,+17062737179,brandon.brown@gmail.com
Heather,James,+17067064403,heather.james@hotmail.com
Peter,Ruiz,+12089071750,peter.ruiz@gmail.com
Janet,Alvarez,+12085254163,janet.alvarez@gmail.com
Christine,Young,+12176308978,christine.young@gmail.com
Janet,Hughes,+12175845086,janet.hughes@yahoo.com
Deborah,Phillips,+13312624460,deborah.phillips@yahoo.com
Carmen,Hughes,+18726485711,carmen.hughes@outlook.com
Jason,Patel,+13177294534,jason.patel@outlook.com
William,Thomas,+19132832718,william.thomas@yahoo.com
Sarah,Jimenez,+13166489135,sarah.jimenez@yahoo.com
Jerry,Castillo,+18596521985,jerry.castillo@gmail.com
Benjamin,Hernandez,+12705054722,benjamin.hernandez@outlook.com
Charles,Harris,+15046229297,charles.harris@gmail.com
Paul,Cook,+13183738465,paul.cook@yahoo.com
Justin,Edwards,+12076718253,justin.edwards@hotmail.com
Jennifer,Anderson,+12076052954,jennifer.anderson@outlook.com
Joseph,Lewis,+12402618989,joseph.lewis@aol.com
Betty,Myers,+13017073842,betty.myers@outlook.com
Nicole,Cox,+13015997975,nicole.cox@yahoo.com
Larry,Johnson,+14136279209,larry.johnson@gmail.com
Donald,Kelly,+13134307930,donald.kelly@hotmail.com
Carolyn,Lopez,+17347213290,carolyn.lopez@yahoo.com
Rosa,Thomas,+16516861117,rosa.thomas@aol.com
Jonathan,Hall,+16517689269,jonathan.hall@hotmail.com
Linda,Walker,+16516546077,linda.walker@gmail.com
Mary,Anderson,+16515539602,mary.anderson@aol.com
Kimberly,Miller,+12188969099,kimberly.miller@gmail.com
Laura,Allen,+12189589323,laura.allen@yahoo.com
Nathan,Smith,+16368819146,nathan.smith@hotmail.com
Eric,Smith,+18163037451,eric.smith@yahoo.com
Scott,Brooks,+17024358057,scott.brooks@gmail.com
Frank,Rivera,+17022797991,frank.rivera@gmail.com
Paul,Ross,+16036277786,paul.ross@outlook.com
Brandon,Evans,+19736551608,brandon.evans@gmail.com
Deborah,Hughes,+19738082741,deborah.hughes@gmail.com
Stephanie,Turner,+15056033840,stephanie.turner@gmail.com
Ashley,Collins,+13155612225,ashley.collins@outlook.com
Mary,Baker,+15853944856,mary.baker@gmail.com
Eric,Foster,+19195179982,eric.foster@aol.com
Judy,White,+13368687669,judy.white@gmail.com
Brandon,Clark,+19182426075,brandon.clark@hotmail.com
Matthew,Long,+15417619346,matthew.long@gmail.com
Douglas,Lopez,+18145053729,douglas.lopez@gmail.com
Kenneth,Clark,+14013733238,kenneth.clark@yahoo.com
Patricia,Torres,+18035151545,patricia.torres@yahoo.com
Anna,Sanchez,+18034477007,anna.sanchez@outlook.com
Rachel,Wood,+18646462018,rachel.wood@outlook.com
Dennis,Allen,+18643511039,dennis.allen@outlook.com
Harold,Lopez,+16153851316,harold.lopez@outlook.com
Helen,White,+14237682831,helen.white@hotmail.com
Robert,Roberts,+19016435623,robert.roberts@yahoo.com
Christopher,Jones,+12102731793,christopher.jones@yahoo.com
Gary,Hill,+12106426969,gary.hill@outlook.com
Maria,Jimenez,+18012272730,maria.jimenez@gmail.com
Shirley,Collins,+18015318071,shirley.collins@outlook.com
Emma,Johnson,+18023559060,emma.johnson@gmail.com
Sarah,Hernandez,+18045471687,sarah.hernandez@outlook.com
Maria,Torres,+12532793792,maria.torres@aol.com
Aaron,Smith,+14258101085,aaron.smith@outlook.com
Patrick,Howard,+15092259872,patrick.howard@aol.com
Nicole,Davis,+15093334145,nicole.davis@gmail.com
Nancy,Wright,+16087911021,nancy.wright@hotmail.com
Ashley,Davis,+14146532262,ashley.davis@yahoo.com
Barbara,Sanders,+13072832051,barbara.sanders@hotmail.com
Jerry,Cox,+19078982119,jerry.cox@aol.com
Shirley,Richardson,+19073794498,shirley.richardson@yahoo.com
Samuel,Gomez,+15203742090,samuel.gomez@gmail.com
Richard,Long,+16028423667,richard.long@yahoo.com
Harold,Bennett,+14083402532,harold.bennett@outlook.com
Brian,Smith,+15595037774,brian.smith@gmail.com
Christine,Nelson,+15594822776,christine.nelson@yahoo.com
Dorothy,Kim,+12032899615,dorothy.kim@yahoo.com
Jack,Wood,+18605141901,jack.wood@yahoo.com
Kenneth,Hernandez,+13024749936,kenneth.hernandez@gmail.com
Joshua,Perez,+18137873393,joshua.perez@aol.com
Paul,Walker,+18087307801,paul.walker@gmail.com
Nancy,Collins,+12086385538,nancy.collins@yahoo.com
Jason,Ward,+12088506268,jason.ward@hotmail.com
Harold,Morris,+13122203248,harold.morris@yahoo.com
Scott,Young,+16308527488,scott.young@gmail.com
Carlos,Ortiz,+13313499937,carlos.ortiz@gmail.com
Henry,Roberts,+18122901294,henry.roberts@yahoo.com
Margaret,Bennett,+18125728382,margaret.bennett@yahoo.com
Rachel,Cox,+15155678402,rachel.cox@gmail.com
Carlos,Lopez,+19135922813,carlos.lopez@outlook.com
Pamela,Richardson,+18594628411,pamela.richardson@gmail.com
Henry,Alvarez,+15026722850,henry.alvarez@gmail.com
Elizabeth,Harris,+13186717029,elizabeth.harris@yahoo.com
Jeffrey,Clark,+12252401881,jeffrey.clark@yahoo.com
Justin,Mitchell,+12076888634,justin.mitchell@gmail.com
Brenda,Cook,+12075321984,brenda.cook@gmail.com
Amanda,Murphy,+14105215302,amanda.murphy@yahoo.com
Brenda,Castillo,+17743098510,brenda.castillo@gmail.com
Carmen,Bennett,+16514254306,carmen.bennett@outlook.com
Steven,Evans,+15077254880,steven.evans@yahoo.com
Gary,Gonzalez,+12285977403,gary.gonzalez@aol.com
Anthony,Nelson,+14064823008,anthony.nelson@hotmail.com
Susan,Martinez,+14062474283,susan.martinez@aol.com
Sarah,Ross,+16035843152,sarah.ross@outlook.com
Jack,Ramos,+12012314900,jack.ramos@yahoo.com
Christine,Kelly,+15058775223,christine.kelly@gmail.com
Scott,Long,+15853866057,scott.long@gmail.com
Karen,Gutierrez,+17162995088,karen.gutierrez@aol.com
Carolyn,Howard,+19172178734,carolyn.howard@outlook.com
Harold,Nguyen,+15857064982,harold.nguyen@gmail.com
Shirley,Robinson,+19809035823,shirley.robinson@outlook.com
Nathan,Kim,+19184837586,nathan.kim@yahoo.com
Patricia,Patel,+14059238784,patricia.patel@yahoo.com
Helen,Bennett,+15036656790,helen.bennett@aol.com
Heather,Ward,+15418223334,heather.ward@yahoo.com
Katherine,Taylor,+18646387082,katherine.taylor@aol.com
Larry,Hill,+18654015861,larry.hill@yahoo.com
Margaret,Lopez,+16154391864,margaret.lopez@gmail.com
Carlos,Ortiz,+19158512922,carlos.ortiz@gmail.com
Amy,Turner,+19156839238,amy.turner@yahoo.com
James,Ramos,+18014208783,james.ramos@aol.com
Adam,Taylor,+18029525236,adam.taylor@yahoo.com
Sylvia,Cook,+18023226074,sylvia.cook@yahoo.com
Matthew,Wright,+18049519323,matthew.wright@outlook.com
Heather,Peterson,+17037261918,heather.peterson@outlook.com
Carlos,Phillips,+14257927397,carlos.phillips@outlook.com
Brian,Green,+14257454748,brian.green@gmail.com
Kathleen,Hall,+13072463813,kathleen.hall@hotmail.com
Patrick,Lee,+12056742220,patrick.lee@gmail.com
Ryan,Garcia,+19385843544,ryan.garcia@yahoo.com
Michelle,Kelly,+14802506927,michelle.kelly@aol.com
Nancy,Adams,+14808604602,nancy.adams@hotmail.com
Nancy,James,+14807713120,nancy.james@aol.com
Ronald,Scott,+16283817365,ronald.scott@gmail.com
Janet,Robinson,+18586094694,janet.robinson@gmail.com
Nathan,Peterson,+12132008779,nathan.peterson@gmail.com
Steven,Patel,+14154096195,steven.patel@gmail.com
Amanda,Smith,+17196567694,amanda.smith@aol.com
George,Brown,+17194056278,george.brown@yahoo.com
Elena,Long,+13035709398,elena.long@hotmail.com
Kathleen,Hernandez,+19706046743,kathleen.hernandez@gmail.com
Helen,Bennett,+17064661820,helen.bennett@yahoo.com
Sharon,Hernandez,+17067811407,sharon.hernandez@aol.com
Aaron,Castillo,+18085957929,aaron.castillo@gmail.com
Jeffrey,Adams,+13198304406,jeffrey.adams@hotmail.com
Sandra,Lee,+15029209099,sandra.lee@gmail.com
Raymond,Mendoza,+15024833114,raymond.mendoza@hotmail.com
Jessica,Watson,+18597134661,jessica.watson@outlook.com
Ashley,Rivera,+15047567380,ashley.rivera@outlook.com
Donald,Cox,+12074957101,donald.cox@yahoo.com
Brian,Mendoza,+12406772645,brian.mendoza@aol.com
Nicholas,Morales,+14136235380,nicholas.morales@yahoo.com
Betty,Kelly,+17747936185,betty.kelly@yahoo.com
Emily,Ruiz,+14135563538,emily.ruiz@gmail.com
Jacob,Evans,+13135376986,jacob.evans@yahoo.com
Karen,Wilson,+16165767572,karen.wilson@outlook.com
Christopher,Sanders,+13134104102,christopher.sanders@gmail.com
Henry,Myers,+16518827369,henry.myers@gmail.com
Jerry,Morris,+14024394813,jerry.morris@aol.com
Linda,Hernandez,+14025883106,linda.hernandez@yahoo.com
Kimberly,Perez,+17027281706,kimberly.perez@yahoo.com
Tyler,Chavez,+12019997342,tyler.chavez@hotmail.com
Laura,Mitchell,+19738524098,laura.mitchell@gmail.com
Angela,Gutierrez,+15056669580,angela.gutierrez@yahoo.com
Paul,Carter,+15853705815,paul.carter@gmail.com
Gary,Lee,+19806049339,gary.lee@gmail.com
Judy,Jimenez,+19195175243,judy.jimenez@yahoo.com
Gary,Wood,+17018415679,gary.wood@aol.com
Carmen,Taylor,+12164251183,carmen.taylor@outlook.com
Patricia,Clark,+15135249719,patricia.clark@yahoo.com
Ashley,Gomez,+16058737204,ashley.gomez@yahoo.com
Ryan,Peterson,+18654771446,ryan.peterson@hotmail.com
Elena,Howard,+18654745516,elena.howard@gmail.com
Kenneth,Anderson,+18653128762,kenneth.anderson@gmail.com
John,Gutierrez,+12104535327,john.gutierrez@hotmail.com
Gloria,Castillo,+19159791199,gloria.castillo@aol.com
Gary,Cox,+18016813688,gary.cox@aol.com
Patricia,Parker,+18015304558,patricia.parker@outlook.com
Edward,Peterson,+18019902799,edward.peterson@yahoo.com
Ashley,Edwards,+17579147520,ashley.edwards@yahoo.com
Brian,Stewart,+12532273212,brian.stewart@outlook.com
Zachary,Miller,+12537989441,zachary.miller@outlook.com
Debra,Hall,+14255413424,debra.hall@yahoo.com
Carmen,Bennett,+13042497515,carmen.bennett@yahoo.com
Anthony,Jones,+13046058419,anthony.jones@outlook.com
Jeffrey,Davis,+13044993547,jeffrey.davis@hotmail.com
Gloria,Mendoza,+16085268799,gloria.mendoza@outlook.com
Charles,Hernandez,+19203264534,charles.hernandez@yahoo.com
Ronald,Lopez,+14147836272,ronald.lopez@gmail.com
Karen,Morales,+12622829652,karen.morales@gmail.com
Pamela,Taylor,+13077023746,pamela.taylor@yahoo.com
Alexander,Price,+13345252719,alexander.price@outlook.com
Betty,Jones,+19077314594,betty.jones@gmail.com
Brenda,Baker,+16234918727,brenda.baker@aol.com
Kathleen,Robinson,+14807263930,kathleen.robinson@outlook.com
George,Watson,+18702649777,george.watson@yahoo.com
Jeffrey,Chavez,+18584002973,jeffrey.chavez@yahoo.com
George,Richardson,+19599028736,george.richardson@outlook.com
Christopher,Moore,+12032171546,christopher.moore@outlook.com
Kathleen,Martin,+12035116379,kathleen.martin@yahoo.com
Cynthia,Wood,+12038199645,cynthia.wood@outlook.com
Mary,Ramirez,+17864111446,mary.ramirez@hotmail.com
Peter,Lewis,+19045514900,peter.lewis@gmail.com
Amy,King,+17068001827,amy.king@outlook.com
Edward,Rogers,+17065469564,edward.rogers@aol.com
Yolanda,Diaz,+19124305363,yolanda.diaz@outlook.com
Lisa,Martinez,+18083414715,lisa.martinez@hotmail.com
Sandra,Brown,+12085238860,sandra.brown@gmail.com
Dorothy,Johnson,+17738039133,dorothy.johnson@yahoo.com
Christine,Long,+16309782316,christine.long@outlook.com
Peter,Myers,+13179794628,peter.myers@aol.com
Richard,Gutierrez,+12602584272,richard.gutierrez@outlook.com
Sharon,Gonzalez,+12609323592,sharon.gonzalez@gmail.com
Timothy,Kim,+15636205949,timothy.kim@yahoo.com
Helen,Murphy,+13168681282,helen.murphy@hotmail.com
Ryan,Davis,+18594061378,ryan.davis@aol.com
Eric,Murphy,+18597781580,eric.murphy@outlook.com
Joseph,Perez,+15045949795,joseph.perez@gmail.com
Sylvia,Chavez,+13184474659,sylvia.chavez@outlook.com
Jonathan,Jackson,+12405075237,jonathan.jackson@yahoo.com
Sarah,Moore,+12409148656,sarah.moore@hotmail.com
Sharon,Morgan,+14436639638,sharon.morgan@gmail.com
Frank,Green,+13018156892,frank.green@yahoo.com
Ryan,Wright,+13012117046,ryan.wright@gmail.com
Jason,Williams,+12404082973,jason.williams@outlook.com
Judy,Diaz,+18578772572,judy.diaz@gmail.com
Ronald,Torres,+13134344902,ronald.torres@yahoo.com
Mary,Brown,+16165489118,mary.brown@aol.com
Laura,Brown,+15174853824,laura.brown@yahoo.com
Patrick,Gonzalez,+17343128870,patrick.gonzalez@outlook.com
Margaret,Walker,+16518352939,margaret.walker@yahoo.com
Jessica,Nelson,+12182302862,jessica.nelson@outlook.com
Elena,Hall,+14173035686,elena.hall@outlook.com
Aaron,Torres,+18166971941,aaron.torres@yahoo.com
Brenda,Nelson,+18164142073,brenda.nelson@yahoo.com
Helen,Jimenez,+14062407002,helen.jimenez@hotmail.com
Margaret,Smith,+14067582242,margaret.smith@outlook.com
Kevin,Scott,+14028392907,kevin.scott@gmail.com
Robert,Cooper,+17759379256,robert.cooper@aol.com
Zachary,Jackson,+16037214651,zachary.jackson@outlook.com
Samuel,Ortiz,+19087448524,samuel.ortiz@aol.com
Joseph,Chavez,+19084113092,joseph.chavez@outlook.com
Irene,Collins,+19738757380,irene.collins@outlook.com
Dennis,Hughes,+15057677043,dennis.hughes@gmail.com
Catherine,Nguyen,+16468926869,catherine.nguyen@aol.com
Joshua,Scott,+19196325931,joshua.scott@hotmail.com
Ronald,Gutierrez,+19192746888,ronald.gutierrez@yahoo.com
Gregory,Chavez,+13808762193,gregory.chavez@gmail.com
Emily,Brown,+15136049537,emily.brown@gmail.com
Susan,Howard,+19184086757,susan.howard@yahoo.com
Carlos,Cruz,+14015792384,carlos.cruz@hotmail.com
Edward,Robinson,+14019487381,edward.robinson@outlook.com
Michelle,Miller,+14013148922,michelle.miller@yahoo.com
Judy,Cook,+18646152272,judy.cook@gmail.com
Kathleen,Ramos,+16056167699,kathleen.ramos@yahoo.com
Carmen,Collins,+19153268762,carmen.collins@yahoo.com
Kathleen,Miller,+19727815701,kathleen.miller@yahoo.com
Steven,Ramirez,+18019654682,steven.ramirez@outlook.com
Ruth,Walker,+18029961913,ruth.walker@aol.com
Emily,Thomas,+18029133327,emily.thomas@yahoo.com
Steven,Adams,+18022331438,steven.adams@outlook.com
Mary,Ortiz,+18027828774,mary.ortiz@outlook.com
Justin,Baker,+17034977263,justin.baker@yahoo.com
Rosa,Lopez,+18045587572,rosa.lopez@outlook.com
Anthony,Reyes,+17577767256,anthony.reyes@yahoo.com
Patrick,Allen,+12067171895,patrick.allen@aol.com
Karen,Jones,+15094938014,karen.jones@hotmail.com
Dennis,Robinson,+12536763430,dennis.robinson@outlook.com
Paul,Taylor,+16085681568,paul.taylor@outlook.com
Nathan,Roberts,+14144138777,nathan.roberts@gmail.com
Adam,Young,+16083285492,adam.young@yahoo.com
Patrick,Alvarez,+13078108421,patrick.alvarez@outlook.com
Jacob,Nguyen,+13072521828,jacob.nguyen@outlook.com
Nicole,Cooper,+16598329426,nicole.cooper@outlook.com
Sharon,Lewis,+12517844238,sharon.lewis@outlook.com
Ashley,Cook,+16696969985,ashley.cook@yahoo.com
Amy,Lewis,+14157273303,amy.lewis@yahoo.com
David,Campbell,+19168133102,david.campbell@gmail.com
Brian,Ramirez,+15107852343,brian.ramirez@outlook.com
Carmen,Gonzalez,+18187917869,carmen.gonzalez@yahoo.com
Amy,Perez,+17199821527,amy.perez@hotmail.com
Nicole,Carter,+17194643466,nicole.carter@hotmail.com
Kathleen,Baker,+17195231542,kathleen.baker@yahoo.com
John,Lewis,+17202956697,john.lewis@yahoo.com
Benjamin,Bailey,+12036307044,benjamin.bailey@outlook.com
Michael,King,+17863199952,michael.king@yahoo.com
Alexander,Murphy,+17063069846,alexander.murphy@aol.com
Nicole,Edwards,+18088112866,nicole.edwards@outlook.com
Gary,Martin,+16309017654,gary.martin@aol.com
Sarah,Gutierrez,+13128644313,sarah.gutierrez@gmail.com
James,Perez,+12607964097,james.perez@yahoo.com
Benjamin,Price,+18596865025,benjamin.price@hotmail.com
Edward,Torres,+12706707199,edward.torres@yahoo.com
Jonathan,Baker,+12702671513,jonathan.baker@outlook.com
Linda,Jackson,+18599355355,linda.jackson@gmail.com
Christine,Sanders,+13184795538,christine.sanders@gmail.com
Michelle,Wood,+14106289874,michelle.wood@outlook.com
Irene,Morgan,+14139217748,irene.morgan@gmail.com
Ronald,Bennett,+15178097057,ronald.bennett@yahoo.com
Linda,Hughes,+13132019646,linda.hughes@outlook.com
Christine,Brooks,+17345949983,christine.brooks@outlook.com
Anna,Young,+16519749540,anna.young@gmail.com
Emma,Ross,+15077751798,emma.ross@gmail.com
Carol,Scott,+14177053981,carol.scott@gmail.com
Sharon,Stewart,+14068072423,sharon.stewart@gmail.com
Gloria,Jimenez,+14027341854,gloria.jimenez@gmail.com
Michelle,Gutierrez,+16037961279,michelle.gutierrez@gmail.com
Janet,Bailey,+19089378611,janet.bailey@gmail.com
Ruth,Morris,+19735394220,ruth.morris@aol.com
Amy,Price,+12013967182,amy.price@yahoo.com
Ruth,Rivera,+17185232531,ruth.rivera@outlook.com
Susan,Cooper,+13369112714,susan.cooper@hotmail.com
Debra,Green,+19194886154,debra.green@aol.com
Yolanda,Turner,+17014911664,yolanda.turner@gmail.com
Cynthia,Ward,+14198279404,cynthia.ward@aol.com
Kathleen,Jackson,+15134081693,kathleen.jackson@yahoo.com
Larry,Murphy,+19185406986,larry.murphy@hotmail.com
Frank,Jones,+14054696568,frank.jones@gmail.com
Melissa,Gutierrez,+14056038510,melissa.gutierrez@gmail.com
Steven,Campbell,+19185253566,steven.campbell@yahoo.com
Katherine,Sanchez,+19182525831,katherine.sanchez@gmail.com
Jonathan,Watson,+15413704873,jonathan.watson@outlook.com
Michael,Thomas,+15417511926,michael.thomas@outlook.com
Barbara,Alvarez,+12678925222,barbara.alvarez@gmail.com
Henry,Stewart,+14018447133,henry.stewart@yahoo.com
Carol,Reed,+18644297915,carol.reed@outlook.com
George,Rogers,+18438068337,george.rogers@yahoo.com
Timothy,Moore,+18438507610,timothy.moore@yahoo.com
Steven,Ramos,+15123664413,steven.ramos@gmail.com
Yolanda,Rogers,+18013707654,yolanda.rogers@outlook.com
Debra,Kim,+18028639402,debra.kim@yahoo.com
Adam,Young,+12535102375,adam.young@hotmail.com
Scott,Murphy,+12062476784,scott.murphy@aol.com
Pamela,Reed,+12534043951,pamela.reed@outlook.com
Maria,Brown,+12535696000,maria.brown@yahoo.com
Kevin,Parker,+13047742952,kevin.parker@outlook.com
Stephanie,Sanchez,+13043569838,stephanie.sanchez@yahoo.com
Betty,Morales,+13047252165,betty.morales@yahoo.com
Steven,White,+16085738459,steven.white@outlook.com
Stephen,Myers,+19202385090,stephen.myers@yahoo.com
Sylvia,Collins,+16594636123,sylvia.collins@yahoo.com
Tyler,Garcia,+12563828301,tyler.garcia@yahoo.com
Daniel,Turner,+19073356352,daniel.turner@aol.com
Margaret,Ruiz,+14806369785,margaret.ruiz@gmail.com
Frank,Rodriguez,+14794793717,frank.rodriguez@gmail.com
Judy,Baker,+15014355052,judy.baker@outlook.com
Shirley,Reyes,+16193858834,shirley.reyes@yahoo.com
Frank,Taylor,+15109552767,frank.taylor@yahoo.com
Rebecca,Torres,+16196889504,rebecca.torres@yahoo.com
Dennis,Kim,+13036436028,dennis.kim@hotmail.com
Katherine,Alvarez,+19704872804,katherine.alvarez@gmail.com
Debra,Ramos,+12037071866,debra.ramos@yahoo.com
Elena,Turner,+18503648829,elena.turner@outlook.com
Jeffrey,Richardson,+17064853331,jeffrey.richardson@outlook.com
Susan,Wright,+17703377411,susan.wright@gmail.com
Margaret,Green,+17708222531,margaret.green@yahoo.com
Andrew,Ruiz,+14706261857,andrew.ruiz@hotmail.com
Barbara,Price,+12088602696,barbara.price@hotmail.com
Patrick,Williams,+13319135941,patrick.williams@yahoo.com
Deborah,Flores,+13313084527,deborah.flores@outlook.com
Samantha,Martin,+13314928966,samantha.martin@outlook.com
Janet,Chavez,+15743015573,janet.chavez@gmail.com
Timothy,Brooks,+15637549866,timothy.brooks@gmail.com
Zachary,Stewart,+15153912250,zachary.stewart@outlook.com
Kathleen,Reed,+18599433588,kathleen.reed@outlook.com
Patricia,Allen,+13377357135,patricia.allen@hotmail.com
Frank,Mitchell,+15046417724,frank.mitchell@gmail.com
Jack,Clark,+12077993929,jack.clark@yahoo.com
Adam,Gutierrez,+13019253194,adam.gutierrez@outlook.com
Thomas,Collins,+13013573822,thomas.collins@gmail.com
Nancy,Foster,+17749825271,nancy.foster@hotmail.com
John,Patel,+18572363659,john.patel@gmail.com
Carlos,Reyes,+18575117618,carlos.reyes@yahoo.com
Dorothy,Gomez,+13139301125,dorothy.gomez@yahoo.com
Angela,White,+16519084954,angela.white@hotmail.com
Christine,Robinson,+16129794467,christine.robinson@aol.com
George,Johnson,+14064817679,george.johnson@aol.com
Alexander,Thompson,+14025176520,alexander.thompson@yahoo.com
Rebecca,Hall,+19733443764,rebecca.hall@hotmail.com
Debra,Cox,+19732765946,debra.cox@aol.com
Larry,Gutierrez,+19084823635,larry.gutierrez@yahoo.com
Elizabeth,Smith,+15053671628,elizabeth.smith@gmail.com
William,Gutierrez,+17168212651,william.gutierrez@outlook.com
Amy,Thompson,+13365005929,amy.thompson@gmail.com
Pamela,Lopez,+13369849520,pamela.lopez@yahoo.com
Jack,Richardson,+17018265611,jack.richardson@yahoo.com
Jennifer,Collins,+13306798364,jennifer.collins@yahoo.com
Raymond,Martinez,+12163212330,raymond.martinez@outlook.com
Rachel,Davis,+15137405170,rachel.davis@yahoo.com
Carmen,Ross,+12163332061,carmen.ross@gmail.com
Melissa,Johnson,+19185037979,melissa.johnson@hotmail.com
Jacob,Collins,+15418225866,jacob.collins@gmail.com
Stephen,Ramos,+12159481893,stephen.ramos@gmail.com
Heather,Brown,+14127772751,heather.brown@hotmail.com
Melissa,Johnson,+18787037937,melissa.johnson@outlook.com
Charles,Clark,+14126829617,charles.clark@hotmail.com
Anthony,Davis,+18142386214,anthony.davis@outlook.com
Donald,Hughes,+18147917668,donald.hughes@outlook.com
Heather,Price,+18438933306,heather.price@outlook.com
Peter,Gray,+18437875175,peter.gray@hotmail.com
George,Campbell,+16059623206,george.campbell@outlook.com
Gary,Moore,+16057561257,gary.moore@yahoo.com
Donald,Patel,+16052299997,donald.patel@yahoo.com
Debra,Taylor,+19016324706,debra.taylor@gmail.com
Daniel,Diaz,+14233679503,daniel.diaz@gmail.com
Jacob,Phillips,+17136176932,jacob.phillips@gmail.com
Emily,Jimenez,+18012337612,emily.jimenez@gmail.com
Patrick,Rodriguez,+18013071683,patrick.rodriguez@outlook.com
Ruth,Patel,+18025369290,ruth.patel@gmail.com
Matthew,Ruiz,+18024661958,matthew.ruiz@gmail.com
Nathan,Robinson,+18022353261,nathan.robinson@yahoo.com
Judy,Thomas,+18024672886,judy.thomas@gmail.com
Catherine,Edwards,+17577698684,catherine.edwards@gmail.com
Samuel,Walker,+17577454490,samuel.walker@hotmail.com
Heather,Rogers,+14253023692,heather.rogers@outlook.com
Brian,Young,+13043537245,brian.young@outlook.com
Frank,Jones,+16084389586,frank.jones@aol.com
Joshua,Price,+14143232500,joshua.price@yahoo.com
Donna,Reyes,+13072647559,donna.reyes@yahoo.com
Sarah,Rivera,+12568295319,sarah.rivera@gmail.com
James,Watson,+19078683329,james.watson@yahoo.com
Carmen,Foster,+16026831180,carmen.foster@yahoo.com
Douglas,Roberts,+14807358172,douglas.roberts@gmail.com
Rebecca,Johnson,+16289926204,rebecca.johnson@gmail.com
Elena,Hughes,+15109572109,elena.hughes@gmail.com
Alexander,Robinson,+13039805461,alexander.robinson@yahoo.com
Ronald,Cruz,+18608698751,ronald.cruz@aol.com
Gary,Davis,+14759801501,gary.davis@gmail.com
Carolyn,Stewart,+12039953663,carolyn.stewart@gmail.com
Ruth,Rogers,+19129527836,ruth.rogers@outlook.com
Nathan,Morales,+18082728150,nathan.morales@aol.com
Benjamin,Young,+16307117458,benjamin.young@outlook.com
Charles,Williams,+15744227846,charles.williams@aol.com
Lisa,Edwards,+15743297157,lisa.edwards@yahoo.com
Nancy,Thomas,+15749725077,nancy.thomas@outlook.com
Patricia,Gutierrez,+18592612601,patricia.gutierrez@outlook.com
Mark,Moore,+12254541294,mark.moore@hotmail.com
Elizabeth,White,+13379496039,elizabeth.white@outlook.com
Dennis,Cruz,+12074742085,dennis.cruz@hotmail.com
Jerry,Bailey,+14107329317,jerry.bailey@yahoo.com
Henry,Cook,+13015698411,henry.cook@outlook.com
John,Wright,+13012316955,john.wright@aol.com
Nicole,Castillo,+14433108262,nicole.castillo@gmail.com
Carmen,Robinson,+16179768996,carmen.robinson@yahoo.com
Mary,Ortiz,+14133041450,mary.ortiz@outlook.com
Charles,Wilson,+15173078385,charles.wilson@yahoo.com
Christine,Rivera,+12282771665,christine.rivera@yahoo.com
William,Ortiz,+16365772607,william.ortiz@outlook.com
Richard,Price,+14022693996,richard.price@outlook.com
Stephen,Wood,+19738074678,stephen.wood@aol.com
Rebecca,Robinson,+19739193453,rebecca.robinson@gmail.com
Judy,Lee,+13156693395,judy.lee@yahoo.com
Justin,Gray,+15856777374,justin.gray@outlook.com
Katherine,Bailey,+15852117932,katherine.bailey@outlook.com
Stephen,Ward,+19802848445,stephen.ward@yahoo.com
Judy,Harris,+13365528807,judy.harris@aol.com
Kenneth,Chavez,+13369576109,kenneth.chavez@yahoo.com
Kimberly,Lee,+17042654015,kimberly.lee@outlook.com
Dennis,Morris,+19806524720,dennis.morris@outlook.com
Jessica,Gray,+17013034700,jessica.gray@aol.com
Christopher,Williams,+17018838643,christopher.williams@aol.com
Sarah,Kelly,+14195877688,sarah.kelly@hotmail.com
Aaron,Cook,+13305707862,aaron.cook@aol.com
Melissa,King,+15137312124,melissa.king@gmail.com
Carol,Torres,+14057832853,carol.torres@gmail.com
Edward,Kelly,+19714613040,edward.kelly@hotmail.com
Douglas,Morales,+16108432189,douglas.morales@hotmail.com
Irene,Alvarez,+18149511521,irene.alvarez@aol.com
Irene,Rogers,+16053418333,irene.rogers@gmail.com
Carolyn,Carter,+19018632364,carolyn.carter@outlook.com
Nancy,Bennett,+19014012327,nancy.bennett@hotmail.com
Timothy,Hernandez,+18654618536,timothy.hernandez@gmail.com
Rachel,Ramirez,+14239206609,rachel.ramirez@outlook.com
Steven,Nguyen,+19156033505,steven.nguyen@yahoo.com
Helen,Williams,+15123777505,helen.williams@hotmail.com
Stephen,Nguyen,+18012782782,stephen.nguyen@gmail.com
John,Campbell,+14257838538,john.campbell@outlook.com
Angela,Campbell,+19207331008,angela.campbell@gmail.com
Michael,Robinson,+16084844939,michael.robinson@outlook.com
Mark,Jones,+14145556915,mark.jones@gmail.com
Benjamin,Harris,+19209433025,benjamin.harris@gmail.com
Larry,Smith,+18704299135,larry.smith@hotmail.com
Nathan,Lewis,+14799453647,nathan.lewis@gmail.com
Brian,Harris,+15596823686,brian.harris@outlook.com
Donald,Wilson,+13035508346,donald.wilson@gmail.com
Donna,Phillips,+13038093715,donna.phillips@hotmail.com
Emma,Gonzalez,+14752903199,emma.gonzalez@outlook.com
Michael,Taylor,+19599908804,michael.taylor@gmail.com
Anna,Hernandez,+13029574328,anna.hernandez@gmail.com
Paul,Gutierrez,+13027833628,paul.gutierrez@outlook.com
John,Martinez,+19044066543,john.martinez@outlook.com
Michelle,Baker,+17065757768,michelle.baker@outlook.com
Steven,Hall,+14048785146,steven.hall@aol.com
Sandra,Gonzalez,+12173993104,sandra.gonzalez@aol.com
John,Parker,+13315046027,john.parker@outlook.com
Jason,Price,+18129128262,jason.price@gmail.com
Carlos,Adams,+15158161035,carlos.adams@hotmail.com
Lisa,Mendoza,+18596497064,lisa.mendoza@outlook.com
Barbara,Chavez,+18593413864,barbara.chavez@outlook.com
Ruth,Murphy,+12708654804,ruth.murphy@yahoo.com
Catherine,Turner,+13188966538,catherine.turner@gmail.com
Samantha,Martin,+12077945402,samantha.martin@gmail.com
Jason,Diaz,+13012786834,jason.diaz@hotmail.com
Janet,Evans,+14103574761,janet.evans@outlook.com
Catherine,Hill,+17742697025,catherine.hill@yahoo.com
Michelle,Gutierrez,+15178748453,michelle.gutierrez@gmail.com
Stephanie,Robinson,+13136174685,stephanie.robinson@hotmail.com
Melissa,Brooks,+12189007099,melissa.brooks@yahoo.com
Jessica,Price,+12187683259,jessica.price@yahoo.com
Helen,Nguyen,+16515313016,helen.nguyen@outlook.com
Paul,Jones,+15076951750,paul.jones@gmail.com
Zachary,Lewis,+18165442256,zachary.lewis@gmail.com
Rosa,Stewart,+14067971795,rosa.stewart@gmail.com
George,Myers,+17757344633,george.myers@outlook.com
Maria,Hughes,+12123381330,maria.hughes@hotmail.com
Irene,Roberts,+17163114951,irene.roberts@hotmail.com
Christopher,Ruiz,+17163032783,christopher.ruiz@hotmail.com
Scott,Cox,+17165384437,scott.cox@yahoo.com
Jessica,Hill,+17017208950,jessica.hill@aol.com
Irene,Gonzalez,+12163074822,irene.gonzalez@yahoo.com
Kevin,Brown,+13809371220,kevin.brown@hotmail.com
Sylvia,Gray,+19185334979,sylvia.gray@aol.com
Edward,Scott,+14055466964,edward.scott@outlook.com
Amy,Gutierrez,+15033473660,amy.gutierrez@gmail.com
Rebecca,Stewart,+18144368309,rebecca.stewart@aol.com
Katherine,Williams,+12158914001,katherine.williams@yahoo.com
John,Garcia,+12154272299,john.garcia@yahoo.com
Harold,Mendoza,+14015128494,harold.mendoza@outlook.com
Andrew,Harris,+16059358996,andrew.harris@aol.com
Zachary,Kim,+16053103355,zachary.kim@aol.com
Margaret,Johnson,+17377913938,margaret.johnson@gmail.com
Kenneth,Rivera,+18323082763,kenneth.rivera@yahoo.com
Heather,Rivera,+17135393699,heather.rivera@yahoo.com
George,Clark,+17377972829,george.clark@gmail.com
Rebecca,Lee,+15128385607,rebecca.lee@yahoo.com
Nancy,Phillips,+18016137195,nancy.phillips@aol.com
Jacob,Thomas,+18013701377,jacob.thomas@outlook.com
Eric,Wood,+18012495872,eric.wood@outlook.com
Nicole,Roberts,+17576983973,nicole.roberts@aol.com
Carmen,Patel,+17572578598,carmen.patel@yahoo.com
Jacob,Howard,+14255818110,jacob.howard@outlook.com
Deborah,Kim,+13045281968,deborah.kim@outlook.com
Helen,Parker,+19204022824,helen.parker@aol.com
Ruth,Adams,+19077194456,ruth.adams@gmail.com
Emily,Hernandez,+12797177583,emily.hernandez@gmail.com
Kevin,Ward,+13034895340,kevin.ward@yahoo.com
Irene,Morgan,+13036767918,irene.morgan@hotmail.com
Rachel,Sanchez,+13028619770,rachel.sanchez@yahoo.com
Gregory,Wright,+13029902471,gregory.wright@outlook.com
Angela,Baker,+19543662983,angela.baker@hotmail.com
Heather,Reyes,+18508565876,heather.reyes@aol.com
Joseph,Cooper,+18135434131,joseph.cooper@yahoo.com
Brenda,Stewart,+19543114701,brenda.stewart@outlook.com
Nicole,Phillips,+17067803734,nicole.phillips@hotmail.com
Ashley,Watson,+19122589662,ashley.watson@outlook.com
Douglas,Cook,+17068901882,douglas.cook@yahoo.com
Deborah,Cox,+18082598647,deborah.cox@aol.com
Alexander,Price,+18085477571,alexander.price@hotmail.com
Michael,Ortiz,+12082443019,michael.ortiz@outlook.com
Carol,Morris,+14634118339,carol.morris@outlook.com
Margaret,Mitchell,+12603173582,margaret.mitchell@outlook.com
Gregory,Morales,+12606996246,gregory.morales@gmail.com
Thomas,Flores,+15742745150,thomas.flores@gmail.com
Larry,Price,+13194812637,larry.price@outlook.com
Sylvia,Thomas,+15025669158,sylvia.thomas@yahoo.com
Donald,Carter,+15026317279,donald.carter@outlook.com
Anthony,Ortiz,+18596033987,anthony.ortiz@yahoo.com
Elizabeth,Turner,+15026872420,elizabeth.turner@gmail.com
Nathan,Carter,+13013213460,nathan.carter@hotmail.com
Amanda,Gonzalez,+13019655657,amanda.gonzalez@outlook.com
Joshua,Chavez,+16176171315,joshua.chavez@yahoo.com
Nicole,Bailey,+16177893872,nicole.bailey@yahoo.com
Amanda,Price,+15174624265,amanda.price@aol.com
Jeffrey,Harris,+12185301657,jeffrey.harris@outlook.com
Richard,Parker,+18165605943,richard.parker@yahoo.com
Betty,Williams,+14175158226,betty.williams@gmail.com
Charles,Lewis,+14066857539,charles.lewis@aol.com
Michelle,Sanders,+14026061796,michelle.sanders@outlook.com
Heather,Lewis,+14025489295,heather.lewis@outlook.com
Janet,Garcia,+19734505768,janet.garcia@outlook.com
Timothy,Rodriguez,+15757607438,timothy.rodriguez@outlook.com
Cynthia,Long,+15756477455,cynthia.long@yahoo.com
Emily,Gonzalez,+15853152774,emily.gonzalez@gmail.com
Aaron,Reed,+13362469619,aaron.reed@gmail.com
Ryan,Gutierrez,+19197252612,ryan.gutierrez@aol.com
Shirley,Gutierrez,+17045049401,shirley.gutierrez@yahoo.com
Gregory,Rodriguez,+19199127390,gregory.rodriguez@gmail.com
Donna,Hill,+13305603504,donna.hill@yahoo.com
Michelle,Brooks,+19182807621,michelle.brooks@hotmail.com
Henry,White,+19184639565,henry.white@yahoo.com
Jacob,Reyes,+19184068553,jacob.reyes@gmail.com
Elena,Rogers,+19716309952,elena.rogers@gmail.com
Carolyn,Johnson,+15418548017,carolyn.johnson@outlook.com
Rosa,Reyes,+18143531732,rosa.reyes@yahoo.com
Irene,Morris,+16106791644,irene.morris@outlook.com
Melissa,Cook,+14015163343,melissa.cook@yahoo.com
Catherine,Harris,+14014464675,catherine.harris@aol.com
Henry,Bennett,+18646755730,henry.bennett@gmail.com
Donald,Mendoza,+16158555259,donald.mendoza@gmail.com
Elena,Sanders,+14699733832,elena.sanders@yahoo.com
Kathleen,Peterson,+18019746763,kathleen.peterson@aol.com
Lisa,Foster,+18023486211,lisa.foster@hotmail.com
Margaret,Diaz,+17576026226,margaret.diaz@outlook.com
Douglas,Roberts,+18048603694,douglas.roberts@yahoo.com
Larry,Martinez,+18044983114,larry.martinez@outlook.com
Betty,Myers,+13074534661,betty.myers@yahoo.com
Zachary,Lee,+16593334989,zachary.lee@gmail.com
Larry,Robinson,+13345838807,larry.robinson@gmail.com
Steven,King,+19076514951,steven.king@gmail.com
Timothy,Hughes,+14807803919,timothy.hughes@aol.com
David,Williams,+14792803033,david.williams@hotmail.com
Frank,Reyes,+12132233995,frank.reyes@yahoo.com
Jerry,Edwards,+12039034300,jerry.edwards@yahoo.com
Jerry,King,+13022621485,jerry.king@hotmail.com
Mary,Morris,+13028044481,mary.morris@yahoo.com
Brandon,Rodriguez,+18502396277,brandon.rodriguez@gmail.com
Joshua,Taylor,+18082525665,joshua.taylor@yahoo.com
Joshua,Cook,+18082096668,joshua.cook@yahoo.com
Brian,Thompson,+12083694762,brian.thompson@yahoo.com
Christopher,Stewart,+13318012712,christopher.stewart@outlook.com
Peter,Lewis,+12179322765,peter.lewis@yahoo.com
Douglas,Cook,+13314316247,douglas.cook@gmail.com
Dorothy,Ramos,+18123648534,dorothy.ramos@aol.com
Carolyn,Gomez,+14639778078,carolyn.gomez@gmail.com
Adam,Watson,+15635364172,adam.watson@hotmail.com
Yolanda,Davis,+15158408353,yolanda.davis@aol.com
Stephen,Anderson,+15022394869,stephen.anderson@hotmail.com
Scott,Scott,+18597147141,scott.scott@yahoo.com
Anna,Wood,+18596889771,anna.wood@yahoo.com
Alexander,Ross,+13373221440,alexander.ross@hotmail.com
Carol,Adams,+12256539339,carol.adams@outlook.com
George,Wood,+15046786259,george.wood@aol.com
Gregory,Jimenez,+15049019845,gregory.jimenez@outlook.com
Brenda,Foster,+15042674397,brenda.foster@outlook.com
Nathan,Taylor,+14438942264,nathan.taylor@hotmail.com
Ryan,Green,+12403658534,ryan.green@yahoo.com
Edward,Cook,+14107314225,edward.cook@aol.com
Samantha,Ross,+15083693741,samantha.ross@hotmail.com
Jason,Hall,+16174855624,jason.hall@hotmail.com
Carolyn,Smith,+16172905278,carolyn.smith@gmail.com
Melissa,Hughes,+13136878796,melissa.hughes@outlook.com
Justin,Brown,+15175039050,justin.brown@outlook.com
Cynthia,Gomez,+13138387323,cynthia.gomez@yahoo.com
Carolyn,Castillo,+16516601217,carolyn.castillo@outlook.com
Patricia,Jackson,+12183451331,patricia.jackson@gmail.com
Patrick,Jackson,+14063078791,patrick.jackson@hotmail.com
Kimberly,Hill,+19736473805,kimberly.hill@outlook.com
Jennifer,Bailey,+19083846613,jennifer.bailey@yahoo.com
Melissa,Ward,+19732786198,melissa.ward@aol.com
Laura,Flores,+19737972032,laura.flores@outlook.com
Harold,James,+16464026886,harold.james@hotmail.com
Shirley,Moore,+15855634184,shirley.moore@gmail.com
Maria,Ramos,+13157508921,maria.ramos@gmail.com
Benjamin,Ward,+19802459293,benjamin.ward@gmail.com
Andrew,Young,+19192989063,andrew.young@outlook.com
Sharon,Phillips,+19197032160,sharon.phillips@outlook.com
George,Young,+17017882119,george.young@aol.com
Christine,Flores,+13807819557,christine.flores@yahoo.com
Daniel,Allen,+19187596828,daniel.allen@gmail.com
Eric,Cooper,+14055892247,eric.cooper@gmail.com
Eric,Sanchez,+19185089968,eric.sanchez@gmail.com
Ryan,Patel,+15037696877,ryan.patel@aol.com
Frank,Anderson,+15037245591,frank.anderson@yahoo.com
Zachary,Moore,+18433071141,zachary.moore@gmail.com
Kevin,Martin,+19012809860,kevin.martin@aol.com
Anna,Flores,+18652143033,anna.flores@aol.com
Stephanie,Sanchez,+17139968888,stephanie.sanchez@outlook.com
Ronald,Phillips,+18012831683,ronald.phillips@hotmail.com
Edward,White,+18014924733,edward.white@outlook.com
Carol,Myers,+18023452774,carol.myers@yahoo.com
John,Stewart,+17575802187,john.stewart@gmail.com
Daniel,Castillo,+12532891951,daniel.castillo@gmail.com
Nathan,Ruiz,+13046055105,nathan.ruiz@outlook.com
Barbara,Ruiz,+14145386837,barbara.ruiz@gmail.com
George,Edwards,+12624525617,george.edwards@hotmail.com
Anna,Cox,+14147864286,anna.cox@outlook.com
Helen,Baker,+12514338036,helen.baker@gmail.com
Donald,Lopez,+12052169988,donald.lopez@yahoo.com
Jacob,Bailey,+15204177929,jacob.bailey@hotmail.com
Jeffrey,Johnson,+15014813674,jeffrey.johnson@aol.com
Debra,Jones,+16288718233,debra.jones@outlook.com
Jerry,Scott,+18187678125,jerry.scott@aol.com
Stephen,Morris,+13038653284,stephen.morris@gmail.com
Heather,Sanchez,+17196562227,heather.sanchez@aol.com
Kevin,Brooks,+14758211180,kevin.brooks@gmail.com
Katherine,Martinez,+12036413954,katherine.martinez@hotmail.com
Samuel,Evans,+12038868692,samuel.evans@yahoo.com
Edward,Wilson,+18606652459,edward.wilson@aol.com
Kathleen,Mitchell,+14752072168,kathleen.mitchell@outlook.com
Angela,Bailey,+12038356714,angela.bailey@gmail.com
Shirley,Phillips,+13022377673,shirley.phillips@outlook.com
Justin,Gutierrez,+14073228180,justin.gutierrez@hotmail.com
Raymond,Williams,+17863164364,raymond.williams@outlook.com
Amy,Rivera,+19042346904,amy.rivera@yahoo.com
Heather,Edwards,+17866589739,heather.edwards@gmail.com
Douglas,Clark,+13055586247,douglas.clark@outlook.com
Thomas,Gonzalez,+19123096731,thomas.gonzalez@outlook.com
Kimberly,Flores,+17065139393,kimberly.flores@outlook.com
Douglas,Ramos,+17066567629,douglas.ramos@hotmail.com
Mary,Thompson,+17066245923,mary.thompson@outlook.com
Sylvia,Gonzalez,+17065431633,sylvia.gonzalez@gmail.com
Jason,Allen,+13316099733,jason.allen@yahoo.com
Brenda,White,+16302533265,brenda.white@aol.com
Linda,Anderson,+15743433500,linda.anderson@gmail.com
Sarah,Hernandez,+15745676385,sarah.hernandez@outlook.com
Larry,Hernandez,+12607502775,larry.hernandez@yahoo.com
Brian,Kelly,+15027361169,brian.kelly@yahoo.com
Ruth,Rodriguez,+18593229704,ruth.rodriguez@hotmail.com
Brenda,Green,+18598056742,brenda.green@outlook.com
Judy,Wright,+18594508652,judy.wright@yahoo.com
Nicole,Smith,+15048602679,nicole.smith@hotmail.com
Emma,Wright,+13186196161,emma.wright@aol.com
Sandra,Murphy,+13186312264,sandra.murphy@outlook.com
Michelle,Chavez,+16176118109,michelle.chavez@outlook.com
Peter,Campbell,+16178636660,peter.campbell@aol.com
Mary,Wood,+17744362282,mary.wood@yahoo.com
Brian,Ramirez,+18578135675,brian.ramirez@gmail.com
Adam,Garcia,+15087641149,adam.garcia@yahoo.com
Richard,Long,+13136276596,richard.long@hotmail.com
Janet,Morales,+15174262724,janet.morales@outlook.com
Linda,White,+15174339530,linda.white@yahoo.com
Joseph,Parker,+12188593775,joseph.parker@aol.com
Timothy,Foster,+15076702446,timothy.foster@yahoo.com
Karen,Sanchez,+14179507161,karen.sanchez@hotmail.com
George,Gray,+14179943301,george.gray@outlook.com
Cynthia,Phillips,+14062849637,cynthia.phillips@yahoo.com
Maria,Gonzalez,+14028048900,maria.gonzalez@hotmail.com
Emily,Roberts,+19737924360,emily.roberts@gmail.com
Catherine,Kim,+15859505849,catherine.kim@gmail.com
Kathleen,Cooper,+19804263956,kathleen.cooper@outlook.com
Dorothy,Cooper,+13364847473,dorothy.cooper@aol.com
Gary,Patel,+17015995384,gary.patel@aol.com
Brandon,Murphy,+17014322976,brandon.murphy@yahoo.com
Anna,Chavez,+12163724473,anna.chavez@aol.com
Andrew,Ross,+14059121108,andrew.ross@hotmail.com
Carmen,Roberts,+19182982466,carmen.roberts@hotmail.com
Sylvia,Ortiz,+15417479606,sylvia.ortiz@gmail.com
Katherine,Sanders,+15035939630,katherine.sanders@gmail.com
Ryan,Price,+15415448289,ryan.price@outlook.com
Michelle,Wright,+12159176759,michelle.wright@gmail.com
Daniel,Carter,+18787043474,daniel.carter@aol.com
Nancy,Long,+14128478709,nancy.long@hotmail.com
Jerry,Ruiz,+18143423060,jerry.ruiz@yahoo.com
Matthew,Williams,+14019373998,matthew.williams@yahoo.com
Brandon,King,+18434082060,brandon.king@gmail.com
Scott,Myers,+18652113471,scott.myers@aol.com
Christine,Perez,+18654856400,christine.perez@outlook.com
Linda,Cook,+19015814541,linda.cook@gmail.com
Margaret,Jackson,+19014318552,margaret.jackson@yahoo.com
Charles,Parker,+18019247658,charles.parker@yahoo.com
Larry,Lopez,+18017013070,larry.lopez@aol.com
Susan,Reed,+18012945442,susan.reed@yahoo.com
Janet,Moore,+18015664791,janet.moore@yahoo.com
Sandra,Garcia,+18017459262,sandra.garcia@yahoo.com
Alexander,Roberts,+17037877022,alexander.roberts@hotmail.com
Andrew,Price,+17572856310,andrew.price@aol.com
Benjamin,Hall,+12533123323,benjamin.hall@gmail.com
Jerry,Watson,+12537975427,jerry.watson@hotmail.com
Susan,Ward,+12539608108,susan.ward@yahoo.com
Carmen,Jackson,+12532807733,carmen.jackson@yahoo.com
George,Bailey,+16086371321,george.bailey@aol.com
Jerry,Campbell,+14144339212,jerry.campbell@hotmail.com
Douglas,King,+14149167752,douglas.king@gmail.com
Karen,Wilson,+12625202309,karen.wilson@outlook.com
Larry,Robinson,+12515408945,larry.robinson@outlook.com
Maria,Ramos,+19072644530,maria.ramos@gmail.com
Shirley,Parker,+14802626408,shirley.parker@yahoo.com
Jennifer,Williams,+16024826575,jennifer.williams@outlook.com
Angela,White,+14794925965,angela.white@aol.com
Alexander,Diaz,+14797355944,alexander.diaz@yahoo.com
David,Garcia,+16694489636,david.garcia@aol.com
Nancy,Richardson,+12794032968,nancy.richardson@gmail.com
Catherine,Ramirez,+17208567017,catherine.ramirez@outlook.com
Laura,Reed,+14072847230,laura.reed@outlook.com
Andrew,Price,+19046463964,andrew.price@gmail.com
Yolanda,Garcia,+17708708109,yolanda.garcia@yahoo.com
Edward,Kelly,+18087058682,edward.kelly@aol.com
Sylvia,Ruiz,+18086795039,sylvia.ruiz@yahoo.com
Ryan,Brown,+17732201712,ryan.brown@aol.com
Jack,Wood,+12174161469,jack.wood@gmail.com
Mary,Scott,+18122626720,mary.scott@hotmail.com
Charles,Ortiz,+18126403593,charles.ortiz@yahoo.com
John,Phillips,+12603456247,john.phillips@aol.com
Rebecca,Young,+15744996762,rebecca.young@gmail.com
Robert,Martinez,+12602073161,robert.martinez@gmail.com
Carol,Peterson,+13162783429,carol.peterson@yahoo.com
Brian,Hernandez,+12709699394,brian.hernandez@hotmail.com
Jerry,Mitchell,+13182588959,jerry.mitchell@hotmail.com
Gary,Hughes,+15044519039,gary.hughes@outlook.com
Irene,Hill,+13186137615,irene.hill@gmail.com
Ashley,Diaz,+12073695614,ashley.diaz@hotmail.com
Aaron,Torres,+12405513976,aaron.torres@yahoo.com
Carlos,White,+16179278645,carlos.white@gmail.com
Lisa,King,+16176137474,lisa.king@hotmail.com
Carol,Johnson,+15177553631,carol.johnson@yahoo.com
Nicholas,Ward,+15172558818,nicholas.ward@outlook.com
Douglas,Chavez,+13138087584,douglas.chavez@yahoo.com
Amanda,Roberts,+12187717518,amanda.roberts@aol.com
Matthew,Morales,+12186974017,matthew.morales@aol.com
Eric,Davis,+16517153495,eric.davis@gmail.com
Eric,Cruz,+18168476983,eric.cruz@aol.com
Raymond,Reyes,+14175235020,raymond.reyes@aol.com
Alexander,Chavez,+14176506887,alexander.chavez@gmail.com
Nancy,Wood,+14028691568,nancy.wood@yahoo.com
Maria,Evans,+17756628629,maria.evans@gmail.com
Pamela,Mendoza,+16035838509,pamela.mendoza@hotmail.com
Irene,Price,+16033709516,irene.price@gmail.com
Debra,Watson,+19738873619,debra.watson@aol.com
Linda,Nelson,+15053963831,linda.nelson@outlook.com
Kimberly,Ortiz,+17183387572,kimberly.ortiz@yahoo.com
Elizabeth,Williams,+14057742257,elizabeth.williams@hotmail.com
Catherine,Cox,+19184681779,catherine.cox@hotmail.com
Donald,Hill,+14057825618,donald.hill@yahoo.com
Ashley,Smith,+15416974176,ashley.smith@yahoo.com
James,King,+14125175790,james.king@aol.com
Donna,Lewis,+18435616832,donna.lewis@gmail.com
William,Gomez,+18642702214,william.gomez@outlook.com
Carol,Patel,+16055217107,carol.patel@yahoo.com
Rebecca,Brown,+19017813369,rebecca.brown@aol.com
Jonathan,Baker,+14233922346,jonathan.baker@gmail.com
Ryan,Morales,+19018918274,ryan.morales@outlook.com
Steven,Ramirez,+19158044122,steven.ramirez@hotmail.com
Patricia,Watson,+12104062955,patricia.watson@aol.com
Kathleen,Sanchez,+18015115338,kathleen.sanchez@aol.com
Alexander,Long,+18013844591,alexander.long@yahoo.com
Jacob,Sanders,+18027439062,jacob.sanders@yahoo.com
Debra,Reyes,+17575566077,debra.reyes@aol.com
Daniel,Edwards,+17573655775,daniel.edwards@gmail.com
Kevin,Davis,+17039873154,kevin.davis@yahoo.com
Angela,Morris,+15094598264,angela.morris@yahoo.com
Heather,Morales,+12538503951,heather.morales@outlook.com
Emily,Perez,+13048081062,emily.perez@gmail.com
Joseph,Evans,+16084235915,joseph.evans@outlook.com
Dorothy,Wood,+13072814348,dorothy.wood@yahoo.com
Helen,Peterson,+13073375701,helen.peterson@yahoo.com
Jonathan,Cruz,+13347195310,jonathan.cruz@outlook.com
Heather,Cox,+16235363203,heather.cox@aol.com
Judy,Nguyen,+15595886555,judy.nguyen@hotmail.com
Gregory,King,+18583814769,gregory.king@hotmail.com
Barbara,Nguyen,+13108959128,barbara.nguyen@yahoo.com
Mark,Foster,+14087651553,mark.foster@outlook.com
Amy,Bennett,+14754958800,amy.bennett@gmail.com
Dennis,Gray,+12038291011,dennis.gray@aol.com
Margaret,Kelly,+14754387405,margaret.kelly@yahoo.com
Jeffrey,Torres,+18606189702,jeffrey.torres@outlook.com
Jeffrey,Anderson,+12038137988,jeffrey.anderson@gmail.com
James,Diaz,+12034287659,james.diaz@yahoo.com
Lisa,Patel,+19046575977,lisa.patel@hotmail.com
Nathan,Clark,+18139259066,nathan.clark@hotmail.com
Kathleen,Jones,+19043286050,kathleen.jones@hotmail.com
Karen,Richardson,+19047525121,karen.richardson@yahoo.com
Nancy,Diaz,+17068355689,nancy.diaz@hotmail.com
Heather,Hernandez,+12082725642,heather.hernandez@outlook.com
Jessica,Williams,+13312354689,jessica.williams@gmail.com
Charles,Rivera,+15638615392,charles.rivera@gmail.com
Yolanda,Ramirez,+12707278422,yolanda.ramirez@gmail.com
Brandon,Ramos,+18599947537,brandon.ramos@yahoo.com
Dennis,Brown,+15049854216,dennis.brown@hotmail.com
Sandra,Wood,+15079252891,sandra.wood@outlook.com
Shirley,Carter,+15079051776,shirley.carter@yahoo.com
Irene,Garcia,+16367709809,irene.garcia@hotmail.com
Donna,Morris,+13149576534,donna.morris@hotmail.com
Larry,Ross,+14062159033,larry.ross@gmail.com
Robert,Turner,+14026605062,robert.turner@gmail.com
Gary,Chavez,+16037137740,gary.chavez@hotmail.com
Anthony,Ward,+16034059666,anthony.ward@outlook.com
Jack,Rogers,+12013605180,jack.rogers@outlook.com
Dennis,Patel,+15052719213,dennis.patel@hotmail.com
Kevin,Murphy,+15759878846,kevin.murphy@yahoo.com
Anna,Anderson,+13154302489,anna.anderson@outlook.com
Patrick,Cook,+19806702518,patrick.cook@outlook.com
Christine,Walker,+19806536494,christine.walker@hotmail.com
Kevin,Jones,+13302534655,kevin.jones@gmail.com
Emma,Campbell,+19188109856,emma.campbell@aol.com
Alexander,Miller,+19183074204,alexander.miller@gmail.com
Gary,Moore,+14122905133,gary.moore@hotmail.com
James,Torres,+14012744741,james.torres@outlook.com
Katherine,Gutierrez,+16053641948,katherine.gutierrez@gmail.com
Irene,King,+19016469827,irene.king@hotmail.com
Margaret,Miller,+19019772176,margaret.miller@aol.com
Kathleen,Garcia,+19013563778,kathleen.garcia@gmail.com
Sharon,Green,+16157578040,sharon.green@gmail.com
Dorothy,Gomez,+18177091341,dorothy.gomez@yahoo.com
James,Hernandez,+12108854828,james.hernandez@hotmail.com
Jack,Stewart,+12108042849,jack.stewart@yahoo.com
Emily,Martinez,+18012314180,emily.martinez@outlook.com
Sarah,Reyes,+18012151015,sarah.reyes@outlook.com
John,James,+17577735422,john.james@yahoo.com
Ashley,Reed,+17577591847,ashley.reed@outlook.com
Barbara,Ortiz,+17034923590,barbara.ortiz@yahoo.com
Laura,Wright,+13046679934,laura.wright@gmail.com
Deborah,Peterson,+13046931096,deborah.peterson@outlook.com
Aaron,Anderson,+14148772794,aaron.anderson@outlook.com
James,Perez,+13072729947,james.perez@aol.com
Amy,Watson,+13079894374,amy.watson@gmail.com
Dennis,Jackson,+13078779495,dennis.jackson@yahoo.com
Zachary,Morales,+19075375814,zachary.morales@gmail.com
Amanda,Lopez,+14802267872,amanda.lopez@hotmail.com
Yolanda,Turner,+14807023579,yolanda.turner@aol.com
Susan,Sanchez,+14795113989,susan.sanchez@yahoo.com
Ryan,Robinson,+17196721384,ryan.robinson@yahoo.com
Ronald,Walker,+17199988143,ronald.walker@aol.com
Emma,Ruiz,+13037607673,emma.ruiz@gmail.com
Jessica,Richardson,+13034229560,jessica.richardson@outlook.com
Dennis,Collins,+18607683386,dennis.collins@hotmail.com
Barbara,Kim,+12032293340,barbara.kim@outlook.com
Donna,Moore,+13029236340,donna.moore@aol.com
Jack,Turner,+13026851576,jack.turner@yahoo.com
Kevin,Ortiz,+13025737067,kevin.ortiz@outlook.com
Jacob,Morgan,+19123869830,jacob.morgan@outlook.com
Dennis,Ward,+17065733461,dennis.ward@outlook.com
Heather,Walker,+17068024091,heather.walker@yahoo.com
Gregory,Baker,+17062448387,gregory.baker@yahoo.com
Linda,Clark,+18084857220,linda.clark@outlook.com
Joshua,Diaz,+12088448912,joshua.diaz@outlook.com
Yolanda,Baker,+16309763536,yolanda.baker@hotmail.com
Kimberly,Carter,+13124449462,kimberly.carter@outlook.com
Emily,Adams,+13197411329,emily.adams@outlook.com
Irene,Torres,+13194838663,irene.torres@yahoo.com
Amanda,Stewart,+15635796748,amanda.stewart@outlook.com
Paul,Thompson,+17859992261,paul.thompson@yahoo.com
Carolyn,Allen,+18597833400,carolyn.allen@outlook.com
Brian,Taylor,+15024778640,brian.taylor@aol.com
Deborah,Wilson,+18599611961,deborah.wilson@outlook.com
Emily,Morgan,+13182471256,emily.morgan@outlook.com
Charles,Smith,+15049753580,charles.smith@yahoo.com
Helen,James,+13015571378,helen.james@gmail.com
Matthew,Evans,+16178051216,matthew.evans@yahoo.com
Kathleen,Gutierrez,+14132791347,kathleen.gutierrez@yahoo.com
Anthony,Roberts,+15083551703,anthony.roberts@gmail.com
Timothy,Jimenez,+16168507086,timothy.jimenez@gmail.com
Jessica,Chavez,+15074313998,jessica.chavez@aol.com
Gregory,Wilson,+12287747164,gregory.wilson@outlook.com
Ronald,Smith,+18166084110,ronald.smith@gmail.com
Patricia,Patel,+14029786736,patricia.patel@gmail.com
Donald,Hughes,+14029863054,donald.hughes@outlook.com
Richard,Long,+12014928400,richard.long@gmail.com
Larry,Miller,+15753255215,larry.miller@yahoo.com
Stephanie,Clark,+15187871080,stephanie.clark@gmail.com
Anthony,Allen,+17019447683,anthony.allen@aol.com
Jacob,Young,+17012562266,jacob.young@yahoo.com
Sylvia,Roberts,+13309033946,sylvia.roberts@gmail.com
George,Morales,+15134668034,george.morales@yahoo.com
Karen,Torres,+14194893244,karen.torres@yahoo.com
Nicholas,Morgan,+15139159350,nicholas.morgan@gmail.com
Amy,Ross,+14057883213,amy.ross@gmail.com
Emily,Turner,+15035426647,emily.turner@outlook.com
Alexander,Wood,+18438956452,alexander.wood@gmail.com
Brian,Ortiz,+18647528234,brian.ortiz@gmail.com
Christine,Edwards,+16058323855,christine.edwards@yahoo.com
Joshua,Murphy,+16057926678,joshua.murphy@yahoo.com
James,Chavez,+14232618690,james.chavez@hotmail.com
David,Morris,+16159518736,david.morris@hotmail.com
Carolyn,Rogers,+18652076346,carolyn.rogers@yahoo.com
Larry,Myers,+18177411755,larry.myers@yahoo.com
Janet,Edwards,+15129473891,janet.edwards@outlook.com
James,Ward,+12108745178,james.ward@outlook.com
Samantha,Kelly,+18325452540,samantha.kelly@yahoo.com
Christopher,Phillips,+18022635810,christopher.phillips@yahoo.com
Maria,Baker,+18024336432,maria.baker@gmail.com
Matthew,Sanders,+18047108442,matthew.sanders@aol.com
Carolyn,Cruz,+17038183503,carolyn.cruz@gmail.com
Michael,Hill,+18045058646,michael.hill@gmail.com
Donald,Harris,+15093678723,donald.harris@gmail.com
Rosa,Ortiz,+12536075884,rosa.ortiz@yahoo.com
Kathleen,Davis,+12064705395,kathleen.davis@gmail.com
Kimberly,Cooper,+13047528642,kimberly.cooper@gmail.com
Sarah,Castillo,+16084217940,sarah.castillo@hotmail.com
Margaret,Reyes,+12623871050,margaret.reyes@aol.com
Carmen,Lee,+14144405720,carmen.lee@outlook.com
Justin,Johnson,+12519916695,justin.johnson@gmail.com
Susan,Murphy,+14805278408,susan.murphy@gmail.com
Susan,Richardson,+15207314792,susan.richardson@gmail.com
Samantha,Richardson,+15204853288,samantha.richardson@gmail.com
Alexander,Perez,+14795303560,alexander.perez@hotmail.com
Zachary,Robinson,+16287571130,zachary.robinson@outlook.com
Adam,Wilson,+12038867384,adam.wilson@aol.com
Susan,Thomas,+14757868478,susan.thomas@outlook.com
Tyler,Ruiz,+13025616811,tyler.ruiz@hotmail.com
Richard,Green,+13028698931,richard.green@outlook.com
Adam,Stewart,+19126998962,adam.stewart@gmail.com
John,Brooks,+19127451022,john.brooks@yahoo.com
Nathan,Harris,+12606964338,nathan.harris@aol.com
Justin,Sanders,+14634832539,justin.sanders@gmail.com
Carlos,Brooks,+17128932182,carlos.brooks@yahoo.com
Barbara,James,+13162148904,barbara.james@aol.com
Brenda,Watson,+13164006363,brenda.watson@aol.com
Christine,Davis,+18596845851,christine.davis@yahoo.com
Ronald,Moore,+15029226654,ronald.moore@hotmail.com
Jacob,Ortiz,+18596072119,jacob.ortiz@yahoo.com
Katherine,Carter,+18593997492,katherine.carter@gmail.com
Jonathan,Carter,+18598541934,jonathan.carter@gmail.com
Brenda,Long,+18599428499,brenda.long@outlook.com
Kevin,Taylor,+13013146673,kevin.taylor@hotmail.com
Edward,Mitchell,+12404704924,edward.mitchell@yahoo.com
Jeffrey,Kim,+12405348888,jeffrey.kim@yahoo.com
Rachel,Hughes,+17748877568,rachel.hughes@gmail.com
Sylvia,Martinez,+15082339963,sylvia.martinez@gmail.com
Matthew,Scott,+17745444404,matthew.scott@gmail.com
Harold,Wright,+16162366681,harold.wright@gmail.com
Kenneth,Jimenez,+15073677664,kenneth.jimenez@hotmail.com
Shirley,Ortiz,+16127575478,shirley.ortiz@aol.com
Nathan,Smith,+17697543209,nathan.smith@yahoo.com
Angela,Jones,+14175935698,angela.jones@yahoo.com
Patrick,Evans,+18162577000,patrick.evans@outlook.com
Debra,Gutierrez,+14179085462,debra.gutierrez@hotmail.com
Rebecca,Young,+14062281851,rebecca.young@yahoo.com
Henry,Diaz,+14067784285,henry.diaz@yahoo.com
Margaret,Cooper,+14024907281,margaret.cooper@outlook.com
Susan,Gonzalez,+17025217947,susan.gonzalez@yahoo.com
Harold,Campbell,+19733089228,harold.campbell@hotmail.com
Amy,Moore,+15057246687,amy.moore@gmail.com
Jeffrey,White,+17164837579,jeffrey.white@yahoo.com
Nicholas,Johnson,+17164236889,nicholas.johnson@yahoo.com
Kimberly,Wilson,+13365297247,kimberly.wilson@outlook.com
Carlos,Patel,+17044379313,carlos.patel@aol.com
Elena,Rivera,+17016841033,elena.rivera@hotmail.com
Alexander,Thompson,+16148819768,alexander.thompson@hotmail.com
Peter,Thomas,+14192887454,peter.thomas@outlook.com
Jason,Mendoza,+14059761146,jason.mendoza@gmail.com
Carmen,Davis,+15415509097,carmen.davis@gmail.com
Aaron,Rogers,+15416955447,aaron.rogers@yahoo.com
Gregory,Peterson,+15034455228,gregory.peterson@yahoo.com
Timothy,Ortiz,+15419989993,timothy.ortiz@gmail.com
Matthew,Davis,+16104354146,matthew.davis@outlook.com
Jonathan,Patel,+16109527944,jonathan.patel@hotmail.com
Yolanda,Moore,+18146551362,yolanda.moore@hotmail.com
Kenneth,Hernandez,+16105634864,kenneth.hernandez@gmail.com
Ronald,Brown,+18648192134,ronald.brown@gmail.com
Amanda,Ortiz,+18037139178,amanda.ortiz@outlook.com
Douglas,Cruz,+16058663311,douglas.cruz@outlook.com
Stephen,Torres,+16152972816,stephen.torres@gmail.com
Richard,Hall,+16827643377,richard.hall@yahoo.com
Katherine,Flores,+19157094444,katherine.flores@aol.com
Tyler,Stewart,+15122739028,tyler.stewart@outlook.com
Robert,Myers,+17377765246,robert.myers@yahoo.com
Nicholas,Edwards,+18012736349,nicholas.edwards@gmail.com
Emily,King,+18018066740,emily.king@outlook.com
Aaron,Clark,+12533816769,aaron.clark@gmail.com
Aaron,Jackson,+12066056655,aaron.jackson@yahoo.com
Thomas,Peterson,+13078456370,thomas.peterson@yahoo.com
Linda,Morgan,+13077732164,linda.morgan@aol.com
Elizabeth,Reyes,+13342677014,elizabeth.reyes@outlook.com
Gloria,Perez,+12059579157,gloria.perez@gmail.com
Helen,Ruiz,+19384446481,helen.ruiz@outlook.com
Heather,Bennett,+12796514743,heather.bennett@yahoo.com
Edward,Long,+16698259049,edward.long@outlook.com
Rachel,King,+19708844743,rachel.king@yahoo.com
Stephanie,Turner,+13033447203,stephanie.turner@outlook.com
Stephanie,Miller,+17202085482,stephanie.miller@outlook.com
Samantha,Jimenez,+14757093573,samantha.jimenez@gmail.com
Helen,Gomez,+13024512418,helen.gomez@aol.com
Karen,Alvarez,+13057853790,karen.alvarez@gmail.com
Rachel,Walker,+18136399855,rachel.walker@aol.com
Sylvia,Long,+18502048207,sylvia.long@gmail.com
Nicholas,Diaz,+19126561378,nicholas.diaz@hotmail.com
Patricia,Roberts,+12084756606,patricia.roberts@yahoo.com
Larry,Robinson,+12089475644,larry.robinson@yahoo.com
Yolanda,Young,+16303884127,yolanda.young@hotmail.com
Angela,Gutierrez,+13316198222,angela.gutierrez@outlook.com
Raymond,Johnson,+13172462319,raymond.johnson@outlook.com
Michael,Morgan,+18128487196,michael.morgan@yahoo.com
Brenda,Walker,+12605003622,brenda.walker@hotmail.com
Susan,Gray,+15027421378,susan.gray@yahoo.com
Jack,Morris,+13374388403,jack.morris@gmail.com
Samantha,Moore,+12077346052,samantha.moore@outlook.com
Scott,Morris,+18575386152,scott.morris@yahoo.com
Christine,Nelson,+15088496404,christine.nelson@outlook.com
John,Reyes,+17342183139,john.reyes@outlook.com
Ryan,Patel,+15173024974,ryan.patel@gmail.com
Elena,Parker,+15076351212,elena.parker@gmail.com
Gloria,Stewart,+16517409794,gloria.stewart@yahoo.com
Patricia,Thompson,+16017475144,patricia.thompson@hotmail.com
Larry,Robinson,+17693527078,larry.robinson@yahoo.com
Paul,James,+14024277293,paul.james@yahoo.com
Jason,Howard,+17252004771,jason.howard@hotmail.com
Amy,Morales,+17752719469,amy.morales@outlook.com
Brian,Patel,+19083805146,brian.patel@hotmail.com
John,Young,+15057066053,john.young@gmail.com
Jason,Gomez,+13157607850,jason.gomez@outlook.com
Samantha,Jimenez,+13157216957,samantha.jimenez@gmail.com
Jacob,Morales,+17165842116,jacob.morales@outlook.com
Debra,Nelson,+17166998761,debra.nelson@yahoo.com
Kevin,Collins,+19198242000,kevin.collins@gmail.com
Linda,Morris,+17019801573,linda.morris@hotmail.com
Brenda,Castillo,+12167995194,brenda.castillo@yahoo.com
Michael,Ramos,+14054112067,michael.ramos@aol.com
Emily,Morales,+14052816345,emily.morales@yahoo.com
George,Young,+14123247203,george.young@gmail.com
Angela,Martin,+16105057476,angela.martin@gmail.com
Anthony,Phillips,+18438227965,anthony.phillips@aol.com
Gary,Garcia,+18038485629,gary.garcia@yahoo.com
Samantha,Gray,+18436946512,samantha.gray@outlook.com
David,Johnson,+18032231082,david.johnson@outlook.com
Kevin,Brooks,+18655027822,kevin.brooks@outlook.com
Barbara,Anderson,+18655357052,barbara.anderson@outlook.com
Nathan,Foster,+17138732301,nathan.foster@outlook.com
Harold,Ross,+18018557730,harold.ross@outlook.com
Pamela,Allen,+18027059916,pamela.allen@yahoo.com
Kenneth,Ross,+17038629589,kenneth.ross@outlook.com
Emily,Carter,+15095505323,emily.carter@yahoo.com
Katherine,Hernandez,+13047389067,katherine.hernandez@yahoo.com
Rebecca,Torres,+14146103396,rebecca.torres@outlook.com
Susan,Long,+12624144362,susan.long@aol.com
Jacob,Allen,+12628195630,jacob.allen@aol.com
Heather,Jackson,+19209431912,heather.jackson@outlook.com
Edward,Nguyen,+13074373146,edward.nguyen@outlook.com
George,Bennett,+19384153420,george.bennett@gmail.com
Katherine,Kelly,+12052452643,katherine.kelly@hotmail.com
Katherine,Wilson,+13349261126,katherine.wilson@gmail.com
Richard,Parker,+12059282812,richard.parker@gmail.com
Rachel,Anderson,+19078144361,rachel.anderson@outlook.com
Sylvia,Scott,+18706756778,sylvia.scott@outlook.com
Joseph,Johnson,+15596093722,joseph.johnson@aol.com
Angela,Robinson,+15104177523,angela.robinson@hotmail.com
Amanda,Morales,+19704743076,amanda.morales@aol.com
Robert,Lopez,+19709868013,robert.lopez@yahoo.com
Angela,Edwards,+17209837457,angela.edwards@outlook.com
Rebecca,Lopez,+12035573749,rebecca.lopez@outlook.com
Deborah,Bennett,+13026429796,deborah.bennett@yahoo.com
Douglas,Gonzalez,+19049867833,douglas.gonzalez@outlook.com
Eric,Rogers,+17065294622,eric.rogers@yahoo.com
Timothy,Williams,+18082633415,timothy.williams@yahoo.com
Margaret,James,+12087745173,margaret.james@aol.com
Timothy,Nelson,+16306628745,timothy.nelson@yahoo.com
Robert,Campbell,+13314013233,robert.campbell@yahoo.com
Carlos,Rogers,+13316847101,carlos.rogers@outlook.com
Rachel,Howard,+15746288580,rachel.howard@hotmail.com
Robert,Hughes,+13175124200,robert.hughes@aol.com
Angela,Thomas,+15746706495,angela.thomas@yahoo.com
Eric,Miller,+17124728379,eric.miller@outlook.com
Jennifer,Gutierrez,+19136693860,jennifer.gutierrez@yahoo.com
Jonathan,Johnson,+18594928212,jonathan.johnson@gmail.com
Anthony,Williams,+12257983804,anthony.williams@hotmail.com
Angela,Rogers,+14104777009,angela.rogers@outlook.com
George,Alvarez,+15083303450,george.alvarez@aol.com
Karen,Baker,+16162314031,karen.baker@yahoo.com
Heather,Parker,+16517526153,heather.parker@yahoo.com
Christopher,Hernandez,+15072753363,christopher.hernandez@gmail.com
Maria,Nguyen,+12283199107,maria.nguyen@outlook.com
Donald,Morgan,+18168682970,donald.morgan@outlook.com
Kenneth,Rogers,+16366705908,kenneth.rogers@outlook.com
Stephen,Campbell,+17023037385,stephen.campbell@aol.com
John,Lopez,+17024384170,john.lopez@gmail.com
Gary,Roberts,+12013115587,gary.roberts@outlook.com
Maria,Nguyen,+19087547083,maria.nguyen@yahoo.com
Nathan,Taylor,+15054767156,nathan.taylor@outlook.com
Pamela,Allen,+15056469466,pamela.allen@gmail.com
Eric,Flores,+15058293539,eric.flores@gmail.com
Gary,Scott,+15058207923,gary.scott@yahoo.com
Sharon,Gonzalez,+13158384397,sharon.gonzalez@outlook.com
Carolyn,Price,+15182432792,carolyn.price@hotmail.com
Kenneth,Johnson,+13152972070,kenneth.johnson@outlook.com
Jonathan,Robinson,+13363884907,jonathan.robinson@yahoo.com
Stephanie,Harris,+19807856273,stephanie.harris@hotmail.com
Emma,Torres,+13364763516,emma.torres@yahoo.com
Jason,Cox,+19809697312,jason.cox@gmail.com
Heather,Campbell,+17042164067,heather.campbell@yahoo.com
Elizabeth,Robinson,+15132627596,elizabeth.robinson@aol.com
Mary,Bailey,+15137127513,mary.bailey@yahoo.com
Alexander,Parker,+15418658610,alexander.parker@aol.com
Ronald,Gray,+19716444017,ronald.gray@yahoo.com
Cynthia,Cruz,+15035581612,cynthia.cruz@aol.com
Shirley,Clark,+16103426501,shirley.clark@gmail.com
Patrick,Green,+14124713675,patrick.green@hotmail.com
Adam,Nelson,+14017821478,adam.nelson@outlook.com
Michelle,Myers,+14019877104,michelle.myers@outlook.com
Elizabeth,Scott,+18649126363,elizabeth.scott@gmail.com
Jacob,Lee,+18432366747,jacob.lee@outlook.com
Jonathan,Sanchez,+16159491539,jonathan.sanchez@gmail.com
Richard,Parker,+12108001021,richard.parker@aol.com
Carol,Richardson,+16826281993,carol.richardson@outlook.com
Catherine,Turner,+17576369833,catherine.turner@outlook.com
Emma,Morales,+17039077128,emma.morales@yahoo.com
Cynthia,Rogers,+17577986459,cynthia.rogers@outlook.com
Maria,Ramos,+15092201237,maria.ramos@hotmail.com
Mary,Moore,+13043576477,mary.moore@outlook.com
Jennifer,Nelson,+19208399199,jennifer.nelson@gmail.com
Michael,Gomez,+19204041732,michael.gomez@hotmail.com
Lisa,Brooks,+12053766197,lisa.brooks@gmail.com
Peter,Howard,+16592262742,peter.howard@gmail.com
Michael,Mitchell,+14807748618,michael.mitchell@gmail.com
Patrick,Evans,+15106282375,patrick.evans@yahoo.com
Samantha,Hughes,+17196756377,samantha.hughes@gmail.com
Laura,Green,+17195562603,laura.green@hotmail.com
Nicholas,Robinson,+13037844063,nicholas.robinson@gmail.com
Susan,Cook,+17863293612,susan.cook@yahoo.com
Aaron,King,+13052967400,aaron.king@outlook.com
Joseph,Thompson,+18508688890,joseph.thompson@yahoo.com
Angela,Jackson,+12085865714,angela.jackson@hotmail.com
Daniel,Miller,+13129789840,daniel.miller@hotmail.com
Matthew,Lewis,+12179192466,matthew.lewis@yahoo.com
Donna,Jones,+16305146961,donna.jones@yahoo.com
Susan,Clark,+13179251896,susan.clark@yahoo.com
Barbara,Sanders,+18593393785,barbara.sanders@aol.com
Nicholas,Green,+13377021828,nicholas.green@yahoo.com
Gary,Miller,+12074013049,gary.miller@yahoo.com
Lisa,Wilson,+12078501198,lisa.wilson@outlook.com
Barbara,Collins,+13014062992,barbara.collins@outlook.com
Henry,Cooper,+13015196167,henry.cooper@outlook.com
Helen,Ramirez,+13013394842,helen.ramirez@outlook.com
Robert,Kim,+16167423268,robert.kim@aol.com
Jack,Peterson,+13138842089,jack.peterson@gmail.com
Judy,Carter,+15177804416,judy.carter@gmail.com
Henry,Carter,+17342481727,henry.carter@aol.com
Patricia,Mitchell,+16166706057,patricia.mitchell@outlook.com
George,Cruz,+16516655126,george.cruz@gmail.com
Shirley,Adams,+18164437617,shirley.adams@outlook.com
Laura,Brown,+18169686046,laura.brown@outlook.com
Adam,Wilson,+14022233207,adam.wilson@yahoo.com
Michelle,Lee,+17029998800,michelle.lee@gmail.com
Mary,Bennett,+17025283216,mary.bennett@yahoo.com
Shirley,Ward,+19732805637,shirley.ward@outlook.com
Nicole,Gomez,+15054279554,nicole.gomez@hotmail.com
Joshua,Walker,+15059286356,joshua.walker@yahoo.com
Matthew,Miller,+16464367563,matthew.miller@yahoo.com
Christine,Perez,+15852994570,christine.perez@outlook.com
Nancy,Mitchell,+13369186606,nancy.mitchell@gmail.com
Joshua,Clark,+17043465958,joshua.clark@outlook.com
Gregory,Morris,+15133768402,gregory.morris@hotmail.com
Zachary,Miller,+15415484538,zachary.miller@hotmail.com
Janet,Flores,+15415057078,janet.flores@outlook.com
Kathleen,Ortiz,+15037344020,kathleen.ortiz@yahoo.com
Yolanda,Anderson,+12158848067,yolanda.anderson@outlook.com
Carmen,Miller,+18145024003,carmen.miller@yahoo.com
Stephen,Cook,+12157283234,stephen.cook@yahoo.com
Elizabeth,Bennett,+18037484434,elizabeth.bennett@yahoo.com
Michael,Nelson,+19019097002,michael.nelson@yahoo.com
Jessica,Nelson,+18172847788,jessica.nelson@gmail.com
Alexander,Sanchez,+12102474099,alexander.sanchez@aol.com
Rebecca,Jones,+17133913839,rebecca.jones@aol.com
Elizabeth,Castillo,+19154382921,elizabeth.castillo@gmail.com
Zachary,Nelson,+18174053072,zachary.nelson@outlook.com
Judy,Allen,+12109915036,judy.allen@gmail.com
Mary,Murphy,+18017544129,mary.murphy@yahoo.com
Donald,Morales,+18023688354,donald.morales@gmail.com
Kevin,Turner,+18028254488,kevin.turner@yahoo.com
Sandra,Perez,+15094371307,sandra.perez@gmail.com
Pamela,Jackson,+19206391965,pamela.jackson@hotmail.com
Brandon,Cruz,+12628218068,brandon.cruz@outlook.com
Larry,Davis,+19208322014,larry.davis@outlook.com
Harold,Harris,+13073331424,harold.harris@gmail.com
Jerry,Alvarez,+13077841183,jerry.alvarez@hotmail.com
Pamela,Garcia,+13344536907,pamela.garcia@outlook.com
Deborah,Rogers,+19073512869,deborah.rogers@outlook.com
Katherine,Anderson,+14807218969,katherine.anderson@yahoo.com
Ronald,Diaz,+14803179748,ronald.diaz@hotmail.com
Ronald,Harris,+16233291062,ronald.harris@outlook.com
Nicole,Jones,+16238137165,nicole.jones@outlook.com
Paul,Lee,+15012152667,paul.lee@hotmail.com
Paul,Brooks,+14792736207,paul.brooks@outlook.com
Kevin,Richardson,+12138193187,kevin.richardson@yahoo.com
George,Green,+18186798727,george.green@gmail.com
Rachel,Ross,+14089894963,rachel.ross@outlook.com
Donald,Campbell,+13236817172,donald.campbell@yahoo.com
Jeffrey,Hughes,+13035759864,jeffrey.hughes@hotmail.com
Kenneth,Turner,+17199092590,kenneth.turner@hotmail.com
Joshua,Baker,+12034231435,joshua.baker@outlook.com
Karen,Lewis,+12039276144,karen.lewis@outlook.com
Heather,Murphy,+19125067796,heather.murphy@yahoo.com
Ronald,Flores,+18087328615,ronald.flores@gmail.com
Jessica,Nguyen,+12086842706,jessica.nguyen@gmail.com
Kevin,Watson,+12084574485,kevin.watson@outlook.com
Jerry,Young,+13317732509,jerry.young@outlook.com
Cynthia,Jackson,+18128312180,cynthia.jackson@hotmail.com
Tyler,Cruz,+14637624891,tyler.cruz@yahoo.com
Jason,Lee,+12604937745,jason.lee@gmail.com
Andrew,Anderson,+15634429693,andrew.anderson@yahoo.com
Henry,Allen,+19135491149,henry.allen@outlook.com
Sylvia,Brown,+15029848216,sylvia.brown@hotmail.com
Kenneth,Morales,+12257986071,kenneth.morales@yahoo.com
Matthew,Johnson,+15048653441,matthew.johnson@gmail.com
Charles,Peterson,+12078984469,charles.peterson@yahoo.com
Patrick,Harris,+14432642095,patrick.harris@yahoo.com
Christopher,Campbell,+12406501884,christopher.campbell@outlook.com
Elena,Murphy,+12408542805,elena.murphy@outlook.com
Christopher,Scott,+15176658670,christopher.scott@yahoo.com
Matthew,Young,+16162632065,matthew.young@outlook.com
Edward,Jackson,+12187642906,edward.jackson@aol.com
Kathleen,Gonzalez,+12286796286,kathleen.gonzalez@gmail.com
Samuel,Baker,+12283194187,samuel.baker@outlook.com
Jason,Castillo,+18167134111,jason.castillo@outlook.com
Adam,Cook,+13147953331,adam.cook@outlook.com
Larry,Allen,+14062712375,larry.allen@gmail.com
Benjamin,Nelson,+19736786494,benjamin.nelson@aol.com
Jennifer,Reed,+19733962543,jennifer.reed@outlook.com
Patricia,Wright,+19194472559,patricia.wright@yahoo.com
Nathan,Alvarez,+19196095105,nathan.alvarez@hotmail.com
Amy,Cox,+19193667701,amy.cox@aol.com
Henry,Wright,+19198505469,henry.wright@aol.com
Carolyn,Ramos,+19198376686,carolyn.ramos@aol.com
Maria,Cox,+17012618397,maria.cox@yahoo.com
Jerry,Howard,+16145998760,jerry.howard@outlook.com
Sylvia,Bennett,+15135308043,sylvia.bennett@yahoo.com
John,Lee,+13809098146,john.lee@yahoo.com
Jessica,Sanders,+15138842312,jessica.sanders@outlook.com
Sharon,Nelson,+15416272940,sharon.nelson@aol.com
Susan,Green,+19713929809,susan.green@yahoo.com
James,Foster,+15413538568,james.foster@hotmail.com
Nancy,Walker,+15414218583,nancy.walker@gmail.com
Michelle,Ross,+15032048368,michelle.ross@gmail.com
Anna,Baker,+15417509362,anna.baker@yahoo.com
Jacob,Cooper,+15038255926,jacob.cooper@gmail.com
Benjamin,Walker,+16104526048,benjamin.walker@hotmail.com
Tyler,Foster,+14013403441,tyler.foster@aol.com
Angela,Cox,+18439557771,angela.cox@yahoo.com
Peter,Adams,+18037103246,peter.adams@gmail.com
Douglas,Jones,+14235008142,douglas.jones@outlook.com
Joshua,Lee,+14233043781,joshua.lee@outlook.com
Dennis,Peterson,+19015932636,dennis.peterson@outlook.com
George,White,+16823231857,george.white@outlook.com
Sylvia,Ward,+19154644866,sylvia.ward@outlook.com
Jason,Morris,+18012751436,jason.morris@aol.com
Gregory,Flores,+18013927539,gregory.flores@hotmail.com
Deborah,Diaz,+17577767295,deborah.diaz@yahoo.com
Deborah,Wilson,+17034888912,deborah.wilson@yahoo.com
Jennifer,Brown,+17572215450,jennifer.brown@gmail.com
Amanda,Watson,+12534668858,amanda.watson@gmail.com
Samuel,Scott,+14256455960,samuel.scott@gmail.com
Raymond,Gutierrez,+12518386142,raymond.gutierrez@outlook.com
Linda,Roberts,+14803985168,linda.roberts@aol.com
Henry,Patel,+14804172821,henry.patel@gmail.com
Rachel,Evans,+17198896550,rachel.evans@hotmail.com
Larry,Gray,+18508143458,larry.gray@aol.com
Zachary,Ruiz,+14073878389,zachary.ruiz@aol.com
Nathan,Cox,+18508306350,nathan.cox@yahoo.com
Jennifer,Cooper,+19123921472,jennifer.cooper@aol.com
Katherine,Harris,+18089523982,katherine.harris@outlook.com
Donna,Collins,+18084126490,donna.collins@yahoo.com
Ryan,Ross,+15745708838,ryan.ross@outlook.com
Angela,Bennett,+13195586135,angela.bennett@yahoo.com
Patricia,Alvarez,+19133651932,patricia.alvarez@hotmail.com
Michael,Murphy,+13376339462,michael.murphy@gmail.com
John,Ruiz,+13016835478,john.ruiz@hotmail.com
Carmen,Gray,+13015657947,carmen.gray@gmail.com
Kathleen,Jones,+16172904254,kathleen.jones@aol.com
Emily,Jones,+15073061081,emily.jones@aol.com
Jonathan,Allen,+14175761877,jonathan.allen@hotmail.com
Karen,Hall,+18162423816,karen.hall@yahoo.com
Margaret,Carter,+17022507687,margaret.carter@hotmail.com
Henry,Gutierrez,+17755943803,henry.gutierrez@outlook.com
Catherine,Miller,+17164095945,catherine.miller@outlook.com
Christopher,Miller,+12166037057,christopher.miller@yahoo.com
Nicole,Ramos,+16145361809,nicole.ramos@aol.com
Emily,Cox,+15133217047,emily.cox@aol.com
Amanda,Sanchez,+15134099635,amanda.sanchez@aol.com
Jason,Ross,+13305681128,jason.ross@hotmail.com
Raymond,Alvarez,+14013754504,raymond.alvarez@yahoo.com
Eric,Hall,+18642978571,eric.hall@outlook.com
Irene,Lee,+16052349005,irene.lee@outlook.com
Karen,Rogers,+12105728549,karen.rogers@aol.com
Justin,Smith,+18014265719,justin.smith@aol.com
Dennis,Scott,+12538781330,dennis.scott@yahoo.com
Lisa,Smith,+13042914767,lisa.smith@gmail.com
Kenneth,Ward,+12626988425,kenneth.ward@yahoo.com
Rachel,Lee,+19204623647,rachel.lee@yahoo.com
William,Wilson,+13074734974,william.wilson@aol.com
Elizabeth,Rogers,+14806247741,elizabeth.rogers@hotmail.com
Carlos,Rogers,+16024712059,carlos.rogers@yahoo.com
Timothy,Scott,+18704822605,timothy.scott@outlook.com
Charles,Adams,+18606116786,charles.adams@aol.com
Justin,Howard,+13024706077,justin.howard@gmail.com
George,Collins,+17069822097,george.collins@outlook.com
Donna,Martinez,+19128505691,donna.martinez@outlook.com
Maria,Wright,+18085828454,maria.wright@aol.com
Nicole,Nelson,+15746674485,nicole.nelson@outlook.com
Matthew,Long,+12703617718,matthew.long@gmail.com
Helen,Bennett,+18593595842,helen.bennett@yahoo.com
Adam,Cooper,+12255802293,adam.cooper@aol.com
Jeffrey,Cruz,+13012322531,jeffrey.cruz@gmail.com
Pamela,Watson,+18575011807,pamela.watson@gmail.com
Raymond,Kelly,+15178175187,raymond.kelly@gmail.com
Jacob,Brown,+16126022639,jacob.brown@gmail.com
Kevin,Ramirez,+12283923115,kevin.ramirez@outlook.com
Ruth,Torres,+16017385973,ruth.torres@aol.com
Tyler,Hughes,+12288596697,tyler.hughes@aol.com
Robert,Parker,+14027489766,robert.parker@outlook.com
Sharon,Gray,+14022039384,sharon.gray@outlook.com
Justin,Nelson,+16037802400,justin.nelson@yahoo.com
Patricia,Perez,+19087352304,patricia.perez@outlook.com
Sylvia,Carter,+13369301166,sylvia.carter@yahoo.com
Cynthia,Sanchez,+13366945059,cynthia.sanchez@yahoo.com
Kevin,Foster,+14052109492,kevin.foster@yahoo.com
Rebecca,Wood,+19186246434,rebecca.wood@hotmail.com
Anthony,Scott,+15418909398,anthony.scott@gmail.com
Amy,Murphy,+15039193056,amy.murphy@hotmail.com
Gregory,King,+15033838876,gregory.king@aol.com
Douglas,Mitchell,+14014625030,douglas.mitchell@outlook.com
Jerry,Long,+18648404665,jerry.long@hotmail.com
Stephanie,Mitchell,+18433006343,stephanie.mitchell@gmail.com
Catherine,Howard,+16052914588,catherine.howard@hotmail.com
Kathleen,Brown,+16158182106,kathleen.brown@hotmail.com
Ruth,Davis,+16154235668,ruth.davis@yahoo.com
Judy,Stewart,+18659982908,judy.stewart@outlook.com
Thomas,Young,+18324048768,thomas.young@yahoo.com
Robert,Nelson,+18019253427,robert.nelson@yahoo.com
Jerry,Campbell,+18012819764,jerry.campbell@aol.com
Donna,Baker,+18015414990,donna.baker@yahoo.com
Frank,Price,+12066163260,frank.price@outlook.com
Irene,Jones,+13046721357,irene.jones@aol.com
Sylvia,Miller,+13045763076,sylvia.miller@hotmail.com
Kevin,Jackson,+12566975822,kevin.jackson@outlook.com
Sarah,Reyes,+19075303164,sarah.reyes@gmail.com
Joseph,Morris,+16028005562,joseph.morris@outlook.com
Brian,Ramirez,+17195775773,brian.ramirez@aol.com
Helen,Smith,+12038404778,helen.smith@outlook.com
Angela,Ward,+12033631029,angela.ward@gmail.com
Nathan,Mitchell,+18509486585,nathan.mitchell@hotmail.com
Eric,Jones,+13052171552,eric.jones@hotmail.com
Rosa,Ruiz,+18502892133,rosa.ruiz@outlook.com
Michael,Gutierrez,+16896531724,michael.gutierrez@gmail.com
Eric,Watson,+17705328263,eric.watson@hotmail.com
Samuel,Kelly,+17064761508,samuel.kelly@hotmail.com
Jonathan,Martin,+19122829160,jonathan.martin@hotmail.com
Emma,Castillo,+18724378108,emma.castillo@yahoo.com
Larry,Lewis,+12608216648,larry.lewis@yahoo.com
Irene,Cox,+12606737829,irene.cox@aol.com
Janet,Reed,+12608924425,janet.reed@outlook.com
Jerry,Wright,+13194198762,jerry.wright@gmail.com
Patricia,Price,+13169686513,patricia.price@aol.com
Gregory,Torres,+16178623214,gregory.torres@gmail.com
Jason,Ross,+16123986498,jason.ross@hotmail.com
Christine,Lee,+16124572462,christine.lee@gmail.com
George,Green,+14177447698,george.green@outlook.com
Ronald,Rogers,+13148118098,ronald.rogers@outlook.com
Christine,Hernandez,+14022623886,christine.hernandez@gmail.com
Christopher,Martinez,+17022154367,christopher.martinez@outlook.com
Gregory,Martinez,+16038523437,gregory.martinez@hotmail.com
Frank,Watson,+16037278515,frank.watson@outlook.com
Laura,Morgan,+19087067295,laura.morgan@gmail.com
Ruth,Jimenez,+19083763271,ruth.jimenez@yahoo.com
Aaron,Jackson,+14195401362,aaron.jackson@outlook.com
Cynthia,Bennett,+14054428875,cynthia.bennett@gmail.com
Christopher,Hall,+19183044026,christopher.hall@outlook.com
Douglas,Torres,+19182131316,douglas.torres@aol.com
Cynthia,Richardson,+14056205394,cynthia.richardson@outlook.com
Anthony,Sanders,+15416634062,anthony.sanders@aol.com
Gary,Green,+16108626578,gary.green@aol.com
Jerry,Foster,+14123421239,jerry.foster@aol.com
Kenneth,Peterson,+12155851353,kenneth.peterson@outlook.com
Raymond,Sanders,+18644856237,raymond.sanders@hotmail.com
Sandra,Myers,+16158772060,sandra.myers@aol.com
Donald,Moore,+18013905557,donald.moore@hotmail.com
Aaron,Long,+16596376173,aaron.long@aol.com
Alexander,Jones,+14803073676,alexander.jones@yahoo.com
Aaron,Sanders,+12793898825,aaron.sanders@hotmail.com
Matthew,Jimenez,+14159064429,matthew.jimenez@outlook.com
Melissa,Reed,+17192476226,melissa.reed@gmail.com
Larry,Long,+12033998278,larry.long@yahoo.com
Emily,Gray,+13055318461,emily.gray@hotmail.com
Sarah,White,+14078686482,sarah.white@gmail.com
Patrick,Price,+17063075516,patrick.price@aol.com
Patrick,Anderson,+18128706950,patrick.anderson@yahoo.com
Ryan,Morris,+19133473148,ryan.morris@yahoo.com
Dennis,Watson,+13168275962,dennis.watson@aol.com
Sandra,Peterson,+15024689738,sandra.peterson@outlook.com
Douglas,Flores,+18596595094,douglas.flores@outlook.com
Charles,Turner,+12253263882,charles.turner@outlook.com
Gary,Murphy,+12073086401,gary.murphy@yahoo.com
Zachary,Cox,+18574996075,zachary.cox@aol.com
Henry,Baker,+14135081107,henry.baker@yahoo.com
Charles,Foster,+17744402379,charles.foster@yahoo.com
Kimberly,Evans,+15074881299,kimberly.evans@yahoo.com
Brian,Wood,+19739711606,brian.wood@aol.com
Lisa,Wilson,+13363693436,lisa.wilson@gmail.com
Jerry,James,+13304246542,jerry.james@gmail.com
James,Foster,+19714978541,james.foster@outlook.com
Shirley,Anderson,+15032618227,shirley.anderson@hotmail.com
Ryan,Carter,+15414535148,ryan.carter@gmail.com
Betty,Brooks,+15035195027,betty.brooks@gmail.com
Michael,Watson,+18145594816,michael.watson@aol.com
Nicholas,Morales,+16105642021,nicholas.morales@gmail.com
Carmen,Wright,+18435756546,carmen.wright@aol.com
Elizabeth,Jackson,+18018628042,elizabeth.jackson@gmail.com
Carolyn,Rogers,+17577085679,carolyn.rogers@yahoo.com
Aaron,Morales,+14259249330,aaron.morales@yahoo.com
Michelle,Mendoza,+19205161249,michelle.mendoza@outlook.com
Frank,Ruiz,+16089418643,frank.ruiz@aol.com
Frank,Hernandez,+13345289617,frank.hernandez@aol.com
Jennifer,Harris,+19076816541,jennifer.harris@outlook.com
Aaron,Baker,+19075877029,aaron.baker@yahoo.com
Gregory,Ross,+14803192771,gregory.ross@aol.com
Scott,Thomas,+15018486064,scott.thomas@hotmail.com
Raymond,Brooks,+15109856579,raymond.brooks@yahoo.com
Shirley,Collins,+13039197470,shirley.collins@hotmail.com
Margaret,Perez,+19706075990,margaret.perez@aol.com
Gregory,Hall,+18502354111,gregory.hall@yahoo.com
Rebecca,Price,+14078815451,rebecca.price@outlook.com
Maria,Patel,+17068901377,maria.patel@yahoo.com
Angela,Alvarez,+17063435204,angela.alvarez@gmail.com
Elena,Moore,+18084147714,elena.moore@yahoo.com
Samantha,Ward,+12176615357,samantha.ward@gmail.com
Brandon,Myers,+19137152942,brandon.myers@aol.com
Brandon,Green,+12259723067,brandon.green@gmail.com
Joseph,Ortiz,+12259194062,joseph.ortiz@hotmail.com
Alexander,Wright,+12403654601,alexander.wright@aol.com
Debra,Hill,+16176103993,debra.hill@outlook.com
Brenda,Rivera,+15173395431,brenda.rivera@outlook.com
Jacob,Hall,+12182061128,jacob.hall@aol.com
Kimberly,Evans,+12188203854,kimberly.evans@yahoo.com
Anna,Carter,+14068792943,anna.carter@yahoo.com
Mary,Gomez,+19732948146,mary.gomez@yahoo.com
Larry,Wright,+19086485336,larry.wright@outlook.com
Gloria,Gutierrez,+17017884833,gloria.gutierrez@gmail.com
Donna,Gutierrez,+14055146580,donna.gutierrez@yahoo.com
Douglas,Thompson,+12154421615,douglas.thompson@yahoo.com
Gloria,Wilson,+18017634295,gloria.wilson@aol.com
Shirley,Flores,+17039872728,shirley.flores@outlook.com
Alexander,Bennett,+17577772675,alexander.bennett@hotmail.com
Deborah,Gonzalez,+13043633222,deborah.gonzalez@yahoo.com
Dorothy,Davis,+12625922533,dorothy.davis@hotmail.com
